userId,drugName,condition,review,rating,date,usefulCount,combined_text
100974,Plecanatide,chronic idiopathic constipation,suffering 2 year bloating using miralax work slowly every day dr say try within 10 min bathroom 2 hour cleaning system bloating abdominal pain took second dose today thing 10 min rolling thunder started stomach cleaned everything try day ask dr far pain feel like f18 fighter sound going thru stomach hour taking thanks goodness tried work home lol,7.0,"August 23, 2017",22,chronic idiopathic constipation suffering 2 year bloating using miralax work slowly every day dr say try within 10 min bathroom 2 hour cleaning system bloating abdominal pain took second dose today thing 10 min rolling thunder started stomach cleaned everything try day ask dr far pain feel like f18 fighter sound going thru stomach hour taking thanks goodness tried work home lol
12636,Cyclosporine,keratoconjunctivitis sicca,using approximately 2 year worried made eye much worse gotten done reading review complete opposite others therefore read list possible likely side effect experiencing every one symptom every time use medicine today used restasis went venturing family hour right eye began secrete yelowish thick fluid burn worse ever also started swell far corner eye went local emergency room informed conjunctivitis right eye use antibiotic pain med,1.0,"April 12, 2015",31,keratoconjunctivitis sicca using approximately 2 year worried made eye much worse gotten done reading review complete opposite others therefore read list possible likely side effect experiencing every one symptom every time use medicine today used restasis went venturing family hour right eye began secrete yelowish thick fluid burn worse ever also started swell far corner eye went local emergency room informed conjunctivitis right eye use antibiotic pain med
200864,Ergotamine,migraine,medication ergotamine thing ever stopped migraine visual disturbance stage used take cafergot took forever eaten ergomar dissolve tongue work fast best thing ever classic migraine,9.0,"January 15, 2009",8,migraine medication ergotamine thing ever stopped migraine visual disturbance stage used take cafergot took forever eaten ergomar dissolve tongue work fast best thing ever classic migraine
134763,Reglan,migraine,jim ive migraine 60 year currently frequent debilitating past im anomaly migraine age 77 doctor prescribed reglan pill 6 hour dos sometimes help sometime goto med use dont want others sometimes suspect high dos given quickly cause problem maybe doctor stroke specialist also migraine may better informed prescribing high dose quick injection emergency room area wouldnt let someone take even heart attack remember 50 doc bottom 12 class dont know doc,8.0,"May 8, 2017",6,migraine jim ive migraine 60 year currently frequent debilitating past im anomaly migraine age 77 doctor prescribed reglan pill 6 hour dos sometimes help sometime goto med use dont want others sometimes suspect high dos given quickly cause problem maybe doctor stroke specialist also migraine may better informed prescribing high dose quick injection emergency room area wouldnt let someone take even heart attack remember 50 doc bottom 12 class dont know doc
89889,Risperdal,schizophrenia,risperdal made life manageable suffer ptsd schizophrenia primarily thought disorder although hallucinated heard voice used scream sleep thought everyone trying kill started risperdal terrifying thought stopped behavior returned normal take risperdal combination gabapentin zoloft good job good relationship friend family coworkers downside drug weight gain gained lot weight first two year started taking risperdal important note since lost good bit weight gained,8.0,"August 16, 2017",7,schizophrenia risperdal made life manageable suffer ptsd schizophrenia primarily thought disorder although hallucinated heard voice used scream sleep thought everyone trying kill started risperdal terrifying thought stopped behavior returned normal take risperdal combination gabapentin zoloft good job good relationship friend family coworkers downside drug weight gain gained lot weight first two year started taking risperdal important note since lost good bit weight gained
165466,Levonorgestrel,birth control,mirena best decision ever made trying different birth control method depo 2 year switched pill realized forgetful problem sensitivity estrogen therefore led long haul contraceptive done progesterone bc stay child free young college life mirena seemed good option got inserted 18 im 21 im still absolute love mirena insertion painful gon na lie period light like tiny amount show toilet paper sorry best way describe experience pm symptom like week 2 leading like fake uterine lining period yes thats expect definitely go,10.0,"June 1, 2017",2,birth control mirena best decision ever made trying different birth control method depo 2 year switched pill realized forgetful problem sensitivity estrogen therefore led long haul contraceptive done progesterone bc stay child free young college life mirena seemed good option got inserted 18 im 21 im still absolute love mirena insertion painful gon na lie period light like tiny amount show toilet paper sorry best way describe experience pm symptom like week 2 leading like fake uterine lining period yes thats expect definitely go
228106,Etonogestrel,birth control,pleased implanon research getting mine decided everythingincluding oral contraceptiveshave risk worth got implanon september 2009 insertion hurt use local anesthetic lidocaine numb area first thats hurt didnt actually feel insertion irregular bleeding cycle month half since nothing july 2010 pleased result dont worry keeping daily monthly option dont period pregnant whole point tell anyone listen great implanon,10.0,"July 6, 2010",29,birth control pleased implanon research getting mine decided everythingincluding oral contraceptiveshave risk worth got implanon september 2009 insertion hurt use local anesthetic lidocaine numb area first thats hurt didnt actually feel insertion irregular bleeding cycle month half since nothing july 2010 pleased result dont worry keeping daily monthly option dont period pregnant whole point tell anyone listen great implanon
216739,Rosuvastatin,high cholesterol,year taking crestor worked fine intended purpose suddenly developed severe case sciatica couldnt stand sit walk lie activity without terrible pain back left leg tested everything including mri using novocaine pain killer nothing helped 5 month constant pain doctor suggested discontinuing crestor pain completely gone within week come find sciatic nerve passed piriformis muscle instead around like people crestor caused toxicity piriformis muscle caused squeeze sciatic nerve continuously causing continuous pain,3.0,"December 11, 2016",75,high cholesterol year taking crestor worked fine intended purpose suddenly developed severe case sciatica couldnt stand sit walk lie activity without terrible pain back left leg tested everything including mri using novocaine pain killer nothing helped 5 month constant pain doctor suggested discontinuing crestor pain completely gone within week come find sciatic nerve passed piriformis muscle instead around like people crestor caused toxicity piriformis muscle caused squeeze sciatic nerve continuously causing continuous pain
149334,Mirena,abnormal uterine bleeding,mirena inserted september 2 heavy cycle lasted 8 day getting mirena period much lighter ultra tampon overnight pad time cycle 5 day first day enough super tampon spot rest day nothing insertion horrible uterus really high kind hidden behind whats called gspot would go cycle side effect breast tenderness constantly acne still love,8.0,"December 17, 2014",30,abnormal uterine bleeding mirena inserted september 2 heavy cycle lasted 8 day getting mirena period much lighter ultra tampon overnight pad time cycle 5 day first day enough super tampon spot rest day nothing insertion horrible uterus really high kind hidden behind whats called gspot would go cycle side effect breast tenderness constantly acne still love
187980,Cholestyramine,irritable bowel syndrome,worked extremely well happy many seem problem taking gritty insoluble product mix gatorade using frother device used froth milk coffee drink disperses clumping grittiness minimal found mine amazon considering immersion blender hope help,10.0,"April 15, 2016",42,irritable bowel syndrome worked extremely well happy many seem problem taking gritty insoluble product mix gatorade using frother device used froth milk coffee drink disperses clumping grittiness minimal found mine amazon considering immersion blender hope help
142881,Etonogestrel,birth control,birth control highly effective ie period effective control getting pregnant gotten ton side effect worth firstly month getting starting getting chin hair gradually gotten worse past six month like mild beard hair embarrassing complete blow selfesteem also developed ingrown hair go along scar wont go away secondly gotten absolute worst acne lastly gained 30 lb immediately getting implant diet fairly healthy also active reason gain weight except nexplanon,5.0,"September 14, 2017",2,birth control birth control highly effective ie period effective control getting pregnant gotten ton side effect worth firstly month getting starting getting chin hair gradually gotten worse past six month like mild beard hair embarrassing complete blow selfesteem also developed ingrown hair go along scar wont go away secondly gotten absolute worst acne lastly gained 30 lb immediately getting implant diet fairly healthy also active reason gain weight except nexplanon
204462,BuSpar,anxiety,im week 7 thought would wait effect kicked write review regarding side effect mild nausea lethargy short taking medication nothing avoid taking pill result mild notice difference speak clearly confident people overall less anxious one big thing constant worry health subsided 31 live healthy life bit get stomach ache think colon cancer thought laugh recommend taking 8 star cure,8.0,"December 4, 2014",289,anxiety im week 7 thought would wait effect kicked write review regarding side effect mild nausea lethargy short taking medication nothing avoid taking pill result mild notice difference speak clearly confident people overall less anxious one big thing constant worry health subsided 31 live healthy life bit get stomach ache think colon cancer thought laugh recommend taking 8 star cure
139002,Phentermine,weight loss,second time ive used phentermine 3rd child used drop 20 pound 3 year later gained 10 pound used definitely work especially exercise take easy heart rate seem faster drink ton water drink 4 5 bottle water day take phentermine lost almost 15 pound 2 month time ive working 2 time week lifting light weight 30 minute cardio week great product,10.0,"July 16, 2009",5,weight loss second time ive used phentermine 3rd child used drop 20 pound 3 year later gained 10 pound used definitely work especially exercise take easy heart rate seem faster drink ton water drink 4 5 bottle water day take phentermine lost almost 15 pound 2 month time ive working 2 time week lifting light weight 30 minute cardio week great product
155551,Metronidazole,dental abscess,insomnia really troubling side effect slight metallic taste mouth around day 3 gone 24 hr mild diarrhea stomach bit acidic usual nothing couldnt deal always took full meal alcohol even mouthwash alcohol much med pharmacist took gatorade help bad taste gentle body med found caffeine nsaid ibuprofen aspirin naproxen etc anything harsh stomach work best drink alcohol med even 1 drink already tried 1 course penicillin 1 course amoxicillin med neither worked 6 day jaw pain swelling gone,9.0,"July 6, 2014",48,dental abscess insomnia really troubling side effect slight metallic taste mouth around day 3 gone 24 hr mild diarrhea stomach bit acidic usual nothing couldnt deal always took full meal alcohol even mouthwash alcohol much med pharmacist took gatorade help bad taste gentle body med found caffeine nsaid ibuprofen aspirin naproxen etc anything harsh stomach work best drink alcohol med even 1 drink already tried 1 course penicillin 1 course amoxicillin med neither worked 6 day jaw pain swelling gone
106392,Implanon,birth control,got bar almost exactly year ago gain 20lbs dont get wrong love period dont want gain weight wouldnt recommend,6.0,"July 18, 2016",6,birth control got bar almost exactly year ago gain 20lbs dont get wrong love period dont want gain weight wouldnt recommend
5835,Opana,pain,taking opana 4 year best medicine ever taken folded neck atv accident failed 4 level fusion steel plate 4 bolt 14 3 disc removed also 5 deteriorated disc two spinal surgery since first one increase dose 40mg every 12 hour 6 ir 10mg day since pink 10 irs market white generic 10 irs take empty stomach best result one patient previous comment trying get nerve ask doc reduce dosage would say really hand reduce really think dont need,10.0,"January 13, 2013",79,pain taking opana 4 year best medicine ever taken folded neck atv accident failed 4 level fusion steel plate 4 bolt 14 3 disc removed also 5 deteriorated disc two spinal surgery since first one increase dose 40mg every 12 hour 6 ir 10mg day since pink 10 irs market white generic 10 irs take empty stomach best result one patient previous comment trying get nerve ask doc reduce dosage would say really hand reduce really think dont need
111404,Ledipasvir / sofosbuvir,hepatitis c,63 year old shared needle 1975 never symptom aware could im getting older narvoni 2 week 3 mild headache lasting minute increased appetite im 5 foot 11 weigh 130 lb positive basically side effect non existent,10.0,"September 30, 2015",28,hepatitis c 63 year old shared needle 1975 never symptom aware could im getting older narvoni 2 week 3 mild headache lasting minute increased appetite im 5 foot 11 weigh 130 lb positive basically side effect non existent
137952,Ortho Evra,birth control,patch 4 year baby done job matter never issue skin irritation patch applied first started patch worse acne life face couple week boob definitely got bigger sensitive noticed close noticed experiencing bad mood swing lately super emotional almost last 6 month patch thing narrow anyone else reaction long,5.0,"April 4, 2016",11,birth control patch 4 year baby done job matter never issue skin irritation patch applied first started patch worse acne life face couple week boob definitely got bigger sensitive noticed close noticed experiencing bad mood swing lately super emotional almost last 6 month patch thing narrow anyone else reaction long
13634,Amphetamine / dextroamphetamine,adhd,suffer add take 30mg twice day work well however sometimes get wicked headache frontaltemple area sure side effect adderall going see doctor week talk also notice sometimes feel really sleepy take dose,9.0,"March 15, 2012",13,adhd suffer add take 30mg twice day work well however sometimes get wicked headache frontaltemple area sure side effect adderall going see doctor week talk also notice sometimes feel really sleepy take dose
49922,Gabapentin,hot flashes,drug amazing unable sleep two hour time year within two day taking pill hot flash gone feel fantastic experienced side effect,10.0,"December 10, 2015",33,hot flashes drug amazing unable sleep two hour time year within two day taking pill hot flash gone feel fantastic experienced side effect
9757,Lo Loestrin Fe,birth control,im 22 started pill exactly month ago im start 2nd pack evening bled month long last 4 pill didnt even spot cramp little concerned definitely going take test start new pack bleeding stopped notice skin much better used break face chest back barely noticeable reluctantly got pill painful ovairian cyst feel pain nothing like 16 got nuvaring awful thing 5 year got lost 30 pound im petite person spotting love,9.0,"July 29, 2015",3,birth control im 22 started pill exactly month ago im start 2nd pack evening bled month long last 4 pill didnt even spot cramp little concerned definitely going take test start new pack bleeding stopped notice skin much better used break face chest back barely noticeable reluctantly got pill painful ovairian cyst feel pain nothing like 16 got nuvaring awful thing 5 year got lost 30 pound im petite person spotting love
176110,Desyrel,insomnia,worked keep increasing dosage every month wasnt putting like beginning started 75mg im 200,7.0,"December 23, 2009",28,insomnia worked keep increasing dosage every month wasnt putting like beginning started 75mg im 200
156609,Dulaglutide,"diabetes, type 2",taking trulicity 3 12 month still side effect smelly breath feel like one want get close bout dizziness get time terrible indigestion time blood sugar good cant eat much time havent lost much weight started lot joint pain never dont know side effect worth,5.0,"February 27, 2017",19,"diabetes, type 2 taking trulicity 3 12 month still side effect smelly breath feel like one want get close bout dizziness get time terrible indigestion time blood sugar good cant eat much time havent lost much weight started lot joint pain never dont know side effect worth"
125789,Viibryd,major depressive disorde,truly worst medication ever bad side effect diarrhea middle night change sheet nightmare bad slept light brain zap migraine still day even medication 25 year dizzy spell black out couldnt even drive taking im sure weaned medication doctor order convinced miracle drug needless say longer doc,1.0,"June 16, 2017",13,major depressive disorde truly worst medication ever bad side effect diarrhea middle night change sheet nightmare bad slept light brain zap migraine still day even medication 25 year dizzy spell black out couldnt even drive taking im sure weaned medication doctor order convinced miracle drug needless say longer doc
36695,Fentanyl,pain,fentanyl 50 mcg patch 3 year tried name brand duragesicworked best mylanstuck bestless relief watson sandoz generic worked similarly sandoz stick well watson seem work best first 24 hr sandoz last longer keep falling 3m tegaderm film transparent dressing 4inch x 4 34 inch size work best 50mcg size patch tegaderm patch usually available pharmacy counterno script needed put patch first apply survive hot shower etc menopause hot flashesanother story perspiration patch inhibits ability osmose medicine best change every 4860 hr best pain relief,8.0,"May 4, 2010",69,pain fentanyl 50 mcg patch 3 year tried name brand duragesicworked best mylanstuck bestless relief watson sandoz generic worked similarly sandoz stick well watson seem work best first 24 hr sandoz last longer keep falling 3m tegaderm film transparent dressing 4inch x 4 34 inch size work best 50mcg size patch tegaderm patch usually available pharmacy counterno script needed put patch first apply survive hot shower etc menopause hot flashesanother story perspiration patch inhibits ability osmose medicine best change every 4860 hr best pain relief
131798,Effexor XR,anxiety,started 375mg month first two day side effect little jumpy couldnt keep leg still insomnia went away 48 hour shifted making sleepy fairly relaxed however still breakthrough anxiety cry didnt feel much change depression decided dose 75mg side effect dose obliterated anxiety helped depression feel calm relaxed outgoing happy thing noticed like many others tough miss dose dont let dissuade trying really miracle,10.0,"May 7, 2015",131,anxiety started 375mg month first two day side effect little jumpy couldnt keep leg still insomnia went away 48 hour shifted making sleepy fairly relaxed however still breakthrough anxiety cry didnt feel much change depression decided dose 75mg side effect dose obliterated anxiety helped depression feel calm relaxed outgoing happy thing noticed like many others tough miss dose dont let dissuade trying really miracle
179702,Adapalene / benzoyl peroxide,acne,white teenager combination sensitive skin flare really badly slightest thing dermatologist prescribed epiduo tried nearly three month found nothing dry skin caused turn red acne go away looked thing skin like mine look thing salycic acid set facial wipe 1 salycic acid clinique acne gel 2 salycic acid addition normal clean clear facial wash cleared acne entirely hope help,3.0,"May 28, 2016",11,acne white teenager combination sensitive skin flare really badly slightest thing dermatologist prescribed epiduo tried nearly three month found nothing dry skin caused turn red acne go away looked thing skin like mine look thing salycic acid set facial wipe 1 salycic acid clinique acne gel 2 salycic acid addition normal clean clear facial wash cleared acne entirely hope help
109016,Nexplanon,birth control,hello lady give wonder one havehad problem im nexplanon implant 2 year 2 month crazy journey beginning alright period disappeared felt great 45 month got worse started period normally period really heavy began would period whole month 23 day break start period year would one whole month normally period time getting tiring period isnt normal isnt red brownblack non stop doctor test nothing found absolutely nothing,1.0,"May 17, 2017",3,birth control hello lady give wonder one havehad problem im nexplanon implant 2 year 2 month crazy journey beginning alright period disappeared felt great 45 month got worse started period normally period really heavy began would period whole month 23 day break start period year would one whole month normally period time getting tiring period isnt normal isnt red brownblack non stop doctor test nothing found absolutely nothing
37098,Zepatier,hepatitis c,zepatier 3 month treatment read review late february get early detail long story short got test result today officially sustained viral response undetectable 12 week svr12 treatment breeze 0 side effect undetected 30 day treatment remained way ever since highly recommend zepatier anyone battling hep c glad,10.0,"July 3, 2017",13,hepatitis c zepatier 3 month treatment read review late february get early detail long story short got test result today officially sustained viral response undetectable 12 week svr12 treatment breeze 0 side effect undetected 30 day treatment remained way ever since highly recommend zepatier anyone battling hep c glad
99264,Doxylamine,insomnia,history started taking melatonin 3mg help sleep shortly divorce body adjusted began increase dose eventually several year working 30mg well long desperately needed put testosterone therapy level zilch loandbehold determined men take large dos melatonin reason looking natural aid found drinking wildblack cherry juice improve quality sleep boosting amount melatonin body skip one tried valerian root proved equally effective,10.0,"February 13, 2017",9,insomnia history started taking melatonin 3mg help sleep shortly divorce body adjusted began increase dose eventually several year working 30mg well long desperately needed put testosterone therapy level zilch loandbehold determined men take large dos melatonin reason looking natural aid found drinking wildblack cherry juice improve quality sleep boosting amount melatonin body skip one tried valerian root proved equally effective
10488,Spironolactone,acne,im 20 year old female ive always mild acne usually forehead temple chin area something makeup could always cover 8 month ago went skyla iud period irregular started getting hormonal cystic acne least two bump face given day 2 month ago went dermatologist problem prescribed spironolactone noticed different two week medicine two month later 100 free cystic acne acne well get 12 small pimple around period side effect constant urination top chronic utis little bit hassle therefore take bedtime need bathroom,9.0,"March 25, 2016",7,acne im 20 year old female ive always mild acne usually forehead temple chin area something makeup could always cover 8 month ago went skyla iud period irregular started getting hormonal cystic acne least two bump face given day 2 month ago went dermatologist problem prescribed spironolactone noticed different two week medicine two month later 100 free cystic acne acne well get 12 small pimple around period side effect constant urination top chronic utis little bit hassle therefore take bedtime need bathroom
113016,Bisacodyl,constipation,took 2 tablet 9pm rudely awoken 1am horrendous nauseating lower abdo cramp felt like someone reaching tugging intestine hour misery writhing around bed pain became severe knowing else staggered bathroom sit loo pain got worse curl ball bathroom floor next thing know im back looking ceiling passed sweating shaking ear ringing call boyfriend got pillow blanket sat able get onto loo pas entire content digestive system humiliating effective yes worth hell,1.0,"October 28, 2016",1,constipation took 2 tablet 9pm rudely awoken 1am horrendous nauseating lower abdo cramp felt like someone reaching tugging intestine hour misery writhing around bed pain became severe knowing else staggered bathroom sit loo pain got worse curl ball bathroom floor next thing know im back looking ceiling passed sweating shaking ear ringing call boyfriend got pillow blanket sat able get onto loo pas entire content digestive system humiliating effective yes worth hell
66555,Seroquel,bipolar disorde,seroquel helpful sleep also noticed mood stabilization combination lamictal sometimes klonopin sometimes overly sedating taking couple hour normally going sleep important dont feel drowsy next day notice weight gain doctor started 50 mg good sedation major difference mood 100 mg make difference lower anxiety mood stabilization medication sometimes recommends take 200 mg reduce mania flaring start overall med useful bipolar 1,8.0,"June 5, 2016",37,bipolar disorde seroquel helpful sleep also noticed mood stabilization combination lamictal sometimes klonopin sometimes overly sedating taking couple hour normally going sleep important dont feel drowsy next day notice weight gain doctor started 50 mg good sedation major difference mood 100 mg make difference lower anxiety mood stabilization medication sometimes recommends take 200 mg reduce mania flaring start overall med useful bipolar 1
86092,Magnesium sulfate / potassium sulfate / sodium sulfate,bowel preparation,rating far first dose light breakfast toast ive liquid drink first prep 6pm glad found review first took advice really helped chilled bottle prep sprite fluid mixer used straw lifesaver glad wasnt shocked taste thanks review finally got dose brushed teeth chewed gum action began one hour later next dose 6 really dread full blown headache probably related food coffeecant drink wo cream finally resolved time first dose due dreading next dose worse colonoscopy,8.0,"September 1, 2015",15,bowel preparation rating far first dose light breakfast toast ive liquid drink first prep 6pm glad found review first took advice really helped chilled bottle prep sprite fluid mixer used straw lifesaver glad wasnt shocked taste thanks review finally got dose brushed teeth chewed gum action began one hour later next dose 6 really dread full blown headache probably related food coffeecant drink wo cream finally resolved time first dose due dreading next dose worse colonoscopy
143118,Etonogestrel,birth control,first month little annoying due spotting 4 month stopped getting period dont worry getting period anymore side effect highly recommend getting,10.0,"May 23, 2017",7,birth control first month little annoying due spotting 4 month stopped getting period dont worry getting period anymore side effect highly recommend getting
3287,Nitrofurantoin,urinary tract infection,diagnosed uti given macrobid 100mg 2xday first day fine second day noticed lot stomach pain taking dose 3rd day woke headache abdominal pain weak ill feeling called doctor see could get switched another medication felt ill foggy headed anxious rest day like medication wont take,4.0,"April 24, 2016",25,urinary tract infection diagnosed uti given macrobid 100mg 2xday first day fine second day noticed lot stomach pain taking dose 3rd day woke headache abdominal pain weak ill feeling called doctor see could get switched another medication felt ill foggy headed anxious rest day like medication wont take
203525,Nasonex,allergic rhinitis,went doctor serious flu affected breathing post nasal drip extreme coughing fearsome blockage throat coughing among two medicine including general cough medicine prescribed nasonex helped tremendously cleared nasal passage allowed breath properly stopped heavy snoring caused breath mouth know whether imagining year erectile disfunction much given trying anything cure accept condition however lately getting reasonable erection night wounder beneficial side effect nasonex,10.0,"April 21, 2015",12,allergic rhinitis went doctor serious flu affected breathing post nasal drip extreme coughing fearsome blockage throat coughing among two medicine including general cough medicine prescribed nasonex helped tremendously cleared nasal passage allowed breath properly stopped heavy snoring caused breath mouth know whether imagining year erectile disfunction much given trying anything cure accept condition however lately getting reasonable erection night wounder beneficial side effect nasonex
121546,Venlafaxine,depression,ive medicine going 5 month helped helped time ran 3 day head started feeling funny started feeling sick along suicidal thought horrible cant get aunt well shes 20 year doctor fought get market addicting drug potentially harmful well im feel fine part wouldve told dr put something else,5.0,"August 14, 2015",27,depression ive medicine going 5 month helped helped time ran 3 day head started feeling funny started feeling sick along suicidal thought horrible cant get aunt well shes 20 year doctor fought get market addicting drug potentially harmful well im feel fine part wouldve told dr put something else
127286,Melatonin,insomnia,good first week helped sleep well woke fine 2nd week woke feeling like panic attack felt sleepy scared something wrong feeling right woke headache feeling groggy day horrible wont take,2.0,"November 5, 2017",1,insomnia good first week helped sleep well woke fine 2nd week woke feeling like panic attack felt sleepy scared something wrong feeling right woke headache feeling groggy day horrible wont take
74134,Ethinyl estradiol / norethindrone,birth control,excellent pill started pill 8 month ago prevent getting pregnant yasmin absolutely horrible made extremely nauseous tired gave worse cramp period normal period switched loestrin 24 fe side effect whatsoever period light short reason wont give 10 rating sometimes make miss period kind stressful effective worked also gain weight instead lost went 103 pound 100,9.0,"June 16, 2011",0,birth control excellent pill started pill 8 month ago prevent getting pregnant yasmin absolutely horrible made extremely nauseous tired gave worse cramp period normal period switched loestrin 24 fe side effect whatsoever period light short reason wont give 10 rating sometimes make miss period kind stressful effective worked also gain weight instead lost went 103 pound 100
207125,Quillivant XR,adhd,first medication weve given 6yo son since diagnosed adhd january 2016 work well give dose 630am school year teacher notice wearing 2pm noticeable side affect slight decrease appetite first week slightly difficulty settling bed night longer either issue pricy pay 65month insurance plan live pa pick prescription doctor office month weve also issue occasionally pharmacy quillivant stock happened drive several pharmacy find one,9.0,"August 7, 2016",11,adhd first medication weve given 6yo son since diagnosed adhd january 2016 work well give dose 630am school year teacher notice wearing 2pm noticeable side affect slight decrease appetite first week slightly difficulty settling bed night longer either issue pricy pay 65month insurance plan live pa pick prescription doctor office month weve also issue occasionally pharmacy quillivant stock happened drive several pharmacy find one
154033,Tarina Fe 1 / 20,birth control,already lot personality pill probably isnt mood switch common im talking 0 mega alpha psychotic oscillation taking night caffeinelike effect cramping beginning cycle almost negligent appetite ravenous leveled towards end pack libido slightly decreased well slight vaginal dryness,5.0,"May 8, 2016",2,birth control already lot personality pill probably isnt mood switch common im talking 0 mega alpha psychotic oscillation taking night caffeinelike effect cramping beginning cycle almost negligent appetite ravenous leveled towards end pack libido slightly decreased well slight vaginal dryness
28922,Lexapro,generalized anxiety disorde,bad headache sick stomach feeling entire day took medication week could take headache top everything else going life,4.0,"May 1, 2009",27,generalized anxiety disorde bad headache sick stomach feeling entire day took medication week could take headache top everything else going life
118426,Fetzima,depression,ive taken several different ssri snris medication worst even taken make feel worse felt started taking anything sweating hot flash mouth constantly taste like drank salt water constipated bloated nausea exhausted name extreme rage stay away med scary thing,1.0,"July 13, 2017",8,depression ive taken several different ssri snris medication worst even taken make feel worse felt started taking anything sweating hot flash mouth constantly taste like drank salt water constipated bloated nausea exhausted name extreme rage stay away med scary thing
36463,Bismuth subcitrate potassium / metronidazole / tetracycline,helicobacter pylori infection,finally got rid h pylorus completing pylera dec 2015 2 course antibiotic combo failed eradicate taking pylera read review scary promised would come back review others similar situation please make sure take really good probiotictaken different time ask antinausea medication offsetlessen side effect make taking pylera much doable,9.0,"February 18, 2016",24,helicobacter pylori infection finally got rid h pylorus completing pylera dec 2015 2 course antibiotic combo failed eradicate taking pylera read review scary promised would come back review others similar situation please make sure take really good probiotictaken different time ask antinausea medication offsetlessen side effect make taking pylera much doable
214252,Tioconazole,vaginal yeast infection,take drug mild yeast infection discharge itching swelling wanted treat quickly picked monostat one day without research prior put dinosaur egg bed slept night woke class started experience worst pain ever felt burning much worse actual infection 6 hour since started burning still continuing also blood coming ive told 7 3 day monostat similar experience bad drug also even guaranteed work experienced excruciating pain nothing go prescribed pill,1.0,"January 29, 2016",3,vaginal yeast infection take drug mild yeast infection discharge itching swelling wanted treat quickly picked monostat one day without research prior put dinosaur egg bed slept night woke class started experience worst pain ever felt burning much worse actual infection 6 hour since started burning still continuing also blood coming ive told 7 3 day monostat similar experience bad drug also even guaranteed work experienced excruciating pain nothing go prescribed pill
84381,Ethinyl estradiol / norgestimate,ovarian cysts,diagnosed pcos age 14 im 23 ive different form bc trisprintec form bc helped period regulated acne unwanted facial hair hasnt made gain kind weight negative affect ive experienced trisprintec occasional headache work great,8.0,"December 16, 2016",3,ovarian cysts diagnosed pcos age 14 im 23 ive different form bc trisprintec form bc helped period regulated acne unwanted facial hair hasnt made gain kind weight negative affect ive experienced trisprintec occasional headache work great
120124,Montelukast,"asthma, maintenance",singulair godsend help control daily asthma symptom due allergenicmold trigger havent noticed make difference exercise smoke trigger definitely help reduce frequencyseverity asthma symptom general take day pick prescription absolutely feel difference lung health ive waiting past day get entire prescription renewed doctor nighttime attack last night first time since started taking medicine six day since last took experienced mood change even though already diagnosed anxiety started medication adverse side effect,9.0,"September 5, 2017",6,"asthma, maintenance singulair godsend help control daily asthma symptom due allergenicmold trigger havent noticed make difference exercise smoke trigger definitely help reduce frequencyseverity asthma symptom general take day pick prescription absolutely feel difference lung health ive waiting past day get entire prescription renewed doctor nighttime attack last night first time since started taking medicine six day since last took experienced mood change even though already diagnosed anxiety started medication adverse side effect"
80862,Delsym,cough,bought cough bronchitis beyond worthless waste money called doctor prescription robitussin codeine 500 cheaper effective genericof course,1.0,"February 5, 2017",3,cough bought cough bronchitis beyond worthless waste money called doctor prescription robitussin codeine 500 cheaper effective genericof course
191813,Lisdexamfetamine,adhd,started using medication 4 month ago diagnosed adhd 5 year old annoying thing medication keep mouth extremely dry found using hard candy regular sugar free help lot vyvanse helped lot especially concentration actually read book without read page 3 time thing feel like blood pressure go also tachycardia,10.0,"July 29, 2009",18,adhd started using medication 4 month ago diagnosed adhd 5 year old annoying thing medication keep mouth extremely dry found using hard candy regular sugar free help lot vyvanse helped lot especially concentration actually read book without read page 3 time thing feel like blood pressure go also tachycardia
216079,Copper,birth control,4 th child went para guard fully decided ifwhen wed kid 10 year gave plenty thinking time 4th started kindergarten thrilled schedule free time day school started found im pregnant immediately went doctor removed isnt easy pull couldnt find string show ultrasound still attached attached right pregnancy risky remove follow ultrasound sure pregnancy viable 7 week discovered twin know sound like funny prank true im pregnant twin iud still attached found outmy si preg iud place,1.0,"September 10, 2015",23,birth control 4 th child went para guard fully decided ifwhen wed kid 10 year gave plenty thinking time 4th started kindergarten thrilled schedule free time day school started found im pregnant immediately went doctor removed isnt easy pull couldnt find string show ultrasound still attached attached right pregnancy risky remove follow ultrasound sure pregnancy viable 7 week discovered twin know sound like funny prank true im pregnant twin iud still attached found outmy si preg iud place
95721,Efinaconazole,"onychomycosis, toenail",bought jublia medication applied exactly prescribed every day 10 month basically zero change 10 infected toe timeframe paid nearly 975 per bottle stuff blue cross insurance refusing cover prescription know doesnt work 10000 later back square one valeant manufacturer worthless stuff sued false claim,1.0,"May 2, 2017",8,"onychomycosis, toenail bought jublia medication applied exactly prescribed every day 10 month basically zero change 10 infected toe timeframe paid nearly 975 per bottle stuff blue cross insurance refusing cover prescription know doesnt work 10000 later back square one valeant manufacturer worthless stuff sued false claim"
4774,Belviq,obesity,well started belviq day may 14 2015 starting weight 187 lb nine day later weighed 185 lb may seem like lot considering didnt go gym think pretty good coming week try type exercise find though first pill really curbed appetite pill later doesnt seem strong beginning continue one month see go dont see big amount weight loss ask dr put phentermine phentermine affordable would make sense pay much pill doesnt really cut,8.0,"May 23, 2015",22,obesity well started belviq day may 14 2015 starting weight 187 lb nine day later weighed 185 lb may seem like lot considering didnt go gym think pretty good coming week try type exercise find though first pill really curbed appetite pill later doesnt seem strong beginning continue one month see go dont see big amount weight loss ask dr put phentermine phentermine affordable would make sense pay much pill doesnt really cut
19003,Chlordiazepoxide,alcohol withdrawal,22 heavy drinker since age 15 went three day time without drinking never couple every time point drunk past week went bender little sleep drinking every day two day ago went seizure work sent er doctor told alcohol level high didnt know someone age could tolerate amount consumption gave script librium sent home one seizure waiting pill since kept symptom manageable function thank god medication feel would die without,9.0,"May 5, 2016",52,alcohol withdrawal 22 heavy drinker since age 15 went three day time without drinking never couple every time point drunk past week went bender little sleep drinking every day two day ago went seizure work sent er doctor told alcohol level high didnt know someone age could tolerate amount consumption gave script librium sent home one seizure waiting pill since kept symptom manageable function thank god medication feel would die without
123052,Avinza,pain,2004 diagnosed adult onset still disease 2006 pain shot uncontrolled percocet 10325mg every 6 hour doctor decided put god send well although unable work due fact employer view drug drug free workplace well maintained continue take tried last fall 60mg sedating caused migraine flare side effect constipation,10.0,"March 17, 2009",10,pain 2004 diagnosed adult onset still disease 2006 pain shot uncontrolled percocet 10325mg every 6 hour doctor decided put god send well although unable work due fact employer view drug drug free workplace well maintained continue take tried last fall 60mg sedating caused migraine flare side effect constipation
51788,Zyvox,bacterial infection,prescribed generic raging infection contracted small surgical procedure done finger within 24 hour procedure finger inflamed throbbing keeflex first prescribed another 24 hour later determined touched infection given zyvox totally eradicated germ contracted bothersome side effect mostly stomach feeling right later second week tongue turned brown problem tired time could decide med infection,10.0,"October 7, 2015",8,bacterial infection prescribed generic raging infection contracted small surgical procedure done finger within 24 hour procedure finger inflamed throbbing keeflex first prescribed another 24 hour later determined touched infection given zyvox totally eradicated germ contracted bothersome side effect mostly stomach feeling right later second week tongue turned brown problem tired time could decide med infection
129993,Levonorgestrel,emergency contraception,condom mishap waiting 38 hour take pill complete wreck nervous getting pregnant would ruin future young age 5 day later got period extreme cramping heavy blood flow cramp bad worth worked,9.0,"February 16, 2015",40,emergency contraception condom mishap waiting 38 hour take pill complete wreck nervous getting pregnant would ruin future young age 5 day later got period extreme cramping heavy blood flow cramp bad worth worked
185504,Saxenda,obesity,medication 4 week side effect really feel full time eat definitely eating longer havent lost weight yet started exercising post review month update cost 100 insurance discount card brings 30,7.0,"May 5, 2017",16,obesity medication 4 week side effect really feel full time eat definitely eating longer havent lost weight yet started exercising post review month update cost 100 insurance discount card brings 30
135453,Tamiflu,influenza,first last time take tamiflu made feel much worse would ridden made weak dizzy sick stomach feeling worse started,1.0,"February 27, 2016",13,influenza first last time take tamiflu made feel much worse would ridden made weak dizzy sick stomach feeling worse started
149466,Mirena,birth control,mirena good got cramped first hour didnt feel much throughout first week mirena cleared face acne lost 12 pound stopped period completely havent baby doctor gave something dilate cervix took tylenol extra strength thirty minute insertion felt like bad cramping always used forget take birth control pill even alarm mirena one greatest thing ive done work well thing would say downfall mirena little emotional,10.0,"October 5, 2013",18,birth control mirena good got cramped first hour didnt feel much throughout first week mirena cleared face acne lost 12 pound stopped period completely havent baby doctor gave something dilate cervix took tylenol extra strength thirty minute insertion felt like bad cramping always used forget take birth control pill even alarm mirena one greatest thing ive done work well thing would say downfall mirena little emotional
44036,Ethinyl estradiol / norgestimate,birth control,currently 21 year old switched trisprintec 1 year ago due cost reason honesty stayed loestrin 24 fe experience pill negative aside fact gotten pregnant cry inappropriate time im moody ive gained weighton loestrin losing weight pill,6.0,"January 20, 2012",5,birth control currently 21 year old switched trisprintec 1 year ago due cost reason honesty stayed loestrin 24 fe experience pill negative aside fact gotten pregnant cry inappropriate time im moody ive gained weighton loestrin losing weight pill
134652,Ketorolac,pain,getting severe migraine tried aspirin motrin didnt work needed something stronger doctor prescribed sprix nasal spray told spray outer part nostril breathe mouth breathe nose sniff otherwise feel burning sensation like others ive read exactly instructed amazingly migraine gone 5 minute burning sensation love sprix go medicine relieve migraine,10.0,"April 26, 2012",26,pain getting severe migraine tried aspirin motrin didnt work needed something stronger doctor prescribed sprix nasal spray told spray outer part nostril breathe mouth breathe nose sniff otherwise feel burning sensation like others ive read exactly instructed amazingly migraine gone 5 minute burning sensation love sprix go medicine relieve migraine
40436,Savella,ibromyalgia,finished week one starter pack far little side effect slightly flushed face slightly groggy first thing morning sure pain relief yet yesterday pain level 34 great compared usual 78 dont know good day medicine time tell,7.0,"March 5, 2010",19,ibromyalgia finished week one starter pack far little side effect slightly flushed face slightly groggy first thing morning sure pain relief yet yesterday pain level 34 great compared usual 78 dont know good day medicine time tell
216104,Copper,birth control,10pm iud insertion 4 today night inserted misoprostol tab ripedilate cervix agree review insertion isnt painful uncomfortable pressure cramping didnt feel like menstrual cramp close insertion light cramping went dinner quickly dinner felt weak flushed didnt feel like eating talking started feel better felt like hot flash im feeling fine there light spotting clot doctor told nothing vagina week get string checked next month would definitely,10.0,"August 5, 2015",5,birth control 10pm iud insertion 4 today night inserted misoprostol tab ripedilate cervix agree review insertion isnt painful uncomfortable pressure cramping didnt feel like menstrual cramp close insertion light cramping went dinner quickly dinner felt weak flushed didnt feel like eating talking started feel better felt like hot flash im feeling fine there light spotting clot doctor told nothing vagina week get string checked next month would definitely
164996,Phentermine / topiramate,weight loss,started taking qsymia end june 2015 received card family doctor giving 35 month free done great first 14 day next 30 day 72546mg loosing total 23 pound however tried get next prescription told pharmacist would pay outrageous amount receive 7500 coupon extremely disappointed company offered free prescription refuse allow receive followed everything asked know another collage happened situation pill worked side effect receive coupon free card doctor beware expensive,8.0,"August 19, 2015",25,weight loss started taking qsymia end june 2015 received card family doctor giving 35 month free done great first 14 day next 30 day 72546mg loosing total 23 pound however tried get next prescription told pharmacist would pay outrageous amount receive 7500 coupon extremely disappointed company offered free prescription refuse allow receive followed everything asked know another collage happened situation pill worked side effect receive coupon free card doctor beware expensive
151958,Chantix,smoking cessation,39 year old smoked 15 year started taking chantix christmas eve 2011 second week able stop smoking altogether taste smell cigarette repulsed however intense dream bad one extremely vivid mood swing common first week third week would catch drifting also felt though could get enough water end first month quit one night smoked since chantix start taking chantix tomorrow try kill remaining urge short brief aggressive tendency extreme dehydration vivid awake like dream still worked,8.0,"January 30, 2012",3,smoking cessation 39 year old smoked 15 year started taking chantix christmas eve 2011 second week able stop smoking altogether taste smell cigarette repulsed however intense dream bad one extremely vivid mood swing common first week third week would catch drifting also felt though could get enough water end first month quit one night smoked since chantix start taking chantix tomorrow try kill remaining urge short brief aggressive tendency extreme dehydration vivid awake like dream still worked
155270,Metronidazole,bacterial infection,took c diff infection 500mg3x daily 10 day close 30 week pregnant horrible side effect taking medicine extreme fatigue dizziness obviously steered clear driving heart palpitation increase mood swingsdepression heard many others issue flygyl well clear c diff infection though,5.0,"November 14, 2015",5,bacterial infection took c diff infection 500mg3x daily 10 day close 30 week pregnant horrible side effect taking medicine extreme fatigue dizziness obviously steered clear driving heart palpitation increase mood swingsdepression heard many others issue flygyl well clear c diff infection though
200679,Varenicline,smoking cessation,25 week chantix quit cigarette 4th day 2 week cigarette free side effect touch nausea gas vivid dream bad bit tired take dinner around 730 day dose last side effect joint pain elbow toe finger joint neck etc hurt 05mg 1mg dose benefit smoking relief menopause symptom loving withdrawal patch got sick gum like smoke trigger migraine thanks chantix,9.0,"August 7, 2011",1,smoking cessation 25 week chantix quit cigarette 4th day 2 week cigarette free side effect touch nausea gas vivid dream bad bit tired take dinner around 730 day dose last side effect joint pain elbow toe finger joint neck etc hurt 05mg 1mg dose benefit smoking relief menopause symptom loving withdrawal patch got sick gum like smoke trigger migraine thanks chantix
115954,Divalproex sodium,bipolar disorde,prescribed 250 mg take three time day every 8 hour dont think thats really high perhaps high dos thing pastwho know body used truly high dos medicine either way 250mg depakote dr lowest given carry part day doctor make take three time day havent practically side effect except little wet noodly feeling none side effect yet listed guess different everyone,8.0,"August 14, 2010",25,bipolar disorde prescribed 250 mg take three time day every 8 hour dont think thats really high perhaps high dos thing pastwho know body used truly high dos medicine either way 250mg depakote dr lowest given carry part day doctor make take three time day havent practically side effect except little wet noodly feeling none side effect yet listed guess different everyone
67583,Plan B,emergency contraception,period may 6 sex condom broke may 20 took plan b within 8 hour friend sister cousin taken plan b life always worked course felt relieved apparently one tell already ovulating plan b effective missed period week decided go doctor blood test done confirm pregnant found news today pregnant,6.0,"June 15, 2017",13,emergency contraception period may 6 sex condom broke may 20 took plan b within 8 hour friend sister cousin taken plan b life always worked course felt relieved apparently one tell already ovulating plan b effective missed period week decided go doctor blood test done confirm pregnant found news today pregnant
195753,Valtrex,cold sores,34 year old sufferer cold sore age 9 10 asked doctor treatment prescribed valtrex 2002 get tingling feeling lip take pill take one exactly 12 hour later visible cold sore nearly 10 year valtrex little expensive 400 per pill use 1520 pill per year long time user would definitely recommend medicine anyone,10.0,"July 15, 2011",9,cold sores 34 year old sufferer cold sore age 9 10 asked doctor treatment prescribed valtrex 2002 get tingling feeling lip take pill take one exactly 12 hour later visible cold sore nearly 10 year valtrex little expensive 400 per pill use 1520 pill per year long time user would definitely recommend medicine anyone
182858,Cymbalta,depression,take cymbalta depression anxiety ive read comment sound like people may serotonin syndrome happened past prior doct didnt pay attention med please safe cymbalta helped lot went 3 yr go back,10.0,"December 16, 2016",27,depression take cymbalta depression anxiety ive read comment sound like people may serotonin syndrome happened past prior doct didnt pay attention med please safe cymbalta helped lot went 3 yr go back
172126,Amitiza,irritable bowel syndrome,absolutely love medication trick found take right bed avoid upset stomach nausea know say take food year working great,10.0,"February 23, 2011",45,irritable bowel syndrome absolutely love medication trick found take right bed avoid upset stomach nausea know say take food year working great
17292,Errin,birth control,im end 2nd month first month 25 dose gained 45 pound first 2 week im petite weight 20 year huge drawback dr changed 35 dose still weight pimple bled 2 week also think pill make feel kind blah empty inside could environmental factor think ill switching soon,4.0,"June 25, 2015",8,birth control im end 2nd month first month 25 dose gained 45 pound first 2 week im petite weight 20 year huge drawback dr changed 35 dose still weight pimple bled 2 week also think pill make feel kind blah empty inside could environmental factor think ill switching soon
135570,Intuniv,adhd,21 year old medication young child taken away sideeffects adhd medication sideeffect aware auditory took 1st 1mg pill hearing heightened exhaustive sound dragged hour increased 2mg thing happened noticeable difference hearing short hour doctor prescribed sideeffects concerta leave anxiety clearly situational dropoff concerta middle day steady released medicine adhd medication release dose twice,10.0,"March 9, 2015",29,adhd 21 year old medication young child taken away sideeffects adhd medication sideeffect aware auditory took 1st 1mg pill hearing heightened exhaustive sound dragged hour increased 2mg thing happened noticeable difference hearing short hour doctor prescribed sideeffects concerta leave anxiety clearly situational dropoff concerta middle day steady released medicine adhd medication release dose twice
98610,Nexplanon,birth control,nexplanon placed left arm november 1 2012 sexually active married testing bunny several birth control since age 14 due extremely painful longlasting menstrual cycle hospitalized several time body rejected married became sexually active husband worried getting pregnant soon option estrogenbased longlasting bled sporadically 3 month random spotting short period every 3 month side effect dont dangerous period anymore lot fewer migraine replace mine end year 3,10.0,"May 21, 2014",9,birth control nexplanon placed left arm november 1 2012 sexually active married testing bunny several birth control since age 14 due extremely painful longlasting menstrual cycle hospitalized several time body rejected married became sexually active husband worried getting pregnant soon option estrogenbased longlasting bled sporadically 3 month random spotting short period every 3 month side effect dont dangerous period anymore lot fewer migraine replace mine end year 3
231191,Kybella,submental fullness,kybella warning worth kybella injection january 2016 day forward sick several dr involved ive hostipal several time nobody knew kybella im short time memory loss headache last 4 month test next week ct scan mri xrays dr dr right eye blurry getting worse day intentional infection ive actually contacted attorney loose memory die fight child,1.0,"May 6, 2016",11,submental fullness kybella warning worth kybella injection january 2016 day forward sick several dr involved ive hostipal several time nobody knew kybella im short time memory loss headache last 4 month test next week ct scan mri xrays dr dr right eye blurry getting worse day intentional infection ive actually contacted attorney loose memory die fight child
130727,Levonorgestrel,emergency contraception,good product boyfriend unprotected sex twice one day next day went got plan b started experience extreme fatigue stomach cramp week later got period,10.0,"October 1, 2011",23,emergency contraception good product boyfriend unprotected sex twice one day next day went got plan b started experience extreme fatigue stomach cramp week later got period
108964,Nexplanon,birth control,nexplanon 6 year total mixed review extremely effective preventing pregnancy didnt period negative point would horrible weight gain duration weight near impossible lose recently nexplanon removed immediately experienced mood swing drop sex drive hopefully hormone rebalance feel normal complaint definitely recommend someone want child 3 year,7.0,"May 30, 2017",4,birth control nexplanon 6 year total mixed review extremely effective preventing pregnancy didnt period negative point would horrible weight gain duration weight near impossible lose recently nexplanon removed immediately experienced mood swing drop sex drive hopefully hormone rebalance feel normal complaint definitely recommend someone want child 3 year
72822,Ethinyl estradiol / norethindrone,birth control,left review initially started said id update taking pill pro regulated lightened period effective birth control con mild increase acne slight spotting beginning nausea cramping nausea cramping got worse week period time got period fourth month affected daily life really interrupted digestive function bowel movement ranging constipation diarrhea bloating general queasiness period fifth month actually vomited also exponentially increasing depressed feeling never problem period decided stop taking point want happy healthy,5.0,"August 11, 2015",9,birth control left review initially started said id update taking pill pro regulated lightened period effective birth control con mild increase acne slight spotting beginning nausea cramping nausea cramping got worse week period time got period fourth month affected daily life really interrupted digestive function bowel movement ranging constipation diarrhea bloating general queasiness period fifth month actually vomited also exponentially increasing depressed feeling never problem period decided stop taking point want happy healthy
5352,Cryselle,birth control,today mark second month ive pill beginning fine except face breaking really bad thougth would deal week ago started getting terrible mood swing cant stand person sits next work cant stand boyfriend friend anyone thought bad week past two day couldnt stop cry would randomly burst cry public place called dr told get pill immediately sign back let know feel week,9.0,"June 10, 2014",29,birth control today mark second month ive pill beginning fine except face breaking really bad thougth would deal week ago started getting terrible mood swing cant stand person sits next work cant stand boyfriend friend anyone thought bad week past two day couldnt stop cry would randomly burst cry public place called dr told get pill immediately sign back let know feel week
61889,Citalopram,bipolar disorde,originally prescribed major depressive disorder generalised anxiety disorder 20mg didnt help raised 40mg combined antipsychotic prevent manic episode worked well 5 6 month unfortunately stopped working completely quite blue neither half medical professional could figure shame virtually sideeffects medication bruxing teeth grinding night point jaw ached anything,7.0,"October 2, 2015",16,bipolar disorde originally prescribed major depressive disorder generalised anxiety disorder 20mg didnt help raised 40mg combined antipsychotic prevent manic episode worked well 5 6 month unfortunately stopped working completely quite blue neither half medical professional could figure shame virtually sideeffects medication bruxing teeth grinding night point jaw ached anything
136609,Byetta,"diabetes, type 2",eat right take byetta stay away fatty greasy food problem loose stool love fact huge hunger gone lost 8 lb gained one pound back thanksgiving,10.0,"December 18, 2009",18,"diabetes, type 2 eat right take byetta stay away fatty greasy food problem loose stool love fact huge hunger gone lost 8 lb gained one pound back thanksgiving"
145024,Etonogestrel,birth control,implanon almost 3 year first 2 month super hormonal havent period 3 year good since endometriosis doesnt hurt really easy form birth control plan get another inserted removed,10.0,"December 5, 2015",8,birth control implanon almost 3 year first 2 month super hormonal havent period 3 year good since endometriosis doesnt hurt really easy form birth control plan get another inserted removed
42913,Xulane,birth control,taken arm implant due complication anxiety able remember taking pill patch ive found suitable method sometimes patch come long stick really press edge minute less likely happen first 2 month patch experience morning sickness 23 time however body adjusted longer deal far rash patch may make selected area red itchy nothing unmanageable overall would say patch best option 3 method ive tried,8.0,"August 21, 2015",2,birth control taken arm implant due complication anxiety able remember taking pill patch ive found suitable method sometimes patch come long stick really press edge minute less likely happen first 2 month patch experience morning sickness 23 time however body adjusted longer deal far rash patch may make selected area red itchy nothing unmanageable overall would say patch best option 3 method ive tried
98526,Nexplanon,birth control,ive nexplanon 7 month ive one period lasted two week great ive gained lot weight problem acne ive never one pimple time hair extremely greasy matter try im thinking getting removed,6.0,"December 21, 2014",13,birth control ive nexplanon 7 month ive one period lasted two week great ive gained lot weight problem acne ive never one pimple time hair extremely greasy matter try im thinking getting removed
63104,Caverject,erectile dysfunction,using caverjet ten year work great negative side effect changed life va provide little cost whatever pay worth every penny,10.0,"September 11, 2014",95,erectile dysfunction using caverjet ten year work great negative side effect changed life va provide little cost whatever pay worth every penny
155653,Metronidazole,bacterial vaginitis,infection cleared matter two day ive dizzy lightheaded short breathe coughing smoke every ive feeling weird appetite dont drink enough water sleep wake feeling almost hungover essentially feel weak tired pill taste awful thankfully today last day,3.0,"August 22, 2013",21,bacterial vaginitis infection cleared matter two day ive dizzy lightheaded short breathe coughing smoke every ive feeling weird appetite dont drink enough water sleep wake feeling almost hungover essentially feel weak tired pill taste awful thankfully today last day
15870,Ethinyl estradiol / norethindrone,acne,absolutely hated birth control pill within day taking cystic acne started read review urging people stick itd get better 6 month wasnt case skin got worse lot worse skin wasnt great begin horrible loestrin whole face covered skin bump large cystic acne cheek chin almost 4 month cant seem get acne gone frustrating side effect,1.0,"September 10, 2016",4,acne absolutely hated birth control pill within day taking cystic acne started read review urging people stick itd get better 6 month wasnt case skin got worse lot worse skin wasnt great begin horrible loestrin whole face covered skin bump large cystic acne cheek chin almost 4 month cant seem get acne gone frustrating side effect
51227,Azithromycin,bronchitis,ive taken several time year problem last two time awful going finish time id rather sick stomach hurt like im starving eat hurt worse feel like im going puke time last night bed reason heart smashing chest pounding miserable leg crazy restless last couple day since ive forgot something bottom line stomach pain stand,1.0,"November 19, 2015",6,bronchitis ive taken several time year problem last two time awful going finish time id rather sick stomach hurt like im starving eat hurt worse feel like im going puke time last night bed reason heart smashing chest pounding miserable leg crazy restless last couple day since ive forgot something bottom line stomach pain stand
191684,Lisdexamfetamine,adhd,medication 1 choice doctor prescribe patient taken concerta ritalin adderall xr none seem work well vyvanse little side effect confidence mood energy may dramatically increase vyvanse truly magnificent medication,10.0,"December 28, 2011",20,adhd medication 1 choice doctor prescribe patient taken concerta ritalin adderall xr none seem work well vyvanse little side effect confidence mood energy may dramatically increase vyvanse truly magnificent medication
39941,Contrave,obesity,started medication three seperate time stopping couple day severe headache got keeping able lead day trying starting quarter pill ibuprofin morning see help people though im hungry aside headache good mood get past headache interestingly make crave something sweet cold like ice cream think good exercise high intensity four day week watch sugar carb intake well lost 20 lb last year keep accountable medication help take charge,3.0,"August 11, 2015",4,obesity started medication three seperate time stopping couple day severe headache got keeping able lead day trying starting quarter pill ibuprofin morning see help people though im hungry aside headache good mood get past headache interestingly make crave something sweet cold like ice cream think good exercise high intensity four day week watch sugar carb intake well lost 20 lb last year keep accountable medication help take charge
206045,Interferon beta-1a,multiple sclerosis,diagnosis m 2008 researched available m medication choose avonex brain lesion decreased shrunk symptom improved relapse medication god send switch another medication insurance researching approved med none meeting need believe avonex,10.0,"February 17, 2016",3,multiple sclerosis diagnosis m 2008 researched available m medication choose avonex brain lesion decreased shrunk symptom improved relapse medication god send switch another medication insurance researching approved med none meeting need believe avonex
164125,Ibuprofen,pain,love product severe pain started taking advil right away like felt pain go away like first time heard beatles thank much,10.0,"May 22, 2008",21,pain love product severe pain started taking advil right away like felt pain go away like first time heard beatles thank much
194415,Crestor,high cholesterol,crestor lowered cholesterol triglyceride noticed weight gain 20 pound year tiredness energy started chest pain arm pain jaw pain cardiologist catheterization found nothing warrant symptom stopped crestor within 2 3 week feel back normal dropped 8 pound increased fish oil intake paying attention diet hopefully wont go back another statin,2.0,"January 11, 2012",125,high cholesterol crestor lowered cholesterol triglyceride noticed weight gain 20 pound year tiredness energy started chest pain arm pain jaw pain cardiologist catheterization found nothing warrant symptom stopped crestor within 2 3 week feel back normal dropped 8 pound increased fish oil intake paying attention diet hopefully wont go back another statin
39100,Contrave,weight loss,goal opposite told relates mood told world energy talk lot energy dont want talk irritability dont want talk curb appetite im probably dehydrated constant dry mouth desire liquid,6.0,"June 10, 2017",5,weight loss goal opposite told relates mood told world energy talk lot energy dont want talk irritability dont want talk curb appetite im probably dehydrated constant dry mouth desire liquid
85196,Ethinyl estradiol / norgestimate,birth control,around month two trinessa developed hive stomach didnt connect drug month three four rash completely overtaken stomach side stopped taking medication rash cleared two week hasnt returned weird,3.0,"August 27, 2015",0,birth control around month two trinessa developed hive stomach didnt connect drug month three four rash completely overtaken stomach side stopped taking medication rash cleared two week hasnt returned weird
31898,Miconazole,vaginal yeast infection,glad ive stumbled upon page im 24 mild yi started yesterday 326 dealing uncomfortable burning feeling ive ever life ive tried 7 day didnt work well time im trying 3 day omg yi self didnt even feel bad would nice able get sleep burning woke sleep look like going nighter im happy im alone stay strong girl,5.0,"July 28, 2015",10,vaginal yeast infection glad ive stumbled upon page im 24 mild yi started yesterday 326 dealing uncomfortable burning feeling ive ever life ive tried 7 day didnt work well time im trying 3 day omg yi self didnt even feel bad would nice able get sleep burning woke sleep look like going nighter im happy im alone stay strong girl
93338,Vortioxetine,major depressive disorde,sickest six week life constant nausea accompanied intermittent vomiting headache flulike symptom would die feel better emotional wreck severe bout cry feeling utter despondency hopelessness present taking amazed drug made fda high incidence nausea absolutely horrible experience,1.0,"June 16, 2015",27,major depressive disorde sickest six week life constant nausea accompanied intermittent vomiting headache flulike symptom would die feel better emotional wreck severe bout cry feeling utter despondency hopelessness present taking amazed drug made fda high incidence nausea absolutely horrible experience
119459,Testosterone,"hypogonadism, male",got trouble performing feeling good used 91 year old dont get around like used androgel brought back life many way feel much better taking 1 gel feel like back 40,9.0,"April 17, 2013",79,"hypogonadism, male got trouble performing feeling good used 91 year old dont get around like used androgel brought back life many way feel much better taking 1 gel feel like back 40"
32734,Budesonide / formoterol,moterol),symbicort work well maintenance medication copd use combination spiriva side cause anxiety jitter already anxious person problem,7.0,"July 4, 2013",109,moterol) symbicort work well maintenance medication copd use combination spiriva side cause anxiety jitter already anxious person problem
123994,Skyla,birth control,ive skyla inserted 3 month took painkiller skyla inserted great help inserted everything lead procedure wasnt terrible felt like extreme period cramp burning sensation nothing crazy afterwards spot hour cramp outrageous med heating pad help eventually went away skyla done great job far helping period become short light protecting unwanted pregnancy worth get long deal long period skyla inserted extreme cramp short section time pain blood go away regulation skyla,8.0,"July 30, 2016",6,birth control ive skyla inserted 3 month took painkiller skyla inserted great help inserted everything lead procedure wasnt terrible felt like extreme period cramp burning sensation nothing crazy afterwards spot hour cramp outrageous med heating pad help eventually went away skyla done great job far helping period become short light protecting unwanted pregnancy worth get long deal long period skyla inserted extreme cramp short section time pain blood go away regulation skyla
117521,Nortriptyline,pain,suffered severe depression 10 year recently diagnosed fibromuscular dysplasia one effect condition terrible migraine lightheartedness insomnia dizziness unable function daily basis feeling sleepy work miserable could thank enough neurologist stopped taking antidepressant put drugafter 15 day notice differencei sleepy day able function headache gone able sleep straight 78 hour doctor told though medication make gain weight prevent eating healthier trying exercise 3 time week working,10.0,"January 31, 2016",102,pain suffered severe depression 10 year recently diagnosed fibromuscular dysplasia one effect condition terrible migraine lightheartedness insomnia dizziness unable function daily basis feeling sleepy work miserable could thank enough neurologist stopped taking antidepressant put drugafter 15 day notice differencei sleepy day able function headache gone able sleep straight 78 hour doctor told though medication make gain weight prevent eating healthier trying exercise 3 time week working
168260,Rizatriptan,migraine,suffered migraine since 15 42 maxalt changed life used agony 3 day first sign attack take one rarely take another one hour started come back sometimes make drowsy time side effect relief something actually work im australia pack 4 cost 25,10.0,"March 14, 2016",5,migraine suffered migraine since 15 42 maxalt changed life used agony 3 day first sign attack take one rarely take another one hour started come back sometimes make drowsy time side effect relief something actually work im australia pack 4 cost 25
213219,Nuvigil,hypersomnia,nuvigil several year alertness lack thereof attention issue little side effect dont think could function properly without initially bit insomnia day passed well since last week ran wait week get script mail ugh could get morning 89 hr sleep walked around day fog afraid would fall asleep work continued throughout week seem get better finally medicine came took morning like sun come could function medicine work everyone help lifesaver,10.0,"July 29, 2012",17,hypersomnia nuvigil several year alertness lack thereof attention issue little side effect dont think could function properly without initially bit insomnia day passed well since last week ran wait week get script mail ugh could get morning 89 hr sleep walked around day fog afraid would fall asleep work continued throughout week seem get better finally medicine came took morning like sun come could function medicine work everyone help lifesaver
176687,Lorazepam,anxiety,ativan lorazepam 7 year saved life grown child say nice pill yes wasnt nice mom growing fare statement need also spot antianxiety depression nervous breakdown,9.0,"July 20, 2009",154,anxiety ativan lorazepam 7 year saved life grown child say nice pill yes wasnt nice mom growing fare statement need also spot antianxiety depression nervous breakdown
223734,Omalizumab,"asthma, maintenance",1st shot noticed marked improvement 20 attack day 6 scared try medicine im allergic lot medicine food etc shot experienced itching injection site sleepiness lasted 4 hr felt energetic lessening body pain night slept without asthma attack appears also suppressing lupus great constantly pain inhaler mouth able walk 3 ft stop breath cant wait 2nd shot almost feel back normal thank creating medicine wish cheaper,10.0,"November 14, 2011",44,"asthma, maintenance 1st shot noticed marked improvement 20 attack day 6 scared try medicine im allergic lot medicine food etc shot experienced itching injection site sleepiness lasted 4 hr felt energetic lessening body pain night slept without asthma attack appears also suppressing lupus great constantly pain inhaler mouth able walk 3 ft stop breath cant wait 2nd shot almost feel back normal thank creating medicine wish cheaper"
26285,Sprintec,birth control,ive sprintec year half weight gain cleared pimple 5 day long period pregnancy downside ive become sensitive emotionally smallest thing make upset especially around period get extremely bad hunger pain never used happen pill would still give 810 hasnt negatively impacted physically done job,7.0,"August 17, 2016",11,birth control ive sprintec year half weight gain cleared pimple 5 day long period pregnancy downside ive become sensitive emotionally smallest thing make upset especially around period get extremely bad hunger pain never used happen pill would still give 810 hasnt negatively impacted physically done job
16251,Ethinyl estradiol / norethindrone,birth control,im 27 first bc pill nervous taking new med decided give try like pill major side effect ive noticed breakthrough bleeding wasnt severe big deal sore boob slightly reduced sex drive like pill cause low dose honestly dont feel different wasnt everyone different would recommend trying,10.0,"March 21, 2016",2,birth control im 27 first bc pill nervous taking new med decided give try like pill major side effect ive noticed breakthrough bleeding wasnt severe big deal sore boob slightly reduced sex drive like pill cause low dose honestly dont feel different wasnt everyone different would recommend trying
175439,Augmentin,sinusitis,would never recommend drug anyone took 1 pill 3 hour bed finally got bed 3 layed hour nausea get tried take peptobismol sooner took got violently ill vomiting rest night around 6 problem taking regular amoxicillin whatever else body reject strongly one minute id sweating like 120 degree next id chill bad felt like outside short tank top middle winter like never stay far away drug possible,1.0,"December 13, 2016",29,sinusitis would never recommend drug anyone took 1 pill 3 hour bed finally got bed 3 layed hour nausea get tried take peptobismol sooner took got violently ill vomiting rest night around 6 problem taking regular amoxicillin whatever else body reject strongly one minute id sweating like 120 degree next id chill bad felt like outside short tank top middle winter like never stay far away drug possible
85378,Ethinyl estradiol / norgestimate,birth control,started birth control two month ago period light quick also havent gained weight dont experience side effect vaginal dryness uncomfortable sex married sex kind important thinking switching,7.0,"May 25, 2015",6,birth control started birth control two month ago period light quick also havent gained weight dont experience side effect vaginal dryness uncomfortable sex married sex kind important thinking switching
163650,Mirtazapine,depression,taking medicine happy felt like zombie first day today start week two feeling great,8.0,"September 19, 2013",136,depression taking medicine happy felt like zombie first day today start week two feeling great
26437,Sprintec,birth control,started sprintec four day ago first birth control ever 23 main side effect day one nausea sick slept trash night getting better though write update review finish first pack,6.0,"June 18, 2014",11,birth control started sprintec four day ago first birth control ever 23 main side effect day one nausea sick slept trash night getting better though write update review finish first pack
43099,Sronyx,birth control,birth control arm 3 month took cause bleeding constantly doctor said switched pill took 3months always got period almost day usually 5days healthy 19 year old ended stroke pregnant 7 week pregnant lost balance cant walk well doctor explanation besides taking pill im rehab trying walk please dont take,1.0,"August 25, 2015",2,birth control birth control arm 3 month took cause bleeding constantly doctor said switched pill took 3months always got period almost day usually 5days healthy 19 year old ended stroke pregnant 7 week pregnant lost balance cant walk well doctor explanation besides taking pill im rehab trying walk please dont take
163409,Methylphenidate,adhd,12 yr old son concerta er 9 month switching metadate responds quite well grade fantastic much less mouthy rarely get trouble school far good,9.0,"January 1, 2017",35,adhd 12 yr old son concerta er 9 month switching metadate responds quite well grade fantastic much less mouthy rarely get trouble school far good
220577,Amitriptyline,pain,amitriptyline 5 day chronic low back leg pain plagued year point sleep work related disruption ive popped zillion pain killer antiinflammatories taking 10 mg medicine night medicine feel better year virtually pain free feel energetic id say miracle wish prescribed year ago,9.0,"September 5, 2013",303,pain amitriptyline 5 day chronic low back leg pain plagued year point sleep work related disruption ive popped zillion pain killer antiinflammatories taking 10 mg medicine night medicine feel better year virtually pain free feel energetic id say miracle wish prescribed year ago
213991,Tioconazole,vaginal yeast infection,honest opinion product used monistat 3 always worked without issue time reason picked 1 day one period coming next day want go period yeast infection time husband went store grabbed 1 day one requested inserted little egg shape thing around 7pm 9pm pee went bathroom came back itchiness burning indescribable dont even know anymore awful sensation started cry eye laid front fan helped little buy,1.0,"July 26, 2016",8,vaginal yeast infection honest opinion product used monistat 3 always worked without issue time reason picked 1 day one period coming next day want go period yeast infection time husband went store grabbed 1 day one requested inserted little egg shape thing around 7pm 9pm pee went bathroom came back itchiness burning indescribable dont even know anymore awful sensation started cry eye laid front fan helped little buy
129338,Levonorgestrel,birth control,follow 1 month bleeding everyday single day first period insertion much heavier cramp one particular tough day spotting ever since little worried mirena correct position gynaecologist say every thing appears fine lining thinning correctly notice spotting come less frequently im going stick hope everything go say ive weight gain skin minor trouble spotting everyday feel great happy decision,7.0,"September 12, 2015",2,birth control follow 1 month bleeding everyday single day first period insertion much heavier cramp one particular tough day spotting ever since little worried mirena correct position gynaecologist say every thing appears fine lining thinning correctly notice spotting come less frequently im going stick hope everything go say ive weight gain skin minor trouble spotting everyday feel great happy decision
47122,Thyroid desiccated,hashimoto's disease,levothyroxine noticed improvement still felt symptom increased dosage noticed improvement still quite right time symptom returned continually complaining dosage right even though number within normal limit doctor recommended switch armour first week wanted die couldnt stay awake constant headache irritable 5 day ready call doctor get taken offand magic happened happened week 2 energy started sleep better headache far good hopeful,9.0,"December 2, 2015",48,hashimoto's disease levothyroxine noticed improvement still felt symptom increased dosage noticed improvement still quite right time symptom returned continually complaining dosage right even though number within normal limit doctor recommended switch armour first week wanted die couldnt stay awake constant headache irritable 5 day ready call doctor get taken offand magic happened happened week 2 energy started sleep better headache far good hopeful
100718,Orlistat,obesity,people moaning constantly toilet thats bad side effect eat lot fat meal fault really eat low calorie diet thats say,8.0,"March 18, 2017",14,obesity people moaning constantly toilet thats bad side effect eat lot fat meal fault really eat low calorie diet thats say
15797,Ethinyl estradiol / norethindrone,birth control,horrible switched lo loestrein fe microestregin due insurance going third month ever since ive gained 1520 pound live active lifestyle part eat super healthy ive experiencing horrible headache along mood swing heartburn besides gained weight recommend bc certainly going back lo loestrin fe screw bc,1.0,"August 12, 2016",3,birth control horrible switched lo loestrein fe microestregin due insurance going third month ever since ive gained 1520 pound live active lifestyle part eat super healthy ive experiencing horrible headache along mood swing heartburn besides gained weight recommend bc certainly going back lo loestrin fe screw bc
137248,Isotretinoin,acne,heard many people success accutane especially saw success cousin really excited first month took skin peeled lip face stop wearing contact dried eye bad made acne worst ever felt awful constantly tried fix hair would cover face anything avoid going public looked awful accutane last month face semi clear stopped acne came back 1 month decent skin thing help control acne sulfer pomada de azufre bought walgreens,1.0,"October 27, 2013",16,acne heard many people success accutane especially saw success cousin really excited first month took skin peeled lip face stop wearing contact dried eye bad made acne worst ever felt awful constantly tried fix hair would cover face anything avoid going public looked awful accutane last month face semi clear stopped acne came back 1 month decent skin thing help control acne sulfer pomada de azufre bought walgreens
9025,Norfloxacin,bladder infection,first prescribed vacation australia helped immediately asked doctor u prescribe could onhand bladder infection lucky yesterday friday 5 pm doc gone weekend bladder infection came pain burning pressure subsided hour two 3day treatment protocol side effect little feeling fatigue highly recommend,10.0,"December 13, 2014",11,bladder infection first prescribed vacation australia helped immediately asked doctor u prescribe could onhand bladder infection lucky yesterday friday 5 pm doc gone weekend bladder infection came pain burning pressure subsided hour two 3day treatment protocol side effect little feeling fatigue highly recommend
30345,Klonopin,anxiety,also forgot mention previous review timing key type drug 15 hour time take work may vary different people sometimes get night class early take klonopin well advance wont influence im driving class basically experiment first timing get feel work best,8.0,"December 27, 2011",10,anxiety also forgot mention previous review timing key type drug 15 hour time take work may vary different people sometimes get night class early take klonopin well advance wont influence im driving class basically experiment first timing get feel work best
40499,Savella,ibromyalgia,really took away muscle pain made everything else worse fibromyalgia horrible fever nearly two week always nauseous loved freedom muscle pain couldnt live side effect,2.0,"July 8, 2009",29,ibromyalgia really took away muscle pain made everything else worse fibromyalgia horrible fever nearly two week always nauseous loved freedom muscle pain couldnt live side effect
137527,Isotretinoin,acne,19 year old son accutane 4 month face much clearer 2nd month blood test showed blood triglyceride level jumped 120 730 thats really high bad rare side effect tends happen people may genetically predisposed diabetes high cholesterol changed diet mostly junk food low fat low sugar one could continue accutane doctor put medication two week later 10 pound lighter blood triglyceride 65 face continues improve feel great learned really enjoy healthy eating moral get blood test life save may,9.0,"June 2, 2009",50,acne 19 year old son accutane 4 month face much clearer 2nd month blood test showed blood triglyceride level jumped 120 730 thats really high bad rare side effect tends happen people may genetically predisposed diabetes high cholesterol changed diet mostly junk food low fat low sugar one could continue accutane doctor put medication two week later 10 pound lighter blood triglyceride 65 face continues improve feel great learned really enjoy healthy eating moral get blood test life save may
118137,Naltrexone,alcohol dependence,taking three day craving havent able keep food fluid ive really tired first night hallucination hearing voice,3.0,"July 24, 2017",14,alcohol dependence taking three day craving havent able keep food fluid ive really tired first night hallucination hearing voice
110297,Nexplanon,birth control,would never recommend drug anyone understand woman fine little side effect wasnt lucky alright implanon got replaced last may got nexplanon supposedly exact drug went hell severe anxiety led lost weight sex drive mood place id laughing something would make angry two minute id get mad id start cry cried everything including fact cried much decided get today took 3 different people 45 minute get stitch stay away nexplanon,2.0,"March 2, 2016",2,birth control would never recommend drug anyone understand woman fine little side effect wasnt lucky alright implanon got replaced last may got nexplanon supposedly exact drug went hell severe anxiety led lost weight sex drive mood place id laughing something would make angry two minute id get mad id start cry cried everything including fact cried much decided get today took 3 different people 45 minute get stitch stay away nexplanon
62077,Citalopram,anxiety and stress,holding medication 3 week couldnt believe result one day literally felt effect hour took medication experience side effect far nausea diarrhea headache dizziness found taking second day hadnt eaten celexa really see difference im longer stressed depressed feel difference really great medication iffy taking depression anxiety medication however im glad,8.0,"October 5, 2014",178,anxiety and stress holding medication 3 week couldnt believe result one day literally felt effect hour took medication experience side effect far nausea diarrhea headache dizziness found taking second day hadnt eaten celexa really see difference im longer stressed depressed feel difference really great medication iffy taking depression anxiety medication however im glad
45047,Fluoxetine,premenstrual dysphoric disorde,previously citalopram reduced depression made pmdd noticable psychiatrist recommended prozac citalopram effective pmdd month weaned citalopram onto prozac hell im fully taking prozac 40mg working already energy get thing often ive period full dose prozac yet im sure work feel think great side effect incredibly vivid unpleasant dream citalopram first vivid often confuse real life momentarily also bruised itchy leg,7.0,"January 9, 2017",8,premenstrual dysphoric disorde previously citalopram reduced depression made pmdd noticable psychiatrist recommended prozac citalopram effective pmdd month weaned citalopram onto prozac hell im fully taking prozac 40mg working already energy get thing often ive period full dose prozac yet im sure work feel think great side effect incredibly vivid unpleasant dream citalopram first vivid often confuse real life momentarily also bruised itchy leg
22481,Pramoxine,hemorrhoids,third trimester hemorrhoid horrible bed week tried ever otc cream plus home remedy ob proscribed proctofoam life saver thing worked,10.0,"February 8, 2016",6,hemorrhoids third trimester hemorrhoid horrible bed week tried ever otc cream plus home remedy ob proscribed proctofoam life saver thing worked
24343,Telaprevir,hepatitis c,stopped taking incivek 3 day ago itching itching itching eyelid hand foot leg every area body itch took benadryl itching went away came back withdrawal incivek complaint though wondering medicine miracle hep c free hoping itching would stop soon,10.0,"April 4, 2012",26,hepatitis c stopped taking incivek 3 day ago itching itching itching eyelid hand foot leg every area body itch took benadryl itching went away came back withdrawal incivek complaint though wondering medicine miracle hep c free hoping itching would stop soon
111388,Ledipasvir / sofosbuvir,hepatitis c,last test result today sweeeeeet stress went window hep c free trully cure matter factly last test 4 month last pill becuse moved took long get set blood work harvoni thank thank thankyou cured harvoni royal blood clean blood earthsgold,10.0,"March 2, 2016",46,hepatitis c last test result today sweeeeeet stress went window hep c free trully cure matter factly last test 4 month last pill becuse moved took long get set blood work harvoni thank thank thankyou cured harvoni royal blood clean blood earthsgold
158853,Methylphenidate,adhd,6 year old son diagnosed adhd 4 year old tried several different medicine metadate almost two month like miracle drug pleasant around take 20mgs morning seemed affect appetite sleep much better school teacher said knew knew info getting like pulling teeth exactly want,10.0,"March 13, 2009",21,adhd 6 year old son diagnosed adhd 4 year old tried several different medicine metadate almost two month like miracle drug pleasant around take 20mgs morning seemed affect appetite sleep much better school teacher said knew knew info getting like pulling teeth exactly want
87411,Naproxen,osteoarthritis,mild arthritis give pain primarily hand wrist ankle take 2 220 mg naproxen sodium walk 9 hole golf western pa involves serious hill think definitely help wonder long anticipate golfing take naproxen sodium 1 hour 2 hour 4 hour,7.0,"August 31, 2017",0,osteoarthritis mild arthritis give pain primarily hand wrist ankle take 2 220 mg naproxen sodium walk 9 hole golf western pa involves serious hill think definitely help wonder long anticipate golfing take naproxen sodium 1 hour 2 hour 4 hour
216754,Rosuvastatin,high cholesterol,triglyceride 400 put crestor 5mg month 280 5 week leg arm would wake night horrible ache foot got bad would get bed hold muscle numb went back dr take 3x week side affect coupon online pay 100 30 day supply shop around go back 2 week see 3 time week help lower,6.0,"March 22, 2016",48,high cholesterol triglyceride 400 put crestor 5mg month 280 5 week leg arm would wake night horrible ache foot got bad would get bed hold muscle numb went back dr take 3x week side affect coupon online pay 100 30 day supply shop around go back 2 week see 3 time week help lower
152878,Doxycycline,acne,given doxycycline mild persistent acne severe allergic reaction doxycycline 3 week dreadful learnt allergic tetracycline antibiotic arent cure long term fix acne short term guess everyone different worth try get referred dermatologist wont unless youve antibiotic,1.0,"March 28, 2017",1,acne given doxycycline mild persistent acne severe allergic reaction doxycycline 3 week dreadful learnt allergic tetracycline antibiotic arent cure long term fix acne short term guess everyone different worth try get referred dermatologist wont unless youve antibiotic
80805,Diamox,pseudotumor cerebri,diagnosed iihptc last week neuro started diamox day although tingling hand foot well lethargy pressure behind eye already started go ophthalmologist pleased today optic nerve scan said decrease pressure eye little tingle bit sleepiness worth saving vision far im happy girl,9.0,"July 13, 2015",31,pseudotumor cerebri diagnosed iihptc last week neuro started diamox day although tingling hand foot well lethargy pressure behind eye already started go ophthalmologist pleased today optic nerve scan said decrease pressure eye little tingle bit sleepiness worth saving vision far im happy girl
28423,Lexapro,generalized anxiety disorde,medicine changed life better anxiety became bad couldnt sleep became obsessive worry thought everything end world paralyzed fear started lexapro lot side effect almost caused continueirritable waking panic night sweat etc 4 week started feel normal calmer tried going two year big mistakeback plan staying long time,9.0,"December 8, 2013",99,generalized anxiety disorde medicine changed life better anxiety became bad couldnt sleep became obsessive worry thought everything end world paralyzed fear started lexapro lot side effect almost caused continueirritable waking panic night sweat etc 4 week started feel normal calmer tried going two year big mistakeback plan staying long time
130239,Levonorgestrel,emergency contraception,taken plan b 3 time far worked every time first time july 2012 unprotected sex took plan b 4 hour later got period delay exact day supposed get second time september 2013 finished period 820 protected sex 94 condom broke took plan b 2 hr later got period 2 week early 99 third time took march 2014 condom break took plan b 321 4 hr later suppose get period 4214 got yesterday came 3 day early never happy see period worried pill may work dont work take writhing 72 hour time frame,10.0,"March 31, 2014",21,emergency contraception taken plan b 3 time far worked every time first time july 2012 unprotected sex took plan b 4 hour later got period delay exact day supposed get second time september 2013 finished period 820 protected sex 94 condom broke took plan b 2 hr later got period 2 week early 99 third time took march 2014 condom break took plan b 321 4 hr later suppose get period 4214 got yesterday came 3 day early never happy see period worried pill may work dont work take writhing 72 hour time frame
197540,Paroxetine,depression,ive paxil cr 4 month would highly recommend doctor decided put immediately suicide attempt today feel great stopped cry suicidal thought gone bad side effect lack interest sex,8.0,"January 6, 2009",13,depression ive paxil cr 4 month would highly recommend doctor decided put immediately suicide attempt today feel great stopped cry suicidal thought gone bad side effect lack interest sex
115308,Propofol,anesthesia,received horrible stuff upper endoscopy made heart race two day coughed much came afterword 10 minute made chest sore made chatterbox im usually quite personwasnt sleepy went bed deep sleep woke heart racing jittery feeling medicine caused shallow breathing never pipe vein drink drink water get junk system horrible poison,1.0,"March 26, 2017",12,anesthesia received horrible stuff upper endoscopy made heart race two day coughed much came afterword 10 minute made chest sore made chatterbox im usually quite personwasnt sleepy went bed deep sleep woke heart racing jittery feeling medicine caused shallow breathing never pipe vein drink drink water get junk system horrible poison
220469,Loestrin 24 Fe,birth control,loestrin 3 year experience pill overall good one sexually active never used back pill kept pregnancy scare away cramp stopped stayed away 3 year reappeared suddenly one reason switched little acne mood swing knowledge breast grow almost 2 cup size problem due fault never took pill anything id take right went bed morning would feel extremely ill fixed taking pill dinner switched pill sudden started bleeding cramping time following pill schedule,8.0,"October 23, 2011",1,birth control loestrin 3 year experience pill overall good one sexually active never used back pill kept pregnancy scare away cramp stopped stayed away 3 year reappeared suddenly one reason switched little acne mood swing knowledge breast grow almost 2 cup size problem due fault never took pill anything id take right went bed morning would feel extremely ill fixed taking pill dinner switched pill sudden started bleeding cramping time following pill schedule
213086,Phenelzine,depression,trying every kind antidepressant past 9 year nardil first try maoi dietary restriction less difficult get used less strict appeared first 30mg nardil day didnt notice effect increasing 45mgday felt best ive felt year seemed depression might cured last however also side effect ive ever medication constipation difficulty urinating insomnia inability reach orgasm bladder issue insomnia ive forced resume search,6.0,"July 30, 2016",10,depression trying every kind antidepressant past 9 year nardil first try maoi dietary restriction less difficult get used less strict appeared first 30mg nardil day didnt notice effect increasing 45mgday felt best ive felt year seemed depression might cured last however also side effect ive ever medication constipation difficulty urinating insomnia inability reach orgasm bladder issue insomnia ive forced resume search
19916,Pregabalin,ibromyalgia,tried everything help fibromyalgia pain tried cymbalta antidepressant well opiate like tylenol codeine vicodin also tried muscle relaxant like soma helped still painful day lyrica get rid pain 2 month miracle drug life back productive also control painful flare havent flare yet lyrica great,10.0,"April 21, 2009",23,ibromyalgia tried everything help fibromyalgia pain tried cymbalta antidepressant well opiate like tylenol codeine vicodin also tried muscle relaxant like soma helped still painful day lyrica get rid pain 2 month miracle drug life back productive also control painful flare havent flare yet lyrica great
151240,OxyContin,pain,oxycontin year helped tremendously although take 30mg xr 3 time day ir break pain 3 time day pain day awake morning feeling crappy take ir within 12 hour fine feel high function normally even care 3 grandchild raising without medication id short term pain medicine nothing make sleep roxicodone year well took request needed pain medicine long term thank whoever responsible finding medication u depend let u lead normal best ability life,10.0,"July 24, 2009",61,pain oxycontin year helped tremendously although take 30mg xr 3 time day ir break pain 3 time day pain day awake morning feeling crappy take ir within 12 hour fine feel high function normally even care 3 grandchild raising without medication id short term pain medicine nothing make sleep roxicodone year well took request needed pain medicine long term thank whoever responsible finding medication u depend let u lead normal best ability life
217698,Strattera,adhd,27 year old male drug 3 week cant really comment efficacy take 24 week start working say didnt help took 40mg 7 day went 80mg 2 week stop taking side effect getting severe irritability point yelling top lung people minor mistake generally grumpy based side effect needing urinate far regularly usual heart palpitation feeling good reason insomnia doctor decided wasnt right methis rare reaction unlikely happen get tell doctor,2.0,"February 16, 2017",15,adhd 27 year old male drug 3 week cant really comment efficacy take 24 week start working say didnt help took 40mg 7 day went 80mg 2 week stop taking side effect getting severe irritability point yelling top lung people minor mistake generally grumpy based side effect needing urinate far regularly usual heart palpitation feeling good reason insomnia doctor decided wasnt right methis rare reaction unlikely happen get tell doctor
102352,Clindamycin / tretinoin,acne,began using ziana beginning december 2014 others said skin go purging process 2 month half almost coming end third month began seeing acne disappear area always broken around march 4 month mark skin drastically improved however side effect face super oily even wash morning start produce oil hour later opinion small price pay clear skin advice new user stick matter awful may seem medicine performed miracle,8.0,"August 24, 2015",11,acne began using ziana beginning december 2014 others said skin go purging process 2 month half almost coming end third month began seeing acne disappear area always broken around march 4 month mark skin drastically improved however side effect face super oily even wash morning start produce oil hour later opinion small price pay clear skin advice new user stick matter awful may seem medicine performed miracle
42085,Cosentyx,plaque psoriasis,psoriasis life starting teenager tried many thing cosentyx inclding enbrel stelara 15 long year nothing working cosentyx cleared body least 95 easy use thankfully side affect,9.0,"January 24, 2017",14,plaque psoriasis psoriasis life starting teenager tried many thing cosentyx inclding enbrel stelara 15 long year nothing working cosentyx cleared body least 95 easy use thankfully side affect
106529,Implanon,birth control,20 always anxiety bc trusting working could always use exactly like im supposed would still make sick pregnant definitely lessened feeling like always google symptom see anyone else feeling let tell ive 3 month thing little rough ive bleeding almost everyday since got except first week minor spotting first period like normal 45 day second third little wonky time im holding itll get better wish luck,9.0,"February 25, 2016",4,birth control 20 always anxiety bc trusting working could always use exactly like im supposed would still make sick pregnant definitely lessened feeling like always google symptom see anyone else feeling let tell ive 3 month thing little rough ive bleeding almost everyday since got except first week minor spotting first period like normal 45 day second third little wonky time im holding itll get better wish luck
96011,Sertraline,panic disorde,sertraline 6 month beginning experienced delayed ejaculation followed nausea extreme dizziness exhaustion three day bed symptom later condition improved felt better body pain continued dose,7.0,"November 29, 2012",0,panic disorde sertraline 6 month beginning experienced delayed ejaculation followed nausea extreme dizziness exhaustion three day bed symptom later condition improved felt better body pain continued dose
132156,Effexor XR,anxiety,taken medication 4 year life changed dramatically since take 75mg dos 3 time day day much better compared 4 year ago would panic attack anxiety attack would recommend anyone depression anxietysocial anxiety disorder downfall run prescription withdrawal symptom intense 2 day make sure refill ready expire cause lot problem case great medication help get back normal self,9.0,"August 4, 2011",77,anxiety taken medication 4 year life changed dramatically since take 75mg dos 3 time day day much better compared 4 year ago would panic attack anxiety attack would recommend anyone depression anxietysocial anxiety disorder downfall run prescription withdrawal symptom intense 2 day make sure refill ready expire cause lot problem case great medication help get back normal self
16037,Ethinyl estradiol / norethindrone,birth control,beware birth control first started 15 gildess fe beautiful breakout anything since well doctor upgraded gildess 120 past 3 month started march experiencing worst side effect even missing pill taking right time feel like im pregnant im point taken 3 pregnancy test came negative going take another test since medication really making think want sure talk doctor see birth control best body hormone,3.0,"June 9, 2016",5,birth control beware birth control first started 15 gildess fe beautiful breakout anything since well doctor upgraded gildess 120 past 3 month started march experiencing worst side effect even missing pill taking right time feel like im pregnant im point taken 3 pregnancy test came negative going take another test since medication really making think want sure talk doctor see birth control best body hormone
91100,Botox,overactive bladde,third botox treatment first great painful worth retain urine infection relief second one 7 month later good result third one nine month later 6 week positive result appt urologist see disappointing go result thought could control urge incontinency life,5.0,"May 11, 2017",30,overactive bladde third botox treatment first great painful worth retain urine infection relief second one 7 month later good result third one nine month later 6 week positive result appt urologist see disappointing go result thought could control urge incontinency life
141571,Escitalopram,depression,sweating constipation complaint citalopram year stopped working two day later lexapro im feeling much better energy sleeping much much better two week im fine,10.0,"May 9, 2013",80,depression sweating constipation complaint citalopram year stopped working two day later lexapro im feeling much better energy sleeping much much better two week im fine
140592,Escitalopram,anxiety,far im happy lexapro yawning drowsy afternoon one night consisted jitter half 5mg valium soon settled far needed still dont much appetite moment thats worst far finger crossed stay way noticed anxiety getting better slowly 1 week 5mg dont want get hope guess thats anxiety way thinking kicking,8.0,"November 17, 2016",19,anxiety far im happy lexapro yawning drowsy afternoon one night consisted jitter half 5mg valium soon settled far needed still dont much appetite moment thats worst far finger crossed stay way noticed anxiety getting better slowly 1 week 5mg dont want get hope guess thats anxiety way thinking kicking
165026,Phentermine / topiramate,weight loss,realize im 3 day oh gosh first day took medicine ate entire mexican feast second day little better ate one meal third day im sitting eating little debbie oatmeal pie pray next level 2 week trial effective refuse pay 223 dollar something may may work,2.0,"April 26, 2015",20,weight loss realize im 3 day oh gosh first day took medicine ate entire mexican feast second day little better ate one meal third day im sitting eating little debbie oatmeal pie pray next level 2 week trial effective refuse pay 223 dollar something may may work
95511,Acetaminophen / diphenhydramine,insomnia,tylenol pm worked good 20 minute would great night sleep taking year son told new report causing dementia stopped immediately side effect stopped pretty severe never dreamt would withdrawal googled symptom except shake nightmare dizzy light headedness nausea unable sleep thought since talked doctor said problem counter good wrong bad stuff tell everyone know stop,3.0,"April 28, 2016",23,insomnia tylenol pm worked good 20 minute would great night sleep taking year son told new report causing dementia stopped immediately side effect stopped pretty severe never dreamt would withdrawal googled symptom except shake nightmare dizzy light headedness nausea unable sleep thought since talked doctor said problem counter good wrong bad stuff tell everyone know stop
193550,Cyclobenzaprine,ibromyalgia,used flexeril 9 year work great ease muscle pain spasm lot people trouble making sleepy never trouble take day drowsiness really nice however would nice made little sleepy night trouble great medication grateful,9.0,"December 10, 2009",19,ibromyalgia used flexeril 9 year work great ease muscle pain spasm lot people trouble making sleepy never trouble take day drowsiness really nice however would nice made little sleepy night trouble great medication grateful
114356,Tacrolimus,atopic dermatitis,protopic awesome face hand dermatitis started teen left weepybleeding scale knuckle upper lip nose eyebrow eyelid protopic wasnt around used westcort cream along many stronger topical steroid flash forward today skin extremely thin face thankfully cataract applied steroid everywhere protopic miracle drug thing available stop ad face first application cause stingingburninghot sensation get past first day symptom go away continue applying skin healed stop eczema start coming back start applying,9.0,"July 31, 2016",29,atopic dermatitis protopic awesome face hand dermatitis started teen left weepybleeding scale knuckle upper lip nose eyebrow eyelid protopic wasnt around used westcort cream along many stronger topical steroid flash forward today skin extremely thin face thankfully cataract applied steroid everywhere protopic miracle drug thing available stop ad face first application cause stingingburninghot sensation get past first day symptom go away continue applying skin healed stop eczema start coming back start applying
92763,Vortioxetine,depression,absolutely hated whole ordeal start saying everyone different great medication happy fair well first started anger normally angry suffer anxiety panic disorder mainly freaking tiniest thing wanted give full 6 week carried next tinnitus ear twice day 25 year old female normal carried horrid anxiety panic attack came didnt go away woke horrid muscle ache almost convulsion like tremor went er told stop med,1.0,"June 26, 2017",26,depression absolutely hated whole ordeal start saying everyone different great medication happy fair well first started anger normally angry suffer anxiety panic disorder mainly freaking tiniest thing wanted give full 6 week carried next tinnitus ear twice day 25 year old female normal carried horrid anxiety panic attack came didnt go away woke horrid muscle ache almost convulsion like tremor went er told stop med
217426,Clarithromycin,sinusitis,ive suffered chronic sinusitis post nasal drip biaxin drug worked pnd started decreasing one day nasal passage completely clear day 4 side effect increased appetite sent bathroom often usual nausea metallic taste mouth people reported occurred last day treatment thankfully small price pay relief got however,10.0,"December 12, 2015",10,sinusitis ive suffered chronic sinusitis post nasal drip biaxin drug worked pnd started decreasing one day nasal passage completely clear day 4 side effect increased appetite sent bathroom often usual nausea metallic taste mouth people reported occurred last day treatment thankfully small price pay relief got however
172680,Clonazepam,panic disorde,approximately twenty year ago taken ambulance twice car er gave something calmed similar seizure nothing ever triggered attack came upon fast enjoying career life im social doctor finally sent psychologist diagnosed panic attack name prescribed something similar klonopin klonopin came market prescribed 05mg twice day adverse side effect positive never another panic attack plan ever stop taking klonopin person live life fullest new phase early retirement,10.0,"June 23, 2015",83,panic disorde approximately twenty year ago taken ambulance twice car er gave something calmed similar seizure nothing ever triggered attack came upon fast enjoying career life im social doctor finally sent psychologist diagnosed panic attack name prescribed something similar klonopin klonopin came market prescribed 05mg twice day adverse side effect positive never another panic attack plan ever stop taking klonopin person live life fullest new phase early retirement
109349,Nexplanon,birth control,second round three year year four feel like ive never without period period 2 3 week time go away maybe week two im lucky go 2 3 week even monthly thing anymore period dark chunky sex life stink week month im lucky im 34 already kid dont want switch birth control depo shot got pregnant first child none work probably cant sex always bleeding,7.0,"January 7, 2017",11,birth control second round three year year four feel like ive never without period period 2 3 week time go away maybe week two im lucky go 2 3 week even monthly thing anymore period dark chunky sex life stink week month im lucky im 34 already kid dont want switch birth control depo shot got pregnant first child none work probably cant sex always bleeding
72123,Tramadol,back pain,young teen tore 90 low back muscle recreational activity doctor want put 16 year old narcotic went whole loop prescription advil tylenol aleve finally told none worked put tramadol 50mg every 4 hour needed like since allow still functional yeah short term im functional make higher dos extended release coating sister back pain also would highly recommend narcotic alternative,9.0,"December 26, 2013",50,back pain young teen tore 90 low back muscle recreational activity doctor want put 16 year old narcotic went whole loop prescription advil tylenol aleve finally told none worked put tramadol 50mg every 4 hour needed like since allow still functional yeah short term im functional make higher dos extended release coating sister back pain also would highly recommend narcotic alternative
145650,Qsymia,weight loss,first day q far seems effective controlling insatiable urge get eat hopefully keep turning 30 5 month dont want morbidly obese anymore,8.0,"October 6, 2015",18,weight loss first day q far seems effective controlling insatiable urge get eat hopefully keep turning 30 5 month dont want morbidly obese anymore
168906,Vilazodone,depression,taking viibryd two week starting 10mg dose 20mg always struggled small bout depression anxiety always tried deal working 60 hour week knew needed help first couple day taking drug noticed significant difference situation much easier deal complete task clear head focus start 40mg dose hopefully thing get better,9.0,"November 1, 2013",63,depression taking viibryd two week starting 10mg dose 20mg always struggled small bout depression anxiety always tried deal working 60 hour week knew needed help first couple day taking drug noticed significant difference situation much easier deal complete task clear head focus start 40mg dose hopefully thing get better
557,Medroxyprogesterone,birth control,ive depo 4 month got stop period ive non stop bleeding whole time asked doctor anything could said wait searched bleeding shot ton people said bleed continuously whole time said stopped shot bleeding didnt stop also breaking place normally dont like neck line forehead im getting shot bleeding doesnt stop,9.0,"February 27, 2013",14,birth control ive depo 4 month got stop period ive non stop bleeding whole time asked doctor anything could said wait searched bleeding shot ton people said bleed continuously whole time said stopped shot bleeding didnt stop also breaking place normally dont like neck line forehead im getting shot bleeding doesnt stop
191804,Drospirenone / ethinyl estradiol,birth control,yasmin 11 year consistently absolutely zero issue complaint problem weight gain clear skin mood normal fluctuate based regular monthly hormone fluctuation however see numerous comment first week user important know everyone different built uniquely body one kind reaction anything particularly birth control im nurse public health sector advise patient give new birth control least 3 month deciding call quits there lot hormone going body need let settle good luck whatever contraception choose,10.0,"June 21, 2017",27,birth control yasmin 11 year consistently absolutely zero issue complaint problem weight gain clear skin mood normal fluctuate based regular monthly hormone fluctuation however see numerous comment first week user important know everyone different built uniquely body one kind reaction anything particularly birth control im nurse public health sector advise patient give new birth control least 3 month deciding call quits there lot hormone going body need let settle good luck whatever contraception choose
220910,Loestrin 24 Fe,0</span> users found this comment helpful.,doctor put medication try control mood swing started taking birth control one week felt extremely irritable day five felt like gained five lb didnt actually weigh working got migraine headache ive never life stopped taking birth control day seven worth many side effect medication,2.0,"July 6, 2009",0,0</span> users found this comment helpful. doctor put medication try control mood swing started taking birth control one week felt extremely irritable day five felt like gained five lb didnt actually weigh working got migraine headache ive never life stopped taking birth control day seven worth many side effect medication
35156,Levofloxacin,sinusitis,open rhinoplasty 4 week ago broken nose 2 week surgery developed sinus infection doctor called levoflaxon 500 mg 1 day 10 day taking 6 day infection gone day 7 woke could hardly move pain knee hip unbearable hurt bad took day 8 pill realized levoflaxon causing doctor pharmacist told side effect except could cause insomnia loss appetite threw remaining 2 pill 3 day since took pain better tendon stiff leg knee calling doctor morning drug need market,6.0,"February 29, 2016",8,sinusitis open rhinoplasty 4 week ago broken nose 2 week surgery developed sinus infection doctor called levoflaxon 500 mg 1 day 10 day taking 6 day infection gone day 7 woke could hardly move pain knee hip unbearable hurt bad took day 8 pill realized levoflaxon causing doctor pharmacist told side effect except could cause insomnia loss appetite threw remaining 2 pill 3 day since took pain better tendon stiff leg knee calling doctor morning drug need market
208369,Oseltamivir,influenza,started symptom friday night immediately started tamiflu tested positive flu medicine work wonder flu advice anyone start experience symptom get doc immediately still congestion feel 95 better,10.0,"January 19, 2015",13,influenza started symptom friday night immediately started tamiflu tested positive flu medicine work wonder flu advice anyone start experience symptom get doc immediately still congestion feel 95 better
161337,Ortho Tri-Cyclen,ovarian cysts,work bc ever constant migraine day everyday nausealoss appetitebreast sore didnt wear bra week good thing period started 2nd day stopped taking bc ever worked fast,3.0,"December 30, 2015",0,ovarian cysts work bc ever constant migraine day everyday nausealoss appetitebreast sore didnt wear bra week good thing period started 2nd day stopped taking bc ever worked fast
31254,Miconazole,vaginal yeast infection,could give cream negative ratingi would 2 min application itching burning got worst never 2 word ladiesplain yogurt make sure lactobacillus acidophilus omgworks wonder inexpensive used needless syringe course applicator,1.0,"August 27, 2016",10,vaginal yeast infection could give cream negative ratingi would 2 min application itching burning got worst never 2 word ladiesplain yogurt make sure lactobacillus acidophilus omgworks wonder inexpensive used needless syringe course applicator
123857,Skyla,birth control,awful bc method skyla got pregnant exactly year place regular monthly period mention six month developed ovarian cyst size grapefruit surgically removed cyst also killed one ovary causing removal one ovary one falopian tube seriously method safe finding pregnant found lot others gotten pregnant,1.0,"December 9, 2016",3,birth control awful bc method skyla got pregnant exactly year place regular monthly period mention six month developed ovarian cyst size grapefruit surgically removed cyst also killed one ovary causing removal one ovary one falopian tube seriously method safe finding pregnant found lot others gotten pregnant
108469,Bupropion / naltrexone,obesity,11 day dietcontrave lost 13 pound side affect experienced dry lip love two pill day dont craving used prescription card get sign brought prescription cost 70 month already saved food donut soda morning person longer feel need sweet soda also dont use vending machine work huge saving,10.0,"March 20, 2015",11,obesity 11 day dietcontrave lost 13 pound side affect experienced dry lip love two pill day dont craving used prescription card get sign brought prescription cost 70 month already saved food donut soda morning person longer feel need sweet soda also dont use vending machine work huge saving
44271,Ethinyl estradiol / norgestimate,birth control,taking even month super emotional crazy im usually layed back want sex guess say experience little cramping sharp pain every overall okay,4.0,"March 13, 2011",12,birth control taking even month super emotional crazy im usually layed back want sex guess say experience little cramping sharp pain every overall okay
205133,Acetaminophen / aspirin / caffeine,migraine,first time took excedrin migraine think took many didnt help migraine second time took took one gonebut came back didnt take another one say take 2 24 hour wanted wait im looking forward buying bottle using future thanks excedrin migraine,10.0,"March 25, 2013",16,migraine first time took excedrin migraine think took many didnt help migraine second time took took one gonebut came back didnt take another one say take 2 24 hour wanted wait im looking forward buying bottle using future thanks excedrin migraine
87295,Latuda,bipolar disorde,latuda three week quite pleased anger agitation level tolerable great difference manic still elevated like first week bout headache since passed cant take dinner last hour half taking issue im struggling right although get tired pill cant fall asleep,9.0,"October 16, 2011",69,bipolar disorde latuda three week quite pleased anger agitation level tolerable great difference manic still elevated like first week bout headache since passed cant take dinner last hour half taking issue im struggling right although get tired pill cant fall asleep
68123,Plan B,emergency contraception,incident condom broke came inside freaking hour half later went got plan b nervousanxious waiting period start whole week extremely emotional period symptom 5 day taking started period worried there way around pill work currently period worse cramp usual happy pregnant 18 ready child yet definitely wake call accident happen safe take precaution,10.0,"September 25, 2015",4,emergency contraception incident condom broke came inside freaking hour half later went got plan b nervousanxious waiting period start whole week extremely emotional period symptom 5 day taking started period worried there way around pill work currently period worse cramp usual happy pregnant 18 ready child yet definitely wake call accident happen safe take precaution
133091,Tri-Sprintec,birth control,well took tri sprintec couple month problem stopped taking month got back almost month since ive back first week bloated uncomfortable starting peeing lot felt nausea 2 week would keep night nausea went away boob felt little sore symptom slowly went away big problem making obsess stomach im naturally skinny made gain much weight top im still extremely bloated really making really upset thinking changing bc havent period month yet start next week,2.0,"May 20, 2015",7,birth control well took tri sprintec couple month problem stopped taking month got back almost month since ive back first week bloated uncomfortable starting peeing lot felt nausea 2 week would keep night nausea went away boob felt little sore symptom slowly went away big problem making obsess stomach im naturally skinny made gain much weight top im still extremely bloated really making really upset thinking changing bc havent period month yet start next week
204545,BuSpar,anxiety,ive buspar 6 week first headache turned migraine taking 15 mg 15 pm prescribed longer experienced anxiety attack handle stress much better,8.0,"November 27, 2011",23,anxiety ive buspar 6 week first headache turned migraine taking 15 mg 15 pm prescribed longer experienced anxiety attack handle stress much better
127693,Phentermine,weight loss,started taking phentermine february weighing 207 april 2nd im 191 doctor prescribed topamax since weight 2 week today first night taking topamax unsure taking side effect hopefully go good week,7.0,"April 5, 2017",7,weight loss started taking phentermine february weighing 207 april 2nd im 191 doctor prescribed topamax since weight 2 week today first night taking topamax unsure taking side effect hopefully go good week
88963,Singulair,"asthma, maintenance",used drug 15 year asthma triggered inhalant original version totally controlled symptom used generic came cost started mild asthma symptom within day local target switched another generic developed hypersensitivity pneumonitis diagnosed 20000 lab work bronchoscopy back original singulairand problem really control asthma allergic reaction,10.0,"September 7, 2017",9,"asthma, maintenance used drug 15 year asthma triggered inhalant original version totally controlled symptom used generic came cost started mild asthma symptom within day local target switched another generic developed hypersensitivity pneumonitis diagnosed 20000 lab work bronchoscopy back original singulairand problem really control asthma allergic reaction"
227813,Etonogestrel,birth control,implanon inserted 6 month ago love birth control relatively painless insertion great trouble remembering take pill post partum depression didnt treat implanon intensified feeling depression knew depressed insertion antidepressant 6 month done soon everyone different dont afraid try form birth control didnt period 6 month one last week 3 day light love unusual side effect,10.0,"October 28, 2011",0,birth control implanon inserted 6 month ago love birth control relatively painless insertion great trouble remembering take pill post partum depression didnt treat implanon intensified feeling depression knew depressed insertion antidepressant 6 month done soon everyone different dont afraid try form birth control didnt period 6 month one last week 3 day light love unusual side effect
21927,Eliquis,prevention of thromboembolism in atrial fibrillation,following problem occur taking eliquis first want mention also sotalol since 2008 taken alone side effect 80mg 40mg pm seems drug try effect sotalol although register say inteaction drug beside run family u 3 problem almost drug eliquis headache restless heartbeat perspiring dizziness physical instability general weakness shaky legsetc generally unhappy,4.0,"August 18, 2017",9,prevention of thromboembolism in atrial fibrillation following problem occur taking eliquis first want mention also sotalol since 2008 taken alone side effect 80mg 40mg pm seems drug try effect sotalol although register say inteaction drug beside run family u 3 problem almost drug eliquis headache restless heartbeat perspiring dizziness physical instability general weakness shaky legsetc generally unhappy
95565,Bontril Slow Release,obesity,im taking bontril today week lost least 3 lb eat 14th focused taking drink lot water mouth dry,9.0,"March 24, 2009",43,obesity im taking bontril today week lost least 3 lb eat 14th focused taking drink lot water mouth dry
208476,Clomid,emale infertility,im trying baby 17 month first month trying clomid 50mg day 59 still nothing im period regulary baby look like doesnt work far,1.0,"June 23, 2017",2,emale infertility im trying baby 17 month first month trying clomid 50mg day 59 still nothing im period regulary baby look like doesnt work far
39946,Contrave,obesity,medicine month lot trouble palpitation heart hurt high blood pressure dont know stop taking drug lost 20 pound already,8.0,"August 6, 2015",16,obesity medicine month lot trouble palpitation heart hurt high blood pressure dont know stop taking drug lost 20 pound already
120992,Venlafaxine,depression,prystiq 8 month thought mood swing irritability paranoid thought anxiousness etc thing past also prystiq expensive drug covered pharmacy coverage quit cold turkey brain zap zombie mode feeling horrible part endured symptom quickly subsided came back month stopping prystiq little dark cloud thing thought past difficult coping day two effexor cost penny dollar compared prystiq nausea intense know stick result best,6.0,"July 7, 2017",0,depression prystiq 8 month thought mood swing irritability paranoid thought anxiousness etc thing past also prystiq expensive drug covered pharmacy coverage quit cold turkey brain zap zombie mode feeling horrible part endured symptom quickly subsided came back month stopping prystiq little dark cloud thing thought past difficult coping day two effexor cost penny dollar compared prystiq nausea intense know stick result best
71615,Tramadol,chronic pain,medication 4 year due ankylosing spondylitis find pretty effective however found medication caused unexpected side effect pointed shortly taking dose undertake massive project normally wouldnt become extremely talkative insomnia motivation wasnt originally diagnosed bipolar year ago symptom hypermania aspect bipolar disorder doctor found ultram put manic state medication begin wear tend become anxious agitated study reflecting online would recommend medication bipolar,7.0,"December 1, 2017",2,chronic pain medication 4 year due ankylosing spondylitis find pretty effective however found medication caused unexpected side effect pointed shortly taking dose undertake massive project normally wouldnt become extremely talkative insomnia motivation wasnt originally diagnosed bipolar year ago symptom hypermania aspect bipolar disorder doctor found ultram put manic state medication begin wear tend become anxious agitated study reflecting online would recommend medication bipolar
223240,Estradiol,postmenopausal symptoms,work well mood swing hot flash side effect great dizziness sore breast however seem dissipating go first month dos,6.0,"September 23, 2009",64,postmenopausal symptoms work well mood swing hot flash side effect great dizziness sore breast however seem dissipating go first month dos
163982,Fluorouracil,skin cance,used month ago upper chest skin look 20 year younger surgery took advantage week prior starting area would never thought worst thankful used product help prevent stop slow issue would turn cancer,10.0,"July 5, 2014",32,skin cance used month ago upper chest skin look 20 year younger surgery took advantage week prior starting area would never thought worst thankful used product help prevent stop slow issue would turn cancer
472,Medroxyprogesterone,birth control,depo shot extremely effective however horrible experience mood change became absolute terror began becoming depressed one shot switching back pill,8.0,"April 30, 2015",1,birth control depo shot extremely effective however horrible experience mood change became absolute terror began becoming depressed one shot switching back pill
35411,Levofloxacin,sinusitis,started taking levaquin 12 hour ago muscle weak iu2019m dizzy restless didnu2019t sleep last night hard time focusing iu2019m sure great drug need go extreme itu2019s little much iu2019m calling doctor get morning,5.0,"December 15, 2009",15,sinusitis started taking levaquin 12 hour ago muscle weak iu2019m dizzy restless didnu2019t sleep last night hard time focusing iu2019m sure great drug need go extreme itu2019s little much iu2019m calling doctor get morning
56702,Meclizine,vertig,ive vertigo year take meclizine vertigo since morning meclizine working taking 125 mg used take 25 couldnt stay awake doctor cut dosage half miserable cant lay sit living chair tonight,3.0,"October 25, 2015",21,vertig ive vertigo year take meclizine vertigo since morning meclizine working taking 125 mg used take 25 couldnt stay awake doctor cut dosage half miserable cant lay sit living chair tonight
230414,Depo-Provera,abnormal uterine bleeding,started depo shot january due extremely heavy period gotten point missing school day every month laying bed menstrual cycle bad decided try depo shot ive year recently spotting shot depo shot helped much longer period except occasional spotting feel much better granted get occasional migraine spotting cramp id say shot definitely worth,8.0,"November 8, 2013",24,abnormal uterine bleeding started depo shot january due extremely heavy period gotten point missing school day every month laying bed menstrual cycle bad decided try depo shot ive year recently spotting shot depo shot helped much longer period except occasional spotting feel much better granted get occasional migraine spotting cramp id say shot definitely worth
229250,Tadalafil,erectile dysfunction,available drugstore 20mg cialis used take one every weekend satisfactorily enjoy side problem headache muscle ache two month ago started divide 20mg bill three ie third per week ie 20mg cialis three week working effectively,10.0,"December 30, 2009",66,erectile dysfunction available drugstore 20mg cialis used take one every weekend satisfactorily enjoy side problem headache muscle ache two month ago started divide 20mg bill three ie third per week ie 20mg cialis three week working effectively
217212,Clarithromycin,pertussis,started taking tablet feel bit rubbish already 2am vile horrid taste mouth tried swilling mouth copius amount water work stomach making hideous gurgling noise feel gassy sensitive stomach know drug going cripple however breathing seems little itsy improved doc say whooping cough 10 day yet 19 big horrid bulky tablet suffer yet,6.0,"August 23, 2017",0,pertussis started taking tablet feel bit rubbish already 2am vile horrid taste mouth tried swilling mouth copius amount water work stomach making hideous gurgling noise feel gassy sensitive stomach know drug going cripple however breathing seems little itsy improved doc say whooping cough 10 day yet 19 big horrid bulky tablet suffer yet
199378,Depo-Provera,birth control,ive shot year absolutely hate ive gained much weight talking like 40 lb like cant stop eating craving absolutely horrible im always hungry work cant seem lose weight im 17 year old birth control method something would suggest anyone except fact effective pregnancy,10.0,"August 10, 2015",1,birth control ive shot year absolutely hate ive gained much weight talking like 40 lb like cant stop eating craving absolutely horrible im always hungry work cant seem lose weight im 17 year old birth control method something would suggest anyone except fact effective pregnancy
104902,Ethinyl estradiol / levonorgestrel,birth control,used take another oral contraceptive 21 pill cycle happy light period max 5 day side effect contained hormone gestodene available u switched lybrel ingredient similar pill ended started lybrel immediately first day period instruction said period lasted two week taking second pack two week third pack thing got even worse third period lasted two week end third week still daily brown discharge positive side didnt side effect idea period free tempting ala,5.0,"December 14, 2009",17,birth control used take another oral contraceptive 21 pill cycle happy light period max 5 day side effect contained hormone gestodene available u switched lybrel ingredient similar pill ended started lybrel immediately first day period instruction said period lasted two week taking second pack two week third pack thing got even worse third period lasted two week end third week still daily brown discharge positive side didnt side effect idea period free tempting ala
97428,St. john's wort,depression,use st john wort great success working away sea lighten mood coming family big history mental condition im one refuse take prescribed medication help get careful coming tend slip back hole stoppedtry exercise get lot fresh air lung taking avoid alcohol full stop,8.0,"July 1, 2014",155,depression use st john wort great success working away sea lighten mood coming family big history mental condition im one refuse take prescribed medication help get careful coming tend slip back hole stoppedtry exercise get lot fresh air lung taking avoid alcohol full stop
109183,Nexplanon,birth control,got nexplanon august 2016 bleeding since three day getting bleeding spell would last 714 day would free 37 day bleeding first getting depressed constantly would cry someone would pull front traffic awful 4 month went talked doctor told wait til 6 month mark wanted work paid much implant 7 month concerning amount tissue clotting want want play game awful everyone different roller coaster im going diff doc remove,1.0,"March 14, 2017",2,birth control got nexplanon august 2016 bleeding since three day getting bleeding spell would last 714 day would free 37 day bleeding first getting depressed constantly would cry someone would pull front traffic awful 4 month went talked doctor told wait til 6 month mark wanted work paid much implant 7 month concerning amount tissue clotting want want play game awful everyone different roller coaster im going diff doc remove
208635,Amlodipine / olmesartan,high blood pressure,azor 1020 blood pressure year lot said drug work contact kept level started losing hair time worst part cut hair started noticing falling thought coming taking care well enough azor hair loss listed one side affect started losing hair patch research saw others problem w azor top muscle pain arm every night causing husband stay finally made appt primary switch drug good drug two many side affect,6.0,"January 12, 2016",7,high blood pressure azor 1020 blood pressure year lot said drug work contact kept level started losing hair time worst part cut hair started noticing falling thought coming taking care well enough azor hair loss listed one side affect started losing hair patch research saw others problem w azor top muscle pain arm every night causing husband stay finally made appt primary switch drug good drug two many side affect
195006,Levetiracetam,seizures,taking keppra 1 week side effect drowziness dizziness one thing thats bad taste mouth time lot thing make sick eat like chicken pork sewer taste mouth matter bad brush teeth wont go away dont take medicine besides keppra epilepsy used take depakote taken 18 weight gain seizure 5 year got doctor put keppra told help,7.0,"March 8, 2009",4,seizures taking keppra 1 week side effect drowziness dizziness one thing thats bad taste mouth time lot thing make sick eat like chicken pork sewer taste mouth matter bad brush teeth wont go away dont take medicine besides keppra epilepsy used take depakote taken 18 weight gain seizure 5 year got doctor put keppra told help
199451,Depo-Provera,abnormal uterine bleeding,experience shot awful say least gained 40 lb became extremely depressed started anxiety got shot 3 time gained much weight struggling body image due shot huge effect joint well weak always sick stomach issue always tired never symptom starting mention didnt help period 3 week straight day id start perfectly healthy ruined life never take medicine,1.0,"June 18, 2015",18,abnormal uterine bleeding experience shot awful say least gained 40 lb became extremely depressed started anxiety got shot 3 time gained much weight struggling body image due shot huge effect joint well weak always sick stomach issue always tired never symptom starting mention didnt help period 3 week straight day id start perfectly healthy ruined life never take medicine
5544,Almotriptan,migraine,medicine work every time take zero bad side effect downside cost cost mean migraine must drag,10.0,"November 27, 2013",8,migraine medicine work every time take zero bad side effect downside cost cost mean migraine must drag
39603,Contrave,obesity,contrave since jan 2 2016 lost 12lbs experience nausea beginning happy starting medication help curbe binge eating depression,9.0,"January 26, 2016",1,obesity contrave since jan 2 2016 lost 12lbs experience nausea beginning happy starting medication help curbe binge eating depression
205786,Pristiq,depression,increase happiness amazing taking effexor wellbutrin 4 yr day 5 pristiq really love scaling effexor extremely difficult poor kiddy kept explaining mad change crazy pill call still wellbutrin would love see decrease weight emotional eater tend think food constantly eat clock actually forgot eat lunch weekend hubby say girl fell love,8.0,"April 11, 2011",11,depression increase happiness amazing taking effexor wellbutrin 4 yr day 5 pristiq really love scaling effexor extremely difficult poor kiddy kept explaining mad change crazy pill call still wellbutrin would love see decrease weight emotional eater tend think food constantly eat clock actually forgot eat lunch weekend hubby say girl fell love
129008,Levonorgestrel,emergency contraception,boyfriend sex sudden condom broke oops happened took pill 67 hour later thought late take wasnt side effect also got period right time thanks plan b,10.0,"November 21, 2015",25,emergency contraception boyfriend sex sudden condom broke oops happened took pill 67 hour later thought late take wasnt side effect also got period right time thanks plan b
207044,Zarah,birth control,im 25 basically taking birth control acne tried many different pill least favorite took 2 month small framed 98lbs 5 feel much hormone small body first month getting anxiety around period time cry spell crampy heavy flow mood swingsmy poor boyfriend never happened pill ive taken anxiousness scared gave another month really much change acne clear weight gain sex drive great overall switched monessa week ago much lower dose bc pill far good everyones different good luck,5.0,"September 15, 2015",1,birth control im 25 basically taking birth control acne tried many different pill least favorite took 2 month small framed 98lbs 5 feel much hormone small body first month getting anxiety around period time cry spell crampy heavy flow mood swingsmy poor boyfriend never happened pill ive taken anxiousness scared gave another month really much change acne clear weight gain sex drive great overall switched monessa week ago much lower dose bc pill far good everyones different good luck
142069,Escitalopram,depression,lexapro almost 5 month great really helped lot dont negative thought like actually positive thought downside see drowsiness super sensitive come medicine cause drowsiness function go around yawning lot getting better though tried taking bed see would help,9.0,"May 28, 2008",41,depression lexapro almost 5 month great really helped lot dont negative thought like actually positive thought downside see drowsiness super sensitive come medicine cause drowsiness function go around yawning lot getting better though tried taking bed see would help
193649,Symbicort,"asthma, maintenance",got older asthma got worse eventually doctor gave symbicort absolutely loved would totally recommend use day able go day shortness breath finally confident enough engage lot activity without fear struggling problem medication missed dose found would full blown asthma attack dont know anyone else problem,8.0,"May 7, 2011",38,"asthma, maintenance got older asthma got worse eventually doctor gave symbicort absolutely loved would totally recommend use day able go day shortness breath finally confident enough engage lot activity without fear struggling problem medication missed dose found would full blown asthma attack dont know anyone else problem"
43462,Hydromorphone,chronic pain,failed back surgery orthopedic surgeon kept telling u201cshouldu201d walking could get wheel chair 12 week without assistance could walk without severe pain doc eventually found bone fragment pushed spine rather removed bone cement used repair crushed vertebra could u201ctryu201d remove redo surgery chance able walk ever far high justify risk surgery brilliant pain management specialist la found combination dilaudid morphine worked well starting pain medication able stand eventually walk,8.0,"November 30, 2014",95,chronic pain failed back surgery orthopedic surgeon kept telling u201cshouldu201d walking could get wheel chair 12 week without assistance could walk without severe pain doc eventually found bone fragment pushed spine rather removed bone cement used repair crushed vertebra could u201ctryu201d remove redo surgery chance able walk ever far high justify risk surgery brilliant pain management specialist la found combination dilaudid morphine worked well starting pain medication able stand eventually walk
44949,Fluoxetine,premenstrual dysphoric disorde,im 51 premenopausal day month around ovulation id go normal self eeyore statethe smallest thing could set increasingly downward spiral depression finally told amazing doctor explained truly pmdd menopausal related small dose prozac day per month would help problem tremendously actual depression would work well quickly absolutely right using 5 mg dose small get 10 mg pill break half take approx 3 day critical take first sign depression able take root,10.0,"July 8, 2017",6,premenstrual dysphoric disorde im 51 premenopausal day month around ovulation id go normal self eeyore statethe smallest thing could set increasingly downward spiral depression finally told amazing doctor explained truly pmdd menopausal related small dose prozac day per month would help problem tremendously actual depression would work well quickly absolutely right using 5 mg dose small get 10 mg pill break half take approx 3 day critical take first sign depression able take root
214159,Tioconazole,vaginal yeast infection,horrible horrible experience drug immediately used bedtime started feeling burning sensation woke 330 severe burning couldnt go back sleep went bathroom bleeding monthly cycle helped problem made worse please monistat manufacturer take terrible drug market woman experience would even give drug rat,1.0,"March 31, 2016",6,vaginal yeast infection horrible horrible experience drug immediately used bedtime started feeling burning sensation woke 330 severe burning couldnt go back sleep went bathroom bleeding monthly cycle helped problem made worse please monistat manufacturer take terrible drug market woman experience would even give drug rat
112310,Gabapentin,hot flashes,physician recommends 100mg three time daily take 100 mg twice day significantly reduced number episode also high intensity interval training also act hypothalamus brain help set body temperature two whole lot comfortable,10.0,"December 16, 2016",16,hot flashes physician recommends 100mg three time daily take 100 mg twice day significantly reduced number episode also high intensity interval training also act hypothalamus brain help set body temperature two whole lot comfortable
68064,Plan B,emergency contraception,id lying said first time ive taken plan b due sexy time slip fact third first 10 year ago wasnt otc 2 pill recent dec 18th ovulation day didnt realize fact took plan b maybe two hour afterwards weekend super fatigued crampy well following week felt fine period come new year eve monday cramp started back tuesday spotting nye period started ended 4th today noticed little bit spotting ive happen plan b preggers finally calling vasectomy,10.0,"January 6, 2016",4,emergency contraception id lying said first time ive taken plan b due sexy time slip fact third first 10 year ago wasnt otc 2 pill recent dec 18th ovulation day didnt realize fact took plan b maybe two hour afterwards weekend super fatigued crampy well following week felt fine period come new year eve monday cramp started back tuesday spotting nye period started ended 4th today noticed little bit spotting ive happen plan b preggers finally calling vasectomy
94884,Abilify,bipolar disorde,abilify gave total erectile dysfunction spasm made fatigued even took night time made feel quite agitated inside medication month say whether controlled symptom effectively may work however side effect unbearable,2.0,"May 8, 2012",12,bipolar disorde abilify gave total erectile dysfunction spasm made fatigued even took night time made feel quite agitated inside medication month say whether controlled symptom effectively may work however side effect unbearable
61163,Xyzal,allergies,first 2 bottle bought amazing took night indicated slept well morning hangover best allergy symptom 3rd bottle however feel though havent taken anything taking medication bottle approximately 2 week sure got bad batch buy smaller bottle next time make sure,6.0,"June 6, 2017",5,allergies first 2 bottle bought amazing took night indicated slept well morning hangover best allergy symptom 3rd bottle however feel though havent taken anything taking medication bottle approximately 2 week sure got bad batch buy smaller bottle next time make sure
44888,Fluoxetine,major depressive disorde,doctor switched cymbalta prozac cymbalta didnt seem working longer started taking 10mg per day taking 20mg per day taking prozac night going bed noticed lot trouble getting sleep reading dosing information realized needed taking medication morning start morning holding dose tonight time ive taking medication depressive episode unable handle taking depression test high past continue med change taking morn,8.0,"September 13, 2017",12,major depressive disorde doctor switched cymbalta prozac cymbalta didnt seem working longer started taking 10mg per day taking 20mg per day taking prozac night going bed noticed lot trouble getting sleep reading dosing information realized needed taking medication morning start morning holding dose tonight time ive taking medication depressive episode unable handle taking depression test high past continue med change taking morn
182418,Mirena,birth control,ive 6 day dont kid young compared user tilted uterus chose use numbing shot doctor said needle would hurt bad insertion took 400mg ibuprofen 1 hour insertion hurt 20 second kind reverse contraction 2 hour directed take 800mg ibuprofen suggest going 2 insertion since painful since insertion ive minor spotting little pain use tampon painful remove use diva cup go dont scared horrible review people write review something go wrong,9.0,"March 13, 2010",131,birth control ive 6 day dont kid young compared user tilted uterus chose use numbing shot doctor said needle would hurt bad insertion took 400mg ibuprofen 1 hour insertion hurt 20 second kind reverse contraction 2 hour directed take 800mg ibuprofen suggest going 2 insertion since painful since insertion ive minor spotting little pain use tampon painful remove use diva cup go dont scared horrible review people write review something go wrong
147358,Alprazolam,anxiety,xanax xr similar klonopin slow start around hour last long time 812 hour subtle effect big high low anxiety like regular xanax ir highly recommend xanax xr allday day relief anxiety panic attack might want regular xanax ativan around panic attack required needed basis panic attack,8.0,"October 17, 2011",64,anxiety xanax xr similar klonopin slow start around hour last long time 812 hour subtle effect big high low anxiety like regular xanax ir highly recommend xanax xr allday day relief anxiety panic attack might want regular xanax ativan around panic attack required needed basis panic attack
192950,Drospirenone / ethinyl estradiol,birth control,ive ocella going almost year boom longer generic 35 buck month 90 buy 3 month thats insurance matter three month last refilled prescription upsetting one manufacturer brand im sure work insurance cover reason given increase im nervous switching something else thats outrageous pay especially economy 15 buck 3 month worth nice hopefully switch doesnt cost elsewhere think great birth control would continue use could afford,9.0,"October 16, 2009",6,birth control ive ocella going almost year boom longer generic 35 buck month 90 buy 3 month thats insurance matter three month last refilled prescription upsetting one manufacturer brand im sure work insurance cover reason given increase im nervous switching something else thats outrageous pay especially economy 15 buck 3 month worth nice hopefully switch doesnt cost elsewhere think great birth control would continue use could afford
209824,Phosphorated carbohydrate solution,nausea/vomiting,best amazingly cost 5 zofran cost 50 nausea subsided time finished chewing second tablet nauzene stuff amazing thing flavor awful nauseatedit made mint flavor instead,10.0,"August 3, 2015",18,nausea/vomiting best amazingly cost 5 zofran cost 50 nausea subsided time finished chewing second tablet nauzene stuff amazing thing flavor awful nauseatedit made mint flavor instead
196040,Stendra,erectile dysfunction,terrible used vardenafil sildenafil taladafil without issue levitra viagra cialis cost tried switching stendra rarely side effect medicine stuff terrible guaranteed break cold sweat heart racing feel like im die take many medication took awhile zone problem sure enough painful trial error learned stendra terrbile body best luck work never,1.0,"March 17, 2016",14,erectile dysfunction terrible used vardenafil sildenafil taladafil without issue levitra viagra cialis cost tried switching stendra rarely side effect medicine stuff terrible guaranteed break cold sweat heart racing feel like im die take many medication took awhile zone problem sure enough painful trial error learned stendra terrbile body best luck work never
216148,Copper,birth control,paragard inserted 3 month ago 34 never child lot research looked review online fully know expect far insertion pretty point major cramp started lasted 5 minute someone take drive home glad cramping got worse stopped short nap felt mild cramping throughout rest cycle period bit irregular spotting almost daily since insertion read expected flow seems normal far far pain discomfort light spotting irregular period seems good far update month,8.0,"July 10, 2015",16,birth control paragard inserted 3 month ago 34 never child lot research looked review online fully know expect far insertion pretty point major cramp started lasted 5 minute someone take drive home glad cramping got worse stopped short nap felt mild cramping throughout rest cycle period bit irregular spotting almost daily since insertion read expected flow seems normal far far pain discomfort light spotting irregular period seems good far update month
104881,Ethinyl estradiol / levonorgestrel,birth control,im 2nd week taking aviane far ive dealing insanely annoying mood swing extremely emotional made period last longer normally also got dizzy 3rd day pill occasionally get bit balance im going try stick month im still like im going see could switch medicine,5.0,"January 20, 2010",3,birth control im 2nd week taking aviane far ive dealing insanely annoying mood swing extremely emotional made period last longer normally also got dizzy 3rd day pill occasionally get bit balance im going try stick month im still like im going see could switch medicine
148693,Mirena,birth control,love method birth control heavy period cramping since 11 mirena virtually erased period light spotting since insertion 2 month ago thats small price pay zero cramp zero crazy side effect like experienced various brand oral contraceptive 2 kid thats enough im happy dont worry birth control next 5 year insertion breeze 30 second heavy crampy pain light headedness fine didnt take painkiller dr supplied prior procedure,10.0,"July 7, 2016",6,birth control love method birth control heavy period cramping since 11 mirena virtually erased period light spotting since insertion 2 month ago thats small price pay zero cramp zero crazy side effect like experienced various brand oral contraceptive 2 kid thats enough im happy dont worry birth control next 5 year insertion breeze 30 second heavy crampy pain light headedness fine didnt take painkiller dr supplied prior procedure
211699,Lamotrigine,bipolar disorde,3 day use itchy scalp within 2 week taken due itchy rash neck face getting worse 2 week new medication still breakout,1.0,"June 9, 2017",11,bipolar disorde 3 day use itchy scalp within 2 week taken due itchy rash neck face getting worse 2 week new medication still breakout
159458,Nefazodone,depression,taken antidepressant long market remains antidepressant work almost zero side effect compared tricyclic ssri snris tried drug class unfortunately probably remain antidepressant gave back life calmed panic attack even helped social phobia bad given bad rap hardly prescribed anymore,10.0,"May 27, 2009",61,depression taken antidepressant long market remains antidepressant work almost zero side effect compared tricyclic ssri snris tried drug class unfortunately probably remain antidepressant gave back life calmed panic attack even helped social phobia bad given bad rap hardly prescribed anymore
95331,Otezla,plaque psoriasis,reading endless negativity review feel almost guilty say big fan otezla developed mild severe psoriasis around 33 tried ointment cortisone injection laser light treatment option lighttemporary relief started otezla 1117 immediate positive result little nausea first along slight headache bowel issue side effect subsided within couple week havent lost weight depressed sad fact quite opposite due clear skinconfidence im happier ive year im 99 clear never thought id able wear little short beach clear skin big fan feel blessed hope helped youre fence,9.0,"October 3, 2017",12,plaque psoriasis reading endless negativity review feel almost guilty say big fan otezla developed mild severe psoriasis around 33 tried ointment cortisone injection laser light treatment option lighttemporary relief started otezla 1117 immediate positive result little nausea first along slight headache bowel issue side effect subsided within couple week havent lost weight depressed sad fact quite opposite due clear skinconfidence im happier ive year im 99 clear never thought id able wear little short beach clear skin big fan feel blessed hope helped youre fence
161875,Ciprofloxacin,urinary tract infection,67 year old female history uti last week pa prescribed cipro 250 cant sleep horrible heartburn belching burning 3 tab left finish taking helped uti take,8.0,"August 14, 2017",9,urinary tract infection 67 year old female history uti last week pa prescribed cipro 250 cant sleep horrible heartburn belching burning 3 tab left finish taking helped uti take
45610,Fluoxetine,depression,suffer depression worsened onset menopause son adhd husband hf autism life stressful fluoxetine calmed helped see positive lifestyle drawback include dry mouth initially put 2 stone managed lose fluctuate 20mg 40mg depending testing thing get come several time also reduced one 20mg every day increased hope able come point,7.0,"July 20, 2013",6,depression suffer depression worsened onset menopause son adhd husband hf autism life stressful fluoxetine calmed helped see positive lifestyle drawback include dry mouth initially put 2 stone managed lose fluctuate 20mg 40mg depending testing thing get come several time also reduced one 20mg every day increased hope able come point
135961,Acamprosate,alcohol dependence,day 5 campral first day took like depressed empty void inside know alcohol withdrawal filled felt whole day 5 feel even better like dream free craving withdrawal spent many year drinking life back opened eye feel normal side effect im four tablet day tried aana 2 year couldnt stay sober longer 8 month finally peace mind craving im functioning like normal person thank doc,10.0,"June 6, 2015",111,alcohol dependence day 5 campral first day took like depressed empty void inside know alcohol withdrawal filled felt whole day 5 feel even better like dream free craving withdrawal spent many year drinking life back opened eye feel normal side effect im four tablet day tried aana 2 year couldnt stay sober longer 8 month finally peace mind craving im functioning like normal person thank doc
84031,Ethinyl estradiol / norgestimate,birth control,ive trisprintec month im already severe side effect nausea headache acne worse ive ever life worst severe anxiety depression second week experienced suicidal intrusive thought caused go panic attack upside helped heavy flow shortened period 6 7 day 4 day would much rather live long heavy period went week straight,1.0,"June 15, 2017",4,birth control ive trisprintec month im already severe side effect nausea headache acne worse ive ever life worst severe anxiety depression second week experienced suicidal intrusive thought caused go panic attack upside helped heavy flow shortened period 6 7 day 4 day would much rather live long heavy period went week straight
151955,Chantix,smoking cessation,actually 2nd time quitting chantix successful time ready dedicated im stubborn smoking 35 year quit first time felt like lost best friend kind time proud quit care vanity lose couple lb put mean least around life little healthier longer happier nicotine,10.0,"February 5, 2012",5,smoking cessation actually 2nd time quitting chantix successful time ready dedicated im stubborn smoking 35 year quit first time felt like lost best friend kind time proud quit care vanity lose couple lb put mean least around life little healthier longer happier nicotine
85917,Ethinyl estradiol / norgestimate,acne,skeptical trying pill generic heard negative thing two month far weight gain nausea mood swing reported side effect best part pill completely cleared cystic acne week couple pill horrible side effect find pill work best body one seems work best mine,10.0,"August 25, 2012",21,acne skeptical trying pill generic heard negative thing two month far weight gain nausea mood swing reported side effect best part pill completely cleared cystic acne week couple pill horrible side effect find pill work best body one seems work best mine
103395,Treprostinil,pulmonary hypertension,taking tyvaso approximately 6 month havent adverse effect side effect medicine course include cough sore throat hoarseness occasional headache muscle ache overall worth,9.0,"September 15, 2014",8,pulmonary hypertension taking tyvaso approximately 6 month havent adverse effect side effect medicine course include cough sore throat hoarseness occasional headache muscle ache overall worth
125008,Dulcolax,constipation,took 1 pill around 3pm due severe constipation hard stool caused pain medication last week fine around 8pm suddenly started severe stomach cramp continued finally passed hard stool around 930pm still severely bloated intense stomach pain nearly 10pm stuck toilet severe stomach pain hoping pas stool see bloated area moving stomach take medicine pain worth hoping pain pas soon scared review read nausea vomiting,1.0,"September 30, 2017",9,constipation took 1 pill around 3pm due severe constipation hard stool caused pain medication last week fine around 8pm suddenly started severe stomach cramp continued finally passed hard stool around 930pm still severely bloated intense stomach pain nearly 10pm stuck toilet severe stomach pain hoping pas stool see bloated area moving stomach take medicine pain worth hoping pain pas soon scared review read nausea vomiting
156872,Ibrutinib,chronic lymphocytic leukemia,began medicine october 2016 age 62 saw immediate result lost sister leukemia 9 month prior treatment decided begin fairly new fda approved regimen line treatment result amazing lymph node began shrinking immediately 6 week none palpable due onset afib oncologist would like switch clinical trial using next generation ibrutinib medication showing less side affect particularly afib next generation drug showing less side affect particularly afib considering,9.0,"April 12, 2017",20,chronic lymphocytic leukemia began medicine october 2016 age 62 saw immediate result lost sister leukemia 9 month prior treatment decided begin fairly new fda approved regimen line treatment result amazing lymph node began shrinking immediately 6 week none palpable due onset afib oncologist would like switch clinical trial using next generation ibrutinib medication showing less side affect particularly afib next generation drug showing less side affect particularly afib considering
151641,Chantix,smoking cessation,amazed smoke free year taking chantix awesome dream seriously awesome vivid loved day taking med taste cigarette terrible help craving go away seriously best thing help quit husband quit three month started back started smoke two pack day need continue chantix month never stop quitting know many people quit using chantix wish version weight loss,10.0,"May 2, 2015",24,smoking cessation amazed smoke free year taking chantix awesome dream seriously awesome vivid loved day taking med taste cigarette terrible help craving go away seriously best thing help quit husband quit three month started back started smoke two pack day need continue chantix month never stop quitting know many people quit using chantix wish version weight loss
154228,Cyanocobalamin,vitamin b12 deficiency,couldnt happier calomist ive using 4 month would recommend anyone taking form b12 used get b12 injection anymore,10.0,"July 15, 2008",23,vitamin b12 deficiency couldnt happier calomist ive using 4 month would recommend anyone taking form b12 used get b12 injection anymore
117870,Simponi,rheumatoid arthritis,im mid severe ra patient ra 45 year quickly diagnosed less 6 month prescribed simponi canada doctor got lined simponi started give free charge drug company pay lucky remission since started 4 year ago colin,10.0,"July 8, 2017",4,rheumatoid arthritis im mid severe ra patient ra 45 year quickly diagnosed less 6 month prescribed simponi canada doctor got lined simponi started give free charge drug company pay lucky remission since started 4 year ago colin
215285,Lubiprostone,irritable bowel syndrome,started taking amitiza 4 month ago miracle worker ibs 20 year turned 40 last week decided figure something doctor take seriously first 3 month took 2 pill day switched 1 benefiber pm result go least day day twice totally recommend better doctor ever done,10.0,"December 16, 2008",83,irritable bowel syndrome started taking amitiza 4 month ago miracle worker ibs 20 year turned 40 last week decided figure something doctor take seriously first 3 month took 2 pill day switched 1 benefiber pm result go least day day twice totally recommend better doctor ever done
128347,Phentermine,weight loss,started taking tablet 10272015 weighing 328 im 22 year old female 57 within one month im 305 dr switched pill tablet capsule dont really know difference capsule seem work little stronger work 3xs week whenever work behind computer screen day everyday far im loving medication,9.0,"November 24, 2015",50,weight loss started taking tablet 10272015 weighing 328 im 22 year old female 57 within one month im 305 dr switched pill tablet capsule dont really know difference capsule seem work little stronger work 3xs week whenever work behind computer screen day everyday far im loving medication
192617,Drospirenone / ethinyl estradiol,birth control,ive yaz year first wonderful helped eliminate painful cramp suffering side effect lost weight acne past 2 month ive extremely moody depressed tired cant wait go see doctor switch affecting social life big time,5.0,"June 13, 2012",6,birth control ive yaz year first wonderful helped eliminate painful cramp suffering side effect lost weight acne past 2 month ive extremely moody depressed tired cant wait go see doctor switch affecting social life big time
184101,Hydroxyzine,anxiety,far good prescribed 25mg 2x day relieved something tame anxiety flight two toddler take 40mg paxil taking intense anxiety flare ups made tired first day im great finally able enjoy kid life ive taken benzos year im fan due tolerance withdrawal symptom downside hydroxyzine far odd anxiety falling asleep wake due feeling breathe go hour im hoping fade enjoy benefit medication,9.0,"January 14, 2017",25,anxiety far good prescribed 25mg 2x day relieved something tame anxiety flight two toddler take 40mg paxil taking intense anxiety flare ups made tired first day im great finally able enjoy kid life ive taken benzos year im fan due tolerance withdrawal symptom downside hydroxyzine far odd anxiety falling asleep wake due feeling breathe go hour im hoping fade enjoy benefit medication
230382,Meloxicam,osteoarthritis,celebrex 200 2x day year pain much dose reduced changed meloxicam 15 1x day work good reviewer plantar fascitis month work quality pair compression foot sleeve foot pain gone wearing 34 day wear day everyday fs6 brand,9.0,"November 1, 2014",48,osteoarthritis celebrex 200 2x day year pain much dose reduced changed meloxicam 15 1x day work good reviewer plantar fascitis month work quality pair compression foot sleeve foot pain gone wearing 34 day wear day everyday fs6 brand
51146,Azithromycin,bronchitis,went er morning bad cough chest pain told bronchitis given two pill hospital 1 hour half stomach cramping horribly severe diarrhea taking remainder medicine honey lemon,1.0,"May 16, 2016",7,bronchitis went er morning bad cough chest pain told bronchitis given two pill hospital 1 hour half stomach cramping horribly severe diarrhea taking remainder medicine honey lemon
76221,Liraglutide,obesity,’ saxenda 2 week 5 day ’ already lost 10 lb 18 dosage doctor appointment next week maybe increase dose time also ’ exercising either ’ averaging 1000 1200 calorie day starting weight 220 lb morning ’ 210 lb ’ tried every weight loss program imagine nothing come close weight loss long way go get goal weight interesting see weight loss continues pace ’ really hopeful update post find,10.0,"December 11, 2017",0,obesity ’ saxenda 2 week 5 day ’ already lost 10 lb 18 dosage doctor appointment next week maybe increase dose time also ’ exercising either ’ averaging 1000 1200 calorie day starting weight 220 lb morning ’ 210 lb ’ tried every weight loss program imagine nothing come close weight loss long way go get goal weight interesting see weight loss continues pace ’ really hopeful update post find
188696,ParaGard,birth control,honestly best birth control ever heavy period cramp heavy bleeding come low iron 9 month forget sometimes first period heavy care ill recommend anyone,9.0,"December 29, 2015",9,birth control honestly best birth control ever heavy period cramp heavy bleeding come low iron 9 month forget sometimes first period heavy care ill recommend anyone
120223,Astepro,allergic rhinitis,one day started using spray broke red dot around arm pit pay attention another day later whole body covered red dot doctor advised interrupt using astepro four day later see small improvement skin condition asterpro definitely,1.0,"May 10, 2010",11,allergic rhinitis one day started using spray broke red dot around arm pit pay attention another day later whole body covered red dot doctor advised interrupt using astepro four day later see small improvement skin condition asterpro definitely
160829,Buspirone,anxiety,started taking month ago hasnt help anxiety hand leg shaky constantly dizzy hard time focusing stomach upset lot,1.0,"September 8, 2011",24,anxiety started taking month ago hasnt help anxiety hand leg shaky constantly dizzy hard time focusing stomach upset lot
82676,Paxil,post traumatic stress disorde,year ago put paxil ptsd depression anxiety say research mind altering drug put childhood state time loss carefree good way dont touch stuff careful major thing doctor dont tell,1.0,"September 24, 2017",6,post traumatic stress disorde year ago put paxil ptsd depression anxiety say research mind altering drug put childhood state time loss carefree good way dont touch stuff careful major thing doctor dont tell
51184,Azithromycin,otitis media,allergic penicillin zithromax alternative getting heavy stuff like cipro levaquin taking zithromax year always get relief around day 3 loose stool normal mean zithromax working bacteria flushed system,10.0,"February 15, 2016",12,otitis media allergic penicillin zithromax alternative getting heavy stuff like cipro levaquin taking zithromax year always get relief around day 3 loose stool normal mean zithromax working bacteria flushed system
48066,Cariprazine,schizophrenia,schizoaffective medicine almost 1 monththis medicine really helped voice 2 week hallucinationsit also helped motivation mood use klonopin infrequently vraylar tried almost antipsychotic made gain weight one actually losing 1 pound week eating healthy diet exercising im glad continued look right medicine without know end really expensive ask sample work card make 1500 per month good luck,8.0,"April 25, 2016",43,schizophrenia schizoaffective medicine almost 1 monththis medicine really helped voice 2 week hallucinationsit also helped motivation mood use klonopin infrequently vraylar tried almost antipsychotic made gain weight one actually losing 1 pound week eating healthy diet exercising im glad continued look right medicine without know end really expensive ask sample work card make 1500 per month good luck
9354,Lo Loestrin Fe,birth control,im 2 week lolo mirena iud removal due irregular period ovarian cyst sure whats mirena removal sideeffect mirena crash v lolo side effect ive headache anxiety really sad sad day blah im going update time go annotate proscons nausea past day,5.0,"July 19, 2016",12,birth control im 2 week lolo mirena iud removal due irregular period ovarian cyst sure whats mirena removal sideeffect mirena crash v lolo side effect ive headache anxiety really sad sad day blah im going update time go annotate proscons nausea past day
62742,Citalopram,depression,started taking celexa almost 3 week ago first week took half pill 10 mg went almost two week 20 mg felt working first mood swing coming back depression upped yesterday 40 mg along ativan 1 mg panicanxiety trazodone 50 mg sleep working well awhile im assuming needed increased love fact doesnt make eat feel weird like depression medication happy medicine cant wait life back,10.0,"September 16, 2008",125,depression started taking celexa almost 3 week ago first week took half pill 10 mg went almost two week 20 mg felt working first mood swing coming back depression upped yesterday 40 mg along ativan 1 mg panicanxiety trazodone 50 mg sleep working well awhile im assuming needed increased love fact doesnt make eat feel weird like depression medication happy medicine cant wait life back
204565,BuSpar,anxiety,reading comment must say medication affected greatly good way lot health problem past taken multiple different anxiety medication worked first day took medication already started feel change plus also good medication woman pregnant anxiety,10.0,"May 26, 2011",32,anxiety reading comment must say medication affected greatly good way lot health problem past taken multiple different anxiety medication worked first day took medication already started feel change plus also good medication woman pregnant anxiety
173640,Brexpiprazole,major depressive disorde,starting med tomorrow dr suggested med skeptical abilify gave akathisia hope rexulti work also quite surprised quickly work many people instead week usually work day looking good med,8.0,"August 16, 2017",4,major depressive disorde starting med tomorrow dr suggested med skeptical abilify gave akathisia hope rexulti work also quite surprised quickly work many people instead week usually work day looking good med
29551,Topiramate,bulimia,ive tried prozac effexor im back topamax seems medicine work never thought bulimia would get far im 22 ive bulimic since 14 im done university hardest thing ive go ive trouble finding job leading life right directioni wish medication sought bulimia,9.0,"November 26, 2013",25,bulimia ive tried prozac effexor im back topamax seems medicine work never thought bulimia would get far im 22 ive bulimic since 14 im done university hardest thing ive go ive trouble finding job leading life right directioni wish medication sought bulimia
43155,Sronyx,birth control,ive pill 3 month switched nuvaring nightmare first glad way less strong side effect however started birth control pill 140lbs 3 month later weigh 157 constantly bloated want eat like im pregnant time also experience extreme mood swing im sure pill boyfriend noticed sex drive almost non existent top severe vaginal dryness also cramp every time get suddenly although way less painful nuvaring one constant let say im getting pill next month definitely excited,6.0,"November 10, 2013",5,birth control ive pill 3 month switched nuvaring nightmare first glad way less strong side effect however started birth control pill 140lbs 3 month later weigh 157 constantly bloated want eat like im pregnant time also experience extreme mood swing im sure pill boyfriend noticed sex drive almost non existent top severe vaginal dryness also cramp every time get suddenly although way less painful nuvaring one constant let say im getting pill next month definitely excited
12603,Cyclosporine,keratoconjunctivitis sicca,using restasis single use vial year definitely helped post lasik dry eyeseye doc confirms cornea healthier dry patch using single use vial using one twice everyone problem decided id try multidose vial id make comment othersthey hard dispense dispense need last month let alone 45 day make twice expensive vial see allergan keep promise keep making vial obviously increase profit multi use bottle,6.0,"September 4, 2017",13,keratoconjunctivitis sicca using restasis single use vial year definitely helped post lasik dry eyeseye doc confirms cornea healthier dry patch using single use vial using one twice everyone problem decided id try multidose vial id make comment othersthey hard dispense dispense need last month let alone 45 day make twice expensive vial see allergan keep promise keep making vial obviously increase profit multi use bottle
61450,Citalopram,anxiety and stress,citalopram calm mind body without aggressive active sexually without feel testosterone level high wife notice even testicle bigger without citalopram seems higher blood flow penis experience constant state arousal psychologically without experienced lot anger aggressivity sexual energy general control level mental energy concluded somehow citalopram reduces testosterone level let tell im happy rather feel calm centered aggressive angry freaking horny time citalopram vital life,10.0,"March 3, 2017",33,anxiety and stress citalopram calm mind body without aggressive active sexually without feel testosterone level high wife notice even testicle bigger without citalopram seems higher blood flow penis experience constant state arousal psychologically without experienced lot anger aggressivity sexual energy general control level mental energy concluded somehow citalopram reduces testosterone level let tell im happy rather feel calm centered aggressive angry freaking horny time citalopram vital life
130251,Levonorgestrel,birth control,got mirena tuesday week weary insertion work obgyn seen good along painful insert get high blood pressure pill saw mirena 100 covered insurance thought would give try insertion best menstrual cycle cause cervix dilate said child got mirena cycle barely spotting insert gave small cramp surprise much easier setting mind follow direction take advil ibuprofen every 46 starting 1 hour prior insert 5 day post routine rid cramp bleeding satisfied cramp bleeding,10.0,"February 28, 2014",20,birth control got mirena tuesday week weary insertion work obgyn seen good along painful insert get high blood pressure pill saw mirena 100 covered insurance thought would give try insertion best menstrual cycle cause cervix dilate said child got mirena cycle barely spotting insert gave small cramp surprise much easier setting mind follow direction take advil ibuprofen every 46 starting 1 hour prior insert 5 day post routine rid cramp bleeding satisfied cramp bleeding
181885,Inderal,migraine prevention,inderal definitely helped migraine prevention started getting migraine 13 late 20 finally migraine free besides odd one get due hormone really stressed reduced taking 40mg morning rather 40mg morning night found migraine still stay away side effect ive nightmare initially soon went couple month get cold hand foot sometimes warm weather foot still cold also feel slightly tiredsleepy worth compared regular migraine experiencing beforehand,9.0,"October 4, 2011",36,migraine prevention inderal definitely helped migraine prevention started getting migraine 13 late 20 finally migraine free besides odd one get due hormone really stressed reduced taking 40mg morning rather 40mg morning night found migraine still stay away side effect ive nightmare initially soon went couple month get cold hand foot sometimes warm weather foot still cold also feel slightly tiredsleepy worth compared regular migraine experiencing beforehand
130890,Levonorgestrel,birth control,mother 4 year old mirena 4 week today 1st check ive gained 7 pound im process losing havent period since getting mirena symptom period coming like tenderness breast spotting discharge cramping period far love recommend anyone want kid next 5 year,9.0,"May 18, 2011",2,birth control mother 4 year old mirena 4 week today 1st check ive gained 7 pound im process losing havent period since getting mirena symptom period coming like tenderness breast spotting discharge cramping period far love recommend anyone want kid next 5 year
85011,Ethinyl estradiol / norgestimate,abnormal uterine bleeding,like think pretty normal 20yearold play sport college ever since pharmacy changed ortho tri cyclen triestarylla depressed cry angry severe anxiety attack birth control irregular period since 16 problem ortho tri cyclen take triestarylla,1.0,"January 17, 2016",8,abnormal uterine bleeding like think pretty normal 20yearold play sport college ever since pharmacy changed ortho tri cyclen triestarylla depressed cry angry severe anxiety attack birth control irregular period since 16 problem ortho tri cyclen take triestarylla
81134,Hypercare,hyperhidrosis,ive hyperhidrosis long remember especially hand foot dermatologist prescribed last week ive using hypercare day definitely dried skin havent sweating much yet still occasional outbreak however talked doctor said take usually around 2 week product really affect im hanging far satisfied,6.0,"May 23, 2010",7,hyperhidrosis ive hyperhidrosis long remember especially hand foot dermatologist prescribed last week ive using hypercare day definitely dried skin havent sweating much yet still occasional outbreak however talked doctor said take usually around 2 week product really affect im hanging far satisfied
132108,Tacrolimus,"organ transplant, rejection prophylaxis",received liver transplant 4 year ago started 6 x 1mg capsday reduced 3 x 1mg tabsday since episode rejection prograf seems trick love dont know side effect taking prograf gained weight course 4 year,9.0,"February 25, 2009",18,"organ transplant, rejection prophylaxis received liver transplant 4 year ago started 6 x 1mg capsday reduced 3 x 1mg tabsday since episode rejection prograf seems trick love dont know side effect taking prograf gained weight course 4 year"
207423,Suprep Bowel Prep Kit,bowel preparation,really nervous take wasnt bad anticipated def taste better chilled room temperature salty chilled taste like overly sweet cough syrup bitter aftertaste helped suck ice popsicle sip superprep began working 12 hour first dose didnt stop going 12 hour procedure tip help walking even standing help feeling bloated stay close bathroom dont much warning use desitin every bm something keep distracted like netflix uncomfortable unpleasant much cancer diagnosis,7.0,"October 25, 2016",28,bowel preparation really nervous take wasnt bad anticipated def taste better chilled room temperature salty chilled taste like overly sweet cough syrup bitter aftertaste helped suck ice popsicle sip superprep began working 12 hour first dose didnt stop going 12 hour procedure tip help walking even standing help feeling bloated stay close bathroom dont much warning use desitin every bm something keep distracted like netflix uncomfortable unpleasant much cancer diagnosis
144448,Etonogestrel,birth control,first implanon inserted painful quick month following insertion received period 6 month straight horrible effect relationship time finally period subsided didnt bleeding sign period 6 month time amazing period started started december april wasnt light period either extreme couldnt go hour without changing tampon couldnt sleep entire night without problem tomorrow removed mirena iud inserted hoping better experience,2.0,"April 6, 2016",3,birth control first implanon inserted painful quick month following insertion received period 6 month straight horrible effect relationship time finally period subsided didnt bleeding sign period 6 month time amazing period started started december april wasnt light period either extreme couldnt go hour without changing tampon couldnt sleep entire night without problem tomorrow removed mirena iud inserted hoping better experience
210385,Linzess,irritable bowel syndrome,miracle irritable bowel syndrome also take narcotic chronic pain cause significant constipation medicine work great irritable bowel episode used rule life reduced substantially since started taking abdominal pain used accompany ibs reduced well nervous taking first new medicine far havent problem side effect,10.0,"July 12, 2014",92,irritable bowel syndrome miracle irritable bowel syndrome also take narcotic chronic pain cause significant constipation medicine work great irritable bowel episode used rule life reduced substantially since started taking abdominal pain used accompany ibs reduced well nervous taking first new medicine far havent problem side effect
73,Medroxyprogesterone,birth control,best birth control ever make extremely moody hungry thing worried bone started crack easily stopped taking,8.0,"December 16, 2015",2,birth control best birth control ever make extremely moody hungry thing worried bone started crack easily stopped taking
139100,Phentermine,weight loss,ive taking adipex 13 month ive lost 50 55 lb saw biggest loss first month 1013 lb next several month lost 48 lb month past couple month remained weight past year eating sensibly dieted exercised either weight loss tapered ideal weight intend start regular exercise program hope shed lb ive side effect continue taking till reach goal 269lbs 217lbs size 20 22 16 want lose another 50 lb,9.0,"February 9, 2009",64,weight loss ive taking adipex 13 month ive lost 50 55 lb saw biggest loss first month 1013 lb next several month lost 48 lb month past couple month remained weight past year eating sensibly dieted exercised either weight loss tapered ideal weight intend start regular exercise program hope shed lb ive side effect continue taking till reach goal 269lbs 217lbs size 20 22 16 want lose another 50 lb
99324,Doxylamine,insomnia,physician relatively frequent flyer redeye flight 25 mg doxylamine 15 min prior boarding redeye flight cross country transoceanic flight allowed sleep soundly work far better previous routine 50 mg diphenhydarmine benedryl plus glass wine recommend without reservation need sleep flight kind side many including tend somewhat sleepy arrival next 8 hour arrival 12 bought lifetime supply medication seems superior application prescription nonprescription medication used occasionally redeye flight get good sleep,8.0,"February 9, 2016",28,insomnia physician relatively frequent flyer redeye flight 25 mg doxylamine 15 min prior boarding redeye flight cross country transoceanic flight allowed sleep soundly work far better previous routine 50 mg diphenhydarmine benedryl plus glass wine recommend without reservation need sleep flight kind side many including tend somewhat sleepy arrival next 8 hour arrival 12 bought lifetime supply medication seems superior application prescription nonprescription medication used occasionally redeye flight get good sleep
224818,Bupropion,depression,started taking depression 17 16 year ago week massive panic attack lasted 2 day straight ive panic disorder ever since medication destroyed life,1.0,"January 17, 2017",14,depression started taking depression 17 16 year ago week massive panic attack lasted 2 day straight ive panic disorder ever since medication destroyed life
201536,Zoloft,major depressive disorde,ive zoloft almost four week life changer use suffer poor impulse control anxiety bad depression two week started feeling better happier likethe feeling dread removed demon silenced feel like want live want succeed like dream come true ive suffered drug addiction past since started zoloft dont feel craving overwhelming desire get high downside zoloft restlessness whentrying sleep worth trade started 50 mg 100mg per day thank god zoloft,10.0,"March 21, 2015",29,major depressive disorde ive zoloft almost four week life changer use suffer poor impulse control anxiety bad depression two week started feeling better happier likethe feeling dread removed demon silenced feel like want live want succeed like dream come true ive suffered drug addiction past since started zoloft dont feel craving overwhelming desire get high downside zoloft restlessness whentrying sleep worth trade started 50 mg 100mg per day thank god zoloft
99293,Doxylamine,insomnia,trying come clonezapam pharmacist recommended said adverse reaction benadryl nyquill supposed different ingredient well fall asleep reaction pain killer keep laying eye closed dont actually fall asleep took 9pm still 1am finally broke took valium adverse reaction type thing may,1.0,"October 20, 2013",20,insomnia trying come clonezapam pharmacist recommended said adverse reaction benadryl nyquill supposed different ingredient well fall asleep reaction pain killer keep laying eye closed dont actually fall asleep took 9pm still 1am finally broke took valium adverse reaction type thing may
161868,Ciprofloxacin,bacterial infection,got hernia lifting suitcase suspect hernia inguinal time smaller one abdominal wall untreated time month didnt notice im sexual doctor said uncommon male 40 discovered ultrasound non sexual epididimitus urinary infection rx cipro immediate abdominal bloat sluggish exhausted feeling nausea 2 time po daily ugh research needed,6.0,"August 28, 2017",1,bacterial infection got hernia lifting suitcase suspect hernia inguinal time smaller one abdominal wall untreated time month didnt notice im sexual doctor said uncommon male 40 discovered ultrasound non sexual epididimitus urinary infection rx cipro immediate abdominal bloat sluggish exhausted feeling nausea 2 time po daily ugh research needed
218010,Teriparatide,osteoporosis,severe bone loss fracture spine scoliosis doctor prescribed forteo seemed fine first five month began experience unbearable back pain could lie bed night went week doctor asked stop forteo four day later pain subsided doctor said medication right bone density test yet,3.0,"August 14, 2011",149,osteoporosis severe bone loss fracture spine scoliosis doctor prescribed forteo seemed fine first five month began experience unbearable back pain could lie bed night went week doctor asked stop forteo four day later pain subsided doctor said medication right bone density test yet
153723,Amoxicillin,tonsillitis/pharyngitis,ive sick week started headache throat pain chill feeling exhausted rapid strep culture appearing negative 7 day later change symptom morning woke little pu pocket throat ive taking alkaseltzer 7 day instruction state see md taken longer 1 week went urgent care prescribed amoxicillin took 2 amoxicillin four hour ago already feel 90 better havent taken antibiotic many year grateful feeling better quickly,10.0,"March 12, 2017",12,tonsillitis/pharyngitis ive sick week started headache throat pain chill feeling exhausted rapid strep culture appearing negative 7 day later change symptom morning woke little pu pocket throat ive taking alkaseltzer 7 day instruction state see md taken longer 1 week went urgent care prescribed amoxicillin took 2 amoxicillin four hour ago already feel 90 better havent taken antibiotic many year grateful feeling better quickly
73650,Ethinyl estradiol / norethindrone,birth control,started loestrin 24 regulate period didnt like pill gained weight mood swing lost sex drive always felt bloated uncomfortable good thing came taking pill stopped taking period stayed consistent,4.0,"March 12, 2013",9,birth control started loestrin 24 regulate period didnt like pill gained weight mood swing lost sex drive always felt bloated uncomfortable good thing came taking pill stopped taking period stayed consistent
68865,Medroxyprogesterone,birth control,started using depo 18 birth first child worked excellent 0 complaint periodweight gain emotional crap loved plus breastfeeding didnt mess used 3 year quit 6 month later got pregnant second baby year half baby 2 tried depo agian moody bad agian period took 3 month mark bit butt badly every bad side effect possiable felt like crazy pregnant constant spotting horriable needless say stopped 6 month later pregnant baby3 doc tell great bc younger girl,8.0,"August 3, 2016",1,birth control started using depo 18 birth first child worked excellent 0 complaint periodweight gain emotional crap loved plus breastfeeding didnt mess used 3 year quit 6 month later got pregnant second baby year half baby 2 tried depo agian moody bad agian period took 3 month mark bit butt badly every bad side effect possiable felt like crazy pregnant constant spotting horriable needless say stopped 6 month later pregnant baby3 doc tell great bc younger girl
73119,Ethinyl estradiol / norethindrone,birth control,switched medicine camrese mainly suffering decreased sex drive heavy period dismal mood swing medicine fixed yay additionally period light lasting 2 day additional problem weight acne etc would highly recommend giving shot problem heavier dose med,10.0,"January 5, 2015",28,birth control switched medicine camrese mainly suffering decreased sex drive heavy period dismal mood swing medicine fixed yay additionally period light lasting 2 day additional problem weight acne etc would highly recommend giving shot problem heavier dose med
142508,Levonorgestrel,emergency contraception,unprotected sex several time wasnt bc although partner pull time wasnt educated didnt think could get pregnant precum anyway took levonorgestrel two day row mexican offbrands within eight hour sex day didnt notice side effect first day took second time felt nauseous headache next two week experienced nausea moodiness headache uncomfortable symptom week withdrawal bleeding waited couple week taking pregnancy test came back negative period almost 4 week late came worst im pregnant,7.0,"September 5, 2017",0,emergency contraception unprotected sex several time wasnt bc although partner pull time wasnt educated didnt think could get pregnant precum anyway took levonorgestrel two day row mexican offbrands within eight hour sex day didnt notice side effect first day took second time felt nauseous headache next two week experienced nausea moodiness headache uncomfortable symptom week withdrawal bleeding waited couple week taking pregnancy test came back negative period almost 4 week late came worst im pregnant
97605,Synvisc,osteoarthritis,injection continuous pain right knee even night little relief aleve motrin relief physical therapy third injection night pain totally gone injection two year ago take aspirin arthritis back body strenuous exercise gardening walk 68 mile day slight discomfort needed injection,10.0,"January 22, 2016",32,osteoarthritis injection continuous pain right knee even night little relief aleve motrin relief physical therapy third injection night pain totally gone injection two year ago take aspirin arthritis back body strenuous exercise gardening walk 68 mile day slight discomfort needed injection
210785,Mirtazapine,depression,sertraline 100mg 30mg mirtazapine soon started taking helped immediately really helped depression need sleep around 11 hour night result registered disabled university dont much mind additional sleep people understand however weight gain harsh year put stone im home eat healthily weight started go holiday 2 week definitely put weight back effective depression sufficient sleep learn deal change diet im,9.0,"August 4, 2016",17,depression sertraline 100mg 30mg mirtazapine soon started taking helped immediately really helped depression need sleep around 11 hour night result registered disabled university dont much mind additional sleep people understand however weight gain harsh year put stone im home eat healthily weight started go holiday 2 week definitely put weight back effective depression sufficient sleep learn deal change diet im
53176,Plavix,heart attack,heavy smoker ate bad food one year ago month april 2011 heart attack one stent later one year plavix recurrence course also quit smoking hard figured life worth changed diet also hard change make started exercising guess plavix rest natural thanks plavix natural may lot longer hoped last year side effect feel cold little due blood thinning property plavix dont think bruise easier used bleeder good,10.0,"April 4, 2011",127,heart attack heavy smoker ate bad food one year ago month april 2011 heart attack one stent later one year plavix recurrence course also quit smoking hard figured life worth changed diet also hard change make started exercising guess plavix rest natural thanks plavix natural may lot longer hoped last year side effect feel cold little due blood thinning property plavix dont think bruise easier used bleeder good
217413,Clarithromycin,upper respiratory tract infection,far taken 3 day give foul taste mouth come body system definitely tablet mouth horrible taste time worse hour take tablet wake last night went back sleep dont want take want natural alternative next time feel like toxic drug unpleasant sorry dreadful side effect,3.0,"January 15, 2016",7,upper respiratory tract infection far taken 3 day give foul taste mouth come body system definitely tablet mouth horrible taste time worse hour take tablet wake last night went back sleep dont want take want natural alternative next time feel like toxic drug unpleasant sorry dreadful side effect
176484,Lorazepam,anxiety,ativan changed life better thing used avoid anxiety public speaking high place even went roller coaster last month first time 20 year extreme hypertension taking lisinopril sometimes blood pressure spike trigger anxiety attack take 05 ativan happens 20 minute im fine im grateful medicine,10.0,"September 26, 2012",96,anxiety ativan changed life better thing used avoid anxiety public speaking high place even went roller coaster last month first time 20 year extreme hypertension taking lisinopril sometimes blood pressure spike trigger anxiety attack take 05 ativan happens 20 minute im fine im grateful medicine
225721,Bupropion,adhd,doctor gave wellbutrin xl experiment hyper couldnt focus stay still long mind raced easily distracted like many project started never finished shrink told childhood characteristic add kid adult 40 still hyper difficulty staying focused one thing time wellbutrin starting 100 mg going 300mg daily calming effect able focus one thing time instead thought scattered drifting effect erectile dysfunction problem though anything decreased sexual drive wellbutrin helped add symptom feel calmer,8.0,"May 2, 2012",127,adhd doctor gave wellbutrin xl experiment hyper couldnt focus stay still long mind raced easily distracted like many project started never finished shrink told childhood characteristic add kid adult 40 still hyper difficulty staying focused one thing time wellbutrin starting 100 mg going 300mg daily calming effect able focus one thing time instead thought scattered drifting effect erectile dysfunction problem though anything decreased sexual drive wellbutrin helped add symptom feel calmer
133677,Bactrim DS,acne,acne 4 year started bactrim 2 year ago first started skin looked amazing almost cleared month year skin well went half pill 6 month pasted skin started break went back whole pill acne started spread chest back shoulder decided would start 2 pill day recently went back skin well im start accutane 100 believe formed resistance drug long bactrim work amazing short period time long run successful,4.0,"November 23, 2016",5,acne acne 4 year started bactrim 2 year ago first started skin looked amazing almost cleared month year skin well went half pill 6 month pasted skin started break went back whole pill acne started spread chest back shoulder decided would start 2 pill day recently went back skin well im start accutane 100 believe formed resistance drug long bactrim work amazing short period time long run successful
150905,Sulfamethoxazole / trimethoprim,prostatitis,ive discomfort doctor felt could prostatitis could get ct scan also see urologist put septra d everything going fine day 6 23 anniversary weekend got morning take nice hot bath hot tub room got hot tub started dry noticed hive inner thigh looking mirror noticed also covered hive armpit waist side culprit septra d within next hour covered back stomach leg arm lip allergic reaction,1.0,"August 25, 2012",8,prostatitis ive discomfort doctor felt could prostatitis could get ct scan also see urologist put septra d everything going fine day 6 23 anniversary weekend got morning take nice hot bath hot tub room got hot tub started dry noticed hive inner thigh looking mirror noticed also covered hive armpit waist side culprit septra d within next hour covered back stomach leg arm lip allergic reaction
20383,Metformin / sitagliptin,min / sitagliptin),taking janumet 501000mg 7 month blood sugar dropped 181 approx 8 general haemoglobin 120 50 yes occasionally headache first wake cup coffee glass diet soda gone every medicine type side effect even aspirin feel accept example odd headache side effect happy medicine live denmark world class health system also 40 income tax use approx 300 money per year get rebate 85 diabetes medicine plus 150 strip lancet blood sugar machine free per year,9.0,"January 18, 2016",27,min / sitagliptin) taking janumet 501000mg 7 month blood sugar dropped 181 approx 8 general haemoglobin 120 50 yes occasionally headache first wake cup coffee glass diet soda gone every medicine type side effect even aspirin feel accept example odd headache side effect happy medicine live denmark world class health system also 40 income tax use approx 300 money per year get rebate 85 diabetes medicine plus 150 strip lancet blood sugar machine free per year
14707,Ethinyl estradiol / norethindrone,birth control,little year prescribed pill extreme sensitivity birth control mild nausea first week gone noticed spotting entire year also noticed forgot take pill next day would cramping felt like start period clear skin bloating pill appetite sex drive normal weight gain mild pill extreme sensitivity would stay switched insurance,8.0,"November 21, 2017",1,birth control little year prescribed pill extreme sensitivity birth control mild nausea first week gone noticed spotting entire year also noticed forgot take pill next day would cramping felt like start period clear skin bloating pill appetite sex drive normal weight gain mild pill extreme sensitivity would stay switched insurance
122767,Linaclotide,"constipation, chronic",opioids many year increased 2013 knee replacement surgery thats constipation became uncontrollable fiber world would move linzess still unpredictable day unexpected explosive better backed bloated miserable ive taking insurance would pay would pay forum lower dose use except infrequently,10.0,"February 12, 2015",9,"constipation, chronic opioids many year increased 2013 knee replacement surgery thats constipation became uncontrollable fiber world would move linzess still unpredictable day unexpected explosive better backed bloated miserable ive taking insurance would pay would pay forum lower dose use except infrequently"
83458,Levocetirizine,allergies,extremely effective horrible allergy year thing worked make sure take hour go bed though drowsiness side effect huge dont allergy control able switch half pill helped morning grogginess lot gave health back im grateful,9.0,"August 5, 2017",17,allergies extremely effective horrible allergy year thing worked make sure take hour go bed though drowsiness side effect huge dont allergy control able switch half pill helped morning grogginess lot gave health back im grateful
65793,Propranolol,anxiety,medication year half take also 13 different psychotropic medication might guessed wasis difficult fully understand propranolols benefit well hinderance really want believe helped honestly one know react medication take observe act doctor broader intellect pill function brain put faith physician expectation go flow take note,6.0,"March 11, 2016",7,anxiety medication year half take also 13 different psychotropic medication might guessed wasis difficult fully understand propranolols benefit well hinderance really want believe helped honestly one know react medication take observe act doctor broader intellect pill function brain put faith physician expectation go flow take note
75808,Temazepam,insomnia,bp go lay giving insomiia med help go sleep stay asleep sometimes vivid dream med still think worth tryiit provide relaxing feeling,6.0,"April 16, 2016",32,insomnia bp go lay giving insomiia med help go sleep stay asleep sometimes vivid dream med still think worth tryiit provide relaxing feeling
116428,Adalimumab,rheumatoid arthritis,86 year old mother humira past 2 year combined treatment methotrexate towards end 2nd year effect humira dose last less 14 day time going 10 day time completely stopped working excellent doctor looking alternative moment possibly orencia overall humira worked wonder lasted,10.0,"July 29, 2013",63,rheumatoid arthritis 86 year old mother humira past 2 year combined treatment methotrexate towards end 2nd year effect humira dose last less 14 day time going 10 day time completely stopped working excellent doctor looking alternative moment possibly orencia overall humira worked wonder lasted
135433,Tamiflu,influenza,achy feverish 1004 severe headachei felt like truck ran went dr prescribed tamiflu took first dose noticed difference didnt nausea insomnia diarrhea side effect skeptical viral infection run course im happy took,10.0,"April 8, 2015",4,influenza achy feverish 1004 severe headachei felt like truck ran went dr prescribed tamiflu took first dose noticed difference didnt nausea insomnia diarrhea side effect skeptical viral infection run course im happy took
175135,Bupivacaine,local anesthesia,lot side effect tremorsheadache restlessness insomnia irregular heartbeat red face neck feeling flushed today almost 36 hour go sleep injection,10.0,"March 13, 2014",4,local anesthesia lot side effect tremorsheadache restlessness insomnia irregular heartbeat red face neck feeling flushed today almost 36 hour go sleep injection
112168,Gabapentin,neuropathic pain,im struggling sciatica pain make barely walking im 900mg 3 time day gaba doesnt make different still massive pain opinion worse doesnt trick need visit gp find different solution everybody individual,1.0,"September 22, 2016",8,neuropathic pain im struggling sciatica pain make barely walking im 900mg 3 time day gaba doesnt make different still massive pain opinion worse doesnt trick need visit gp find different solution everybody individual
108108,Ethinyl estradiol / norelgestromin,birth control,ive less week horrific like truly nightmare im nauseous time havent really eaten anything since started ive suffered random headache extreme depression anxiety want rip period short pleasant ive 4 agonizing horrible day wonder get better,1.0,"December 1, 2015",6,birth control ive less week horrific like truly nightmare im nauseous time havent really eaten anything since started ive suffered random headache extreme depression anxiety want rip period short pleasant ive 4 agonizing horrible day wonder get better
175153,Relistor,"constipation, drug induced",used relistor 3 time overall think working wanted note u using alternative including strong stimulant laxative issue prior trying relistor become dependent although ive success medicationi thought worth mentioning need work becoming free laxative use best result experiencing highly recommend online reading laxative dependency using technique along relistor good luck,8.0,"September 18, 2015",19,"constipation, drug induced used relistor 3 time overall think working wanted note u using alternative including strong stimulant laxative issue prior trying relistor become dependent although ive success medicationi thought worth mentioning need work becoming free laxative use best result experiencing highly recommend online reading laxative dependency using technique along relistor good luck"
42335,Atenolol,anxiety,helpful performance anxiety taken together 05mg xanax racing heart palpitation sweating hand running room feeling presentation front group people better propanolol since cause wheezing,9.0,"June 23, 2014",72,anxiety helpful performance anxiety taken together 05mg xanax racing heart palpitation sweating hand running room feeling presentation front group people better propanolol since cause wheezing
25472,Finasteride,androgenetic alopecia,tender age 25 noticed hair beginning thin wanting look like dad brother got prescription propecia far working fact miss dosage ill notice little bit hair fall keyboard page book im reading yes medication expensive insurance wont cover funny cover viagra though side effect notice slight decrease sex drive honestly thats probably good keep trouble,9.0,"May 11, 2011",124,androgenetic alopecia tender age 25 noticed hair beginning thin wanting look like dad brother got prescription propecia far working fact miss dosage ill notice little bit hair fall keyboard page book im reading yes medication expensive insurance wont cover funny cover viagra though side effect notice slight decrease sex drive honestly thats probably good keep trouble
57324,Oxymorphone,pain,opana er approximately 4 year multiple condition bone spine psoriatic rheumatoid arthritis opana seem help much general arthritis pain psoriatic arthritis helpful medication back pain unfortunately medicare reached gap time medication becomes way expensive endure cost medicare switch medication go paying 40 month 250 medicare use discount card program opana feeling upset medication helpful without side effect,9.0,"May 25, 2014",58,pain opana er approximately 4 year multiple condition bone spine psoriatic rheumatoid arthritis opana seem help much general arthritis pain psoriatic arthritis helpful medication back pain unfortunately medicare reached gap time medication becomes way expensive endure cost medicare switch medication go paying 40 month 250 medicare use discount card program opana feeling upset medication helpful without side effect
22842,Mestinon,myasthenia gravis,44yr old male recently diagnosed mg since nov 2015 take 90mg 4 time day medication generally last 5hrs mg inolves slurred speech difficulty swallowing teary eye difficulty pushing food around tongue weak bite medication usually kick 45m1hr speech improves although still hint slur much improved swallowing improves still confident always water case diarrhea severe cramp adjusting dosage taking 2 60mg tablet probably vomited function much better mestinon,7.0,"January 25, 2016",28,myasthenia gravis 44yr old male recently diagnosed mg since nov 2015 take 90mg 4 time day medication generally last 5hrs mg inolves slurred speech difficulty swallowing teary eye difficulty pushing food around tongue weak bite medication usually kick 45m1hr speech improves although still hint slur much improved swallowing improves still confident always water case diarrhea severe cramp adjusting dosage taking 2 60mg tablet probably vomited function much better mestinon
160940,Risperidone,bipolar disorde,going third manic episode prescribed 6mg resperidal immediately made feel like absolute zombie couldnt think clearly extremely tired time l unhappy course 4 month dosage 1 mg dont feel severe side effect good medicine controlling mania high dosage make feel like zombie,5.0,"October 24, 2016",20,bipolar disorde going third manic episode prescribed 6mg resperidal immediately made feel like absolute zombie couldnt think clearly extremely tired time l unhappy course 4 month dosage 1 mg dont feel severe side effect good medicine controlling mania high dosage make feel like zombie
200186,Varenicline,smoking cessation,would highly recommend medication smoking cessation saving grace quitting smoking bad dream first two night taking evening switched 2nd dose lunch bad dream stopped side effect absolutely best medication ever help quit smoking,10.0,"January 11, 2015",36,smoking cessation would highly recommend medication smoking cessation saving grace quitting smoking bad dream first two night taking evening switched 2nd dose lunch bad dream stopped side effect absolutely best medication ever help quit smoking
177040,Promethazine,nausea/vomiting,drug truly amazing nobody figure ive nauseated vomiting last 2 year really bad episode take promethazine dont throw feel nearly sick dont even get sleepy side effect make everything better,10.0,"June 30, 2010",21,nausea/vomiting drug truly amazing nobody figure ive nauseated vomiting last 2 year really bad episode take promethazine dont throw feel nearly sick dont even get sleepy side effect make everything better
12759,Etanercept,rheumatoid arthritis,severe rheumatoid arthritis 6 year pain uncontrolled dmards prescribed enbrel health improved 85 sadly using enbrel successfully 5 12 year stopped effective since tried humira didnt work trying roactemra infusion improvement lot side effect really miss quality life enbrel worked,9.0,"December 10, 2012",40,rheumatoid arthritis severe rheumatoid arthritis 6 year pain uncontrolled dmards prescribed enbrel health improved 85 sadly using enbrel successfully 5 12 year stopped effective since tried humira didnt work trying roactemra infusion improvement lot side effect really miss quality life enbrel worked
26219,Sprintec,birth control,suffer severe depression anxiety actually curbed instead depressed everyday cut week balanced period side heavy first day strong fatigue cramp spotting first month emotion great first 9 month mark hit started spiral emotional cry anything feeling amped stopped taking felt normal day later stopped started new one honestly made feel absolutely nothing felt like sociopath im back hoping good decent result remember every one different try month,7.0,"August 1, 2016",5,birth control suffer severe depression anxiety actually curbed instead depressed everyday cut week balanced period side heavy first day strong fatigue cramp spotting first month emotion great first 9 month mark hit started spiral emotional cry anything feeling amped stopped taking felt normal day later stopped started new one honestly made feel absolutely nothing felt like sociopath im back hoping good decent result remember every one different try month
128627,Phentermine,weight loss,started phentermine week ago first day literally felt crazy hot sweaty extremely active water best friend feel energized crazy lol dont appetite go without water get headache shocker take everyday exception sunday know wont drink alot water still maintain eating habit ive week started 189 today weighed 181 8lbs today think great best decision ive made far gon na give another update month,10.0,"June 18, 2015",30,weight loss started phentermine week ago first day literally felt crazy hot sweaty extremely active water best friend feel energized crazy lol dont appetite go without water get headache shocker take everyday exception sunday know wont drink alot water still maintain eating habit ive week started 189 today weighed 181 8lbs today think great best decision ive made far gon na give another update month
129817,Levonorgestrel,abnormal uterine bleeding,placed april 2014 removed week ago due severe back pain also anxiety depression severe headache would rather bleeding headache back pain stopped removed suspect depression anxiety also improve md obgyn recommend removing insisted glad convinced back pain headache due something else,1.0,"April 13, 2015",6,abnormal uterine bleeding placed april 2014 removed week ago due severe back pain also anxiety depression severe headache would rather bleeding headache back pain stopped removed suspect depression anxiety also improve md obgyn recommend removing insisted glad convinced back pain headache due something else
51078,Azithromycin,chlamydia infection,almost month sex got itneedless say got iti went doctor gave 8 250ml pill one dosage promptly went right back work thinking anythingoh ya empty stomach 9ambetween sweating dry vomiting cause still driving work nearly cropped thought need food fast pretty much fuckedi ate something point shit pure brown water 30 minute straightbut cured lol,10.0,"August 16, 2016",2,chlamydia infection almost month sex got itneedless say got iti went doctor gave 8 250ml pill one dosage promptly went right back work thinking anythingoh ya empty stomach 9ambetween sweating dry vomiting cause still driving work nearly cropped thought need food fast pretty much fuckedi ate something point shit pure brown water 30 minute straightbut cured lol
47936,Naproxen / sumatriptan,migraine,migraine usually consit aura numb handfacenose aphasia followed severe headache alongside nausea vomiting usually last 35 hour function taking naproxen painful menstrual cramp worked quite well felt hand going numb last night took naproxen right away see would help migraine well still symptom prior headache however headache much less intense 410 pain scale compared 8 9 also feel nauseous experience vomiting highly recommend trying naproxen migraine treatment made mine much less severe swear,10.0,"May 27, 2016",1,migraine migraine usually consit aura numb handfacenose aphasia followed severe headache alongside nausea vomiting usually last 35 hour function taking naproxen painful menstrual cramp worked quite well felt hand going numb last night took naproxen right away see would help migraine well still symptom prior headache however headache much less intense 410 pain scale compared 8 9 also feel nauseous experience vomiting highly recommend trying naproxen migraine treatment made mine much less severe swear
39610,Contrave,obesity,im 27 51 starting weight 198 started last year 2015 january followed exactly suppose miserable headache tired time figure worth 4 month lost 30lbs eventually couldnt handle anymore stopped taking started back im third week still 1 pill morning working great im still losing ton without side effect drink ton water wont get headache energy level great think plateau ill dose shouldnt get side effect ive taking 1 pill long enough body use,10.0,"January 21, 2016",17,obesity im 27 51 starting weight 198 started last year 2015 january followed exactly suppose miserable headache tired time figure worth 4 month lost 30lbs eventually couldnt handle anymore stopped taking started back im third week still 1 pill morning working great im still losing ton without side effect drink ton water wont get headache energy level great think plateau ill dose shouldnt get side effect ive taking 1 pill long enough body use
21240,Focalin XR,adhd,60 year old male adhd would ever thought started using focalin ir 5mg cutting four4 piece would take one quarter piece every three hour took nonproductive productive side effect taking focalin xr 10 mg morning 5 mg 6 hour later afternoon think ideal dose end 15 mg 10 mg afternoon reach optimal dose side effect heartburn slight headache little jittery occasional outburst anger handle side effect subsided somewhat get wonderful effect medication alive 60 yr old,9.0,"December 28, 2012",61,adhd 60 year old male adhd would ever thought started using focalin ir 5mg cutting four4 piece would take one quarter piece every three hour took nonproductive productive side effect taking focalin xr 10 mg morning 5 mg 6 hour later afternoon think ideal dose end 15 mg 10 mg afternoon reach optimal dose side effect heartburn slight headache little jittery occasional outburst anger handle side effect subsided somewhat get wonderful effect medication alive 60 yr old
91138,Botox,overactive bladde,say im shocked number review people week injection complaining selfcath peeing often read literature procedure doctor explain botox tofor paralyzing bladder muscle ie may work well causing retention literature state preparedwilling cath dont organ stuck needle dont think organ may little upset initially freak bit spasm causing frequent urination chance calm,10.0,"November 8, 2016",74,overactive bladde say im shocked number review people week injection complaining selfcath peeing often read literature procedure doctor explain botox tofor paralyzing bladder muscle ie may work well causing retention literature state preparedwilling cath dont organ stuck needle dont think organ may little upset initially freak bit spasm causing frequent urination chance calm
126325,Combivent,"copd, maintenance",work great initially especially congested couple week nothing maybe body got used nothing notice drug interaction doctor pharmacist didnt say anything make heart race well,7.0,"September 6, 2011",23,"copd, maintenance work great initially especially congested couple week nothing maybe body got used nothing notice drug interaction doctor pharmacist didnt say anything make heart race well"
27492,Requip,restless legs syndrome,work great getting rid rls cause rebound rls month steady use also doesnt affect rls brought worsened extreme tiredness dehydration rebound rls worse instead time week rls constant 8pm rebound start early work well started issue several month,6.0,"June 21, 2009",52,restless legs syndrome work great getting rid rls cause rebound rls month steady use also doesnt affect rls brought worsened extreme tiredness dehydration rebound rls worse instead time week rls constant 8pm rebound start early work well started issue several month
209714,Lupron Depot,endometriosis,doctor sixmonth regimen second month go er five time since getting injection dont recommend anyone feel ill time lethargic short breath heaviness chest pain back overall horrible right ovary fallopian tube removed due severe endometriosis doctor recommended injection said would problem buddy treated head severe side effect guess get ive missed lot work almost losing job cant function daytoday basis medication considering taking medication please dont nothing toxic,1.0,"October 29, 2015",20,endometriosis doctor sixmonth regimen second month go er five time since getting injection dont recommend anyone feel ill time lethargic short breath heaviness chest pain back overall horrible right ovary fallopian tube removed due severe endometriosis doctor recommended injection said would problem buddy treated head severe side effect guess get ive missed lot work almost losing job cant function daytoday basis medication considering taking medication please dont nothing toxic
66834,Seroquel,bipolar disorde,since started therapy year ago bipolar 1 disorder evened sometimes manic depressed episode also caused disturbance speech uncontrolled movement face arm leg benefit outweigh risk though satisfied way helped stabilize mood,8.0,"February 26, 2012",12,bipolar disorde since started therapy year ago bipolar 1 disorder evened sometimes manic depressed episode also caused disturbance speech uncontrolled movement face arm leg benefit outweigh risk though satisfied way helped stabilize mood
128637,Phentermine,weight loss,got back pill 61115 really suppressed appetite boosted energy wanted give yall head paid 12 prescription using coupon,7.0,"June 12, 2015",30,weight loss got back pill 61115 really suppressed appetite boosted energy wanted give yall head paid 12 prescription using coupon
66809,Seroquel,bipolar disorde,found seroquel helpful life high antidepressant medicine gave seroquel help lead normal life allowing sleep calm long working hour high demand job take 100mg dinner help appetite also would take seroquel day feel would inhibit ability communicate work ive read interpolate effect medicine differing way honestly say saved dark place expensive worth cost,10.0,"February 23, 2013",48,bipolar disorde found seroquel helpful life high antidepressant medicine gave seroquel help lead normal life allowing sleep calm long working hour high demand job take 100mg dinner help appetite also would take seroquel day feel would inhibit ability communicate work ive read interpolate effect medicine differing way honestly say saved dark place expensive worth cost
50675,Gabapentin,reflex sympathetic dystrophy syndrome,rsd 10 year second year used neurontin took care 95 pain 10 month one day quit working rsd patient talk result every hear work someone taking several year,5.0,"February 11, 2010",15,reflex sympathetic dystrophy syndrome rsd 10 year second year used neurontin took care 95 pain 10 month one day quit working rsd patient talk result every hear work someone taking several year
201833,Lo / Ovral,birth control,pill awful worst mood swing constantly depressed cry miserable gained close 15lbs first month appetite could curbed eating everything sight bloating terrible overall hated pill,1.0,"April 28, 2015",1,birth control pill awful worst mood swing constantly depressed cry miserable gained close 15lbs first month appetite could curbed eating everything sight bloating terrible overall hated pill
87305,Latuda,bipolar disorde,ive taking 400mg lamictal day 3 year doctor suggested adding latuda mix first started taking 40 mg latuda getting headache made panic cut 10mg twice week seems working well enough get posted earlier felt kind hard get morning taking latuda night take bed fear panicky headache thing going,7.0,"August 13, 2011",44,bipolar disorde ive taking 400mg lamictal day 3 year doctor suggested adding latuda mix first started taking 40 mg latuda getting headache made panic cut 10mg twice week seems working well enough get posted earlier felt kind hard get morning taking latuda night take bed fear panicky headache thing going
228302,Butrans,chronic pain,suffered back knee foot pain year two failed back surgery finally given butran patch relief terrific problem led stop treatment release medication patch accelerated heat perspiration overdosing active even sun shirt caused overdose,10.0,"September 11, 2015",34,chronic pain suffered back knee foot pain year two failed back surgery finally given butran patch relief terrific problem led stop treatment release medication patch accelerated heat perspiration overdosing active even sun shirt caused overdose
42915,Xulane,birth control,started taking xulane insurance stopped covering ortho evra first month fine side effect irritation pregnancy scare anything second month started experiencing nausea cramp period late absolute worst depression even started losing touch reality thought going crazy since stopped ive felt completely fine prevent getting pregnant mood swing worth anymore move onto pill,4.0,"August 9, 2015",7,birth control started taking xulane insurance stopped covering ortho evra first month fine side effect irritation pregnancy scare anything second month started experiencing nausea cramp period late absolute worst depression even started losing touch reality thought going crazy since stopped ive felt completely fine prevent getting pregnant mood swing worth anymore move onto pill
162128,Denosumab,osteoporosis,’ worked well started taking 55 year old falling breaking 5 bone foot doctor dexa scan done 28 ’ four half year side effect problem last bone scan lowest score 16,10.0,"November 3, 2017",8,osteoporosis ’ worked well started taking 55 year old falling breaking 5 bone foot doctor dexa scan done 28 ’ four half year side effect problem last bone scan lowest score 16
187188,Azelastine / fluticasone,allergic rhinitis,dymista spray keep sinus unblocked without get sleep apnea hearing affected also use daily nasal rinse ive tried spray dymista one really work 50 australian last month,10.0,"October 18, 2017",0,allergic rhinitis dymista spray keep sinus unblocked without get sleep apnea hearing affected also use daily nasal rinse ive tried spray dymista one really work 50 australian last month
39930,Contrave,obesity,contrave 4 month happy result lost total 62lbs continue take pill reach goal happy,10.0,"August 16, 2015",59,obesity contrave 4 month happy result lost total 62lbs continue take pill reach goal happy
79703,Xarelto,pulmonary embolism,xarelto 2 month without complaint ive ordinary dream others reported endurance athlete deconditioning forced exercise restriction 4 week say medicine limit performance must say short duration dizzy spell occasion definitely norm insurance required xarelto preauthorized prior getting far happy performance convenience,10.0,"October 23, 2014",24,pulmonary embolism xarelto 2 month without complaint ive ordinary dream others reported endurance athlete deconditioning forced exercise restriction 4 week say medicine limit performance must say short duration dizzy spell occasion definitely norm insurance required xarelto preauthorized prior getting far happy performance convenience
183873,Mometasone,allergic rhinitis,ive annoying embarrassing hay fever related symptom 10 year first red eye itchy tear duct progressed eyelid twitching first eyelid twitched whenever sneezed would happen randomly increased frequency became bad would avoid meeting office tried common hayfever medication helped could never get darn twitching stop month ago saw doctor unrelated issue prescribed nasonex hay fever itchy eye eyelid twitching disappeared within day feel like new person,10.0,"January 6, 2015",15,allergic rhinitis ive annoying embarrassing hay fever related symptom 10 year first red eye itchy tear duct progressed eyelid twitching first eyelid twitched whenever sneezed would happen randomly increased frequency became bad would avoid meeting office tried common hayfever medication helped could never get darn twitching stop month ago saw doctor unrelated issue prescribed nasonex hay fever itchy eye eyelid twitching disappeared within day feel like new person
173895,Provigil,narcolepsy,good first two day medicine third day got lot itching skin sensitivity hoping would work,1.0,"October 9, 2012",23,narcolepsy good first two day medicine third day got lot itching skin sensitivity hoping would work
2352,Clobex,dermatitis,3 day using im starting see significant clearing inside elbow stress rash got control might need even use whole 2 week able save next time,10.0,"November 1, 2013",18,dermatitis 3 day using im starting see significant clearing inside elbow stress rash got control might need even use whole 2 week able save next time
183198,Cymbalta,ibromyalgia,46 suffered depression since teenager fibromyalgia pain stiffness since 30 nothing else helped much tried gabapentin prozac antidepressant ibuprofen tramadol helped little pain like cymbalta started 30mg worked 90mg daily feel like cured morning pain stiffness ache pain mood much brighter havent felt happy since kid laughing time thing havent able physically year started jogging side effect loss appetite insomnia hot flash well worth,10.0,"June 24, 2013",84,ibromyalgia 46 suffered depression since teenager fibromyalgia pain stiffness since 30 nothing else helped much tried gabapentin prozac antidepressant ibuprofen tramadol helped little pain like cymbalta started 30mg worked 90mg daily feel like cured morning pain stiffness ache pain mood much brighter havent felt happy since kid laughing time thing havent able physically year started jogging side effect loss appetite insomnia hot flash well worth
221020,Junel Fe 1.5 / 30,birth control,pill 5 year first 6 month difficult take food id get nauseous certain time cycle made extremely tired moody etc longer stayed symptom subsided encourage anyone struggling hold likely improve also learned take exact time every day side effect worse past year problem,7.0,"April 17, 2016",2,birth control pill 5 year first 6 month difficult take food id get nauseous certain time cycle made extremely tired moody etc longer stayed symptom subsided encourage anyone struggling hold likely improve also learned take exact time every day side effect worse past year problem
18643,Alosetron,irritable bowel syndrome,10 year ago took lotronex severe ibs diarrhea condition crippled could leave house without taking antidiarrheal motion sickness medication get door know location every restroom every store every road get picture social life didnt dare go anywhere condition reading med might help ibs taken several various time made sick research lotronex first came asked pcp would prescribe first night took 99 symptom gone within week two finally felt normal alive,10.0,"September 7, 2016",10,irritable bowel syndrome 10 year ago took lotronex severe ibs diarrhea condition crippled could leave house without taking antidiarrheal motion sickness medication get door know location every restroom every store every road get picture social life didnt dare go anywhere condition reading med might help ibs taken several various time made sick research lotronex first came asked pcp would prescribe first night took 99 symptom gone within week two finally felt normal alive
36271,Imiquimod,human papilloma virus,genital wart skin penis doctor recommend use aldara cream wipe applied week already applied 3 time dont feel pain itching really hope cream work im scare go freezing burning treatment quite pricey,1.0,"October 11, 2015",2,human papilloma virus genital wart skin penis doctor recommend use aldara cream wipe applied week already applied 3 time dont feel pain itching really hope cream work im scare go freezing burning treatment quite pricey
21677,Guaifenesin / pseudoephedrine,cough and nasal congestion,taken mucinex several time past year congestion best thing make feel better day take morning food even usually dont sleep great night experience insomnia others talking,8.0,"January 5, 2017",9,cough and nasal congestion taken mucinex several time past year congestion best thing make feel better day take morning food even usually dont sleep great night experience insomnia others talking
1713,Zolmitriptan,migraine,maxalt nothing oral sumatriptan stopped working tried zomig spray followed direction exactly still got ton product dripping back throat normal either migraine kept getting worse zomig made worse either way work,1.0,"May 1, 2017",2,migraine maxalt nothing oral sumatriptan stopped working tried zomig spray followed direction exactly still got ton product dripping back throat normal either migraine kept getting worse zomig made worse either way work
2531,Camrese,birth control,first started medication whole first month would feel super nauseous sick continued month spotting 3rd month spotting lasted 3 week finished first 3 month first period would side given positive though zero cramp huge considering used horrible one also cleared acne period last 3 day 5 month great,7.0,"November 13, 2016",6,birth control first started medication whole first month would feel super nauseous sick continued month spotting 3rd month spotting lasted 3 week finished first 3 month first period would side given positive though zero cramp huge considering used horrible one also cleared acne period last 3 day 5 month great
112916,Bisacodyl,constipation,ive feeling blocked day decided try ive never taken laxative whole new experience took 2 pill noon started cramping hour hit liquid coming 2 hour cramp almost unbearable hunched tear hour pain put cleared symptom stopped 8 dinner whole experience started 8 hour taking pill thought going go hospital pain going never recommend anyone threw rest away,2.0,"May 29, 2017",2,constipation ive feeling blocked day decided try ive never taken laxative whole new experience took 2 pill noon started cramping hour hit liquid coming 2 hour cramp almost unbearable hunched tear hour pain put cleared symptom stopped 8 dinner whole experience started 8 hour taking pill thought going go hospital pain going never recommend anyone threw rest away
82477,Liraglutide,obesity,started using liraglutide time september 2011 far lost around 12lbs major nausea issue first though however since went 50 click nausea seems subsided feel fuller longer arent eating half much used constantly thinking eating neither actually feel good already making really happy noticing little change body come losing 12lbs hope weight loss continues fabulous,9.0,"October 27, 2011",4,obesity started using liraglutide time september 2011 far lost around 12lbs major nausea issue first though however since went 50 click nausea seems subsided feel fuller longer arent eating half much used constantly thinking eating neither actually feel good already making really happy noticing little change body come losing 12lbs hope weight loss continues fabulous
96460,Neurontin,peripheral neuropathy,peripheral neuropathy arm hand leg foot affected leg foot get ice cold taking neurontin 4 year working taking 1800 mg day call doctor day pain bad changed dose higher 1800 mg day 3 day pain level changed,1.0,"April 22, 2012",102,peripheral neuropathy peripheral neuropathy arm hand leg foot affected leg foot get ice cold taking neurontin 4 year working taking 1800 mg day call doctor day pain bad changed dose higher 1800 mg day 3 day pain level changed
55883,Effexor,depression,effexor risky year took effexor fantastic withdrawal symptom bad everyone say fact three year effexor stopped working blue controlled withdrawal symptom brain zap electric shock feeling head mind felt like skipping record severely depressed cried time said starting take taking prozac several year prozac doesnt make feel good effexor im taking hopefully ill another good year push withdrawal,5.0,"August 24, 2011",26,depression effexor risky year took effexor fantastic withdrawal symptom bad everyone say fact three year effexor stopped working blue controlled withdrawal symptom brain zap electric shock feeling head mind felt like skipping record severely depressed cried time said starting take taking prozac several year prozac doesnt make feel good effexor im taking hopefully ill another good year push withdrawal
68106,Plan B,emergency contraception,definitely recommend plan b girl unprotected sex scared possible outcome experience plan b good bad took plan b 5 hour condom broke unfortunately predicted day ovulation first faith plan b reading hundred review mixed emotion 40 day cycle sometimes earlier never 40 day morning taking plan b got serious nausea tired slept lot symptom went 2 week also emotional time plan b really mess hormone overemotional since condom broke finished inside ovulation day freaking also ton discharge kept thinking got period would race washroom however clear discharge concerned thought plan b failed day suppose get period nothing day passed still nothing still nauseous boob super sore weird cramp every often preparing worse finally week suppose got period first light worried sign pregnancy spotting day got normal flow plan b saved im thankful definitely careful next time plan b effective recommend however symptom pretty bad lot better pregnant ready responsibly im 16 year old definitely capable raising child avoid next time plan b used emergency regularly read ton thing internet plan b wouldnt trust feedback plan b work ovulation grateful plan b give highest rating effectiveness,10.0,"October 19, 2015",39,emergency contraception definitely recommend plan b girl unprotected sex scared possible outcome experience plan b good bad took plan b 5 hour condom broke unfortunately predicted day ovulation first faith plan b reading hundred review mixed emotion 40 day cycle sometimes earlier never 40 day morning taking plan b got serious nausea tired slept lot symptom went 2 week also emotional time plan b really mess hormone overemotional since condom broke finished inside ovulation day freaking also ton discharge kept thinking got period would race washroom however clear discharge concerned thought plan b failed day suppose get period nothing day passed still nothing still nauseous boob super sore weird cramp every often preparing worse finally week suppose got period first light worried sign pregnancy spotting day got normal flow plan b saved im thankful definitely careful next time plan b effective recommend however symptom pretty bad lot better pregnant ready responsibly im 16 year old definitely capable raising child avoid next time plan b used emergency regularly read ton thing internet plan b wouldnt trust feedback plan b work ovulation grateful plan b give highest rating effectiveness
163457,Methylphenidate,narcolepsy,first diagnosed narcolepsy 13 started ritalin taking 40mg per day definitely helped narcolepsy wasnt strong enough keep fully awake repress cataplexy take 81mg concerta 10mg ritalin morning needed another 1020mg ritalin afternoon feeling tired definitely life saver especially class im didnt significant side effect glad introduced,8.0,"April 4, 2017",8,narcolepsy first diagnosed narcolepsy 13 started ritalin taking 40mg per day definitely helped narcolepsy wasnt strong enough keep fully awake repress cataplexy take 81mg concerta 10mg ritalin morning needed another 1020mg ritalin afternoon feeling tired definitely life saver especially class im didnt significant side effect glad introduced
45891,Fluoxetine,depression,took prozac several year treat depression awesome side effect gave life back went leaving bed actually productive member society lose good deal weight eventually balanced took got point stopped working ive never found anything worked well hopefully able take work one day,10.0,"April 12, 2009",185,depression took prozac several year treat depression awesome side effect gave life back went leaving bed actually productive member society lose good deal weight eventually balanced took got point stopped working ive never found anything worked well hopefully able take work one day
85056,Ethinyl estradiol / norgestimate,acne,started taking trinessa 3wks ago help cyst acne cyst acne bad jaw line ten time worse ’ really fence whether good idea ☹ literally went one two cyst period ten one side face 5 side entire month ’ getting new one every day painful ice night morning ’ read review said thing got worse got better really hope case hope wont scaring ’ update review month,1.0,"December 7, 2015",5,acne started taking trinessa 3wks ago help cyst acne cyst acne bad jaw line ten time worse ’ really fence whether good idea ☹ literally went one two cyst period ten one side face 5 side entire month ’ getting new one every day painful ice night morning ’ read review said thing got worse got better really hope case hope wont scaring ’ update review month
144814,Etonogestrel,birth control,rate 10 havent gotten pregnant 2 year point rather pregnant first month perfect second month terrible terrible acne face chest back acne wasnt even close bad ever even going middle high school gained weight much biggest issue birth control nonstop random bleeding last month horrible cramp also developed ovarian cyst painful usually go away within week gone doctor many time always handed pack birth control pill make estrogen isnt bar,10.0,"January 18, 2016",0,birth control rate 10 havent gotten pregnant 2 year point rather pregnant first month perfect second month terrible terrible acne face chest back acne wasnt even close bad ever even going middle high school gained weight much biggest issue birth control nonstop random bleeding last month horrible cramp also developed ovarian cyst painful usually go away within week gone doctor many time always handed pack birth control pill make estrogen isnt bar
225657,Bupropion,depression,taking 20mg prozac worked pretty good taken adderall past add asked doctor suggested take wellbutrin 2 week really noticed difference actually feel great 300mg xl side effect minimal feel like zombie first second day third day giggle thing started even wasnt anything terrible little bit harder go sleep night however ive never good sleeper dry mouth kind bad anxiety depression havent noticed anything add yet ill give couple week,8.0,"June 8, 2013",91,depression taking 20mg prozac worked pretty good taken adderall past add asked doctor suggested take wellbutrin 2 week really noticed difference actually feel great 300mg xl side effect minimal feel like zombie first second day third day giggle thing started even wasnt anything terrible little bit harder go sleep night however ive never good sleeper dry mouth kind bad anxiety depression havent noticed anything add yet ill give couple week
164163,Xiidra,dry eye disease,autoimmune arthritis ocular hypertension seasonal eye allergy cause dry eye used every otc tear drop gel ointment lid scrub run cool mist humidifier sleeping constant burning stinging feeling like eye lid stuck eyeball cloudy blurred vision year looked like cry time drunk started xiidra 3 week ago helping lot yes sting moment also gotten slight headache use getting better get used drop problem using xiidra pressure drop wait 10 min far happy glad insurance cover 50 copay 600 prescription,7.0,"November 2, 2017",0,dry eye disease autoimmune arthritis ocular hypertension seasonal eye allergy cause dry eye used every otc tear drop gel ointment lid scrub run cool mist humidifier sleeping constant burning stinging feeling like eye lid stuck eyeball cloudy blurred vision year looked like cry time drunk started xiidra 3 week ago helping lot yes sting moment also gotten slight headache use getting better get used drop problem using xiidra pressure drop wait 10 min far happy glad insurance cover 50 copay 600 prescription
64404,Sertraline,anxiety and stress,medication changed life better started feel better within week taking chose take bed rather morning think helped feel negative side effect ive tried 2 type medication one thats helped reduce anxiety everyone different may work everyone experience positive,10.0,"August 28, 2016",59,anxiety and stress medication changed life better started feel better within week taking chose take bed rather morning think helped feel negative side effect ive tried 2 type medication one thats helped reduce anxiety everyone different may work everyone experience positive
93393,Vortioxetine,depression,took 10 mg day became uncomfortably manic started cut pill end taking 20 mg 3 day end 6th week chronic clinical depression 27 year taking 225 mg buproprion day 50 mg fluvoximine experience improvement thought suicide long time see doc two week noticeable time 8 week go,1.0,"July 18, 2014",43,depression took 10 mg day became uncomfortably manic started cut pill end taking 20 mg 3 day end 6th week chronic clinical depression 27 year taking 225 mg buproprion day 50 mg fluvoximine experience improvement thought suicide long time see doc two week noticeable time 8 week go
75953,Olodaterol / tiotropium,copd,diagnosed early emphysema 11th october 2017 5 week ago never used bronchodilator previously find product easy use longer wheeze lying believe breathing easier,9.0,"November 20, 2017",1,copd diagnosed early emphysema 11th october 2017 5 week ago never used bronchodilator previously find product easy use longer wheeze lying believe breathing easier
81092,Hypercare,0</span> users found this comment helpful.,sweating 3 year even 30 degree outside wasnt wearing jacket people would ask sweating embarrassing couldnt even explain would sweat shirt onto jacket tired knowing would section leader knew id sweaty arm people would start saying something went doctor asked knew anything help prescribed even though burning itching worth sweating texas heat work perfectly,9.0,"June 27, 2011",0,0</span> users found this comment helpful. sweating 3 year even 30 degree outside wasnt wearing jacket people would ask sweating embarrassing couldnt even explain would sweat shirt onto jacket tired knowing would section leader knew id sweaty arm people would start saying something went doctor asked knew anything help prescribed even though burning itching worth sweating texas heat work perfectly
117593,Nortriptyline,migraine prevention,experiencing significant feeling brain hurting feeling like wanted bust skull overwhelmed sound sight feeling offkilter bc brain dizziness affected cognitive functioning cant think difficulty processing information bad memory couldnt express verbally every scan done possible showing nothing concern neurologist started 25 mg ofnortriptyline headhurting stoppedstill dizziness difficulty processing information side effect dry mouth bad taste mouth always carry water happy change place start used cry hold head stay home,9.0,"July 30, 2015",45,migraine prevention experiencing significant feeling brain hurting feeling like wanted bust skull overwhelmed sound sight feeling offkilter bc brain dizziness affected cognitive functioning cant think difficulty processing information bad memory couldnt express verbally every scan done possible showing nothing concern neurologist started 25 mg ofnortriptyline headhurting stoppedstill dizziness difficulty processing information side effect dry mouth bad taste mouth always carry water happy change place start used cry hold head stay home
49369,Ethinyl estradiol / levonorgestrel,birth control,ive lutera 28 year ive noticed im late taking pill day even two hour ill spot even start period early major mood swing depression day think im loosing mind effective preventing pregnancy however ive completely lost libido youre considering taking pill would look bc option besides one,4.0,"January 25, 2016",3,birth control ive lutera 28 year ive noticed im late taking pill day even two hour ill spot even start period early major mood swing depression day think im loosing mind effective preventing pregnancy however ive completely lost libido youre considering taking pill would look bc option besides one
219620,Taytulla,birth control,almost week switching taytulla knew something wrong figured body going adjustment period 2 week went every single day hell im nauseous get lightheaded double vision weird taste mouth wont go away actual gel capsule dangerous issue swallowing gel capsule usually one day almost choked trying swallow oddly enough taytulla glided tongue swallowed water attempted breath slippery coating allowed slip right windpipe aggressively coughing finally came back body feel like going haywire im switching back,2.0,"September 27, 2017",0,birth control almost week switching taytulla knew something wrong figured body going adjustment period 2 week went every single day hell im nauseous get lightheaded double vision weird taste mouth wont go away actual gel capsule dangerous issue swallowing gel capsule usually one day almost choked trying swallow oddly enough taytulla glided tongue swallowed water attempted breath slippery coating allowed slip right windpipe aggressively coughing finally came back body feel like going haywire im switching back
195435,Aviane,birth control,ive birth control two year one ive ever used say ive definitely gained weight im sure many factor well sex drive decreased get moody irritable however nothing extreme job ive noticed constant mood swing week period first week pill sometimes double avoid dip hormone guess good enough point dont want trial error one thats stay everyones body different,7.0,"July 11, 2017",4,birth control ive birth control two year one ive ever used say ive definitely gained weight im sure many factor well sex drive decreased get moody irritable however nothing extreme job ive noticed constant mood swing week period first week pill sometimes double avoid dip hormone guess good enough point dont want trial error one thats stay everyones body different
53097,Plavix,heart attack,taking plavix day came market unique clotting problem heart doctor plavix 325 mg aspirin daily developed atrial fibrillation put warfarin also started bleeding problem took warfarin fine plavix aspirin clot problem encountered,10.0,"September 13, 2011",140,heart attack taking plavix day came market unique clotting problem heart doctor plavix 325 mg aspirin daily developed atrial fibrillation put warfarin also started bleeding problem took warfarin fine plavix aspirin clot problem encountered
38677,Liletta,birth control,liletta inserted 7th july exactly month ago insertion fantastic literally felt nothing previously skyla agony inserted since insertion fairly heavy period non stop bright red clotted spotting also develop moderate severe cystic acne clear skin acne chest chack forehead dotted across face dermatologist prescribed antibiotic week acne gotten worse feeling like liletta may mistake contraception benefit doesnt seem worth acne associated self esteem issuesconsidering removed anyone else severe acne side effect,3.0,"August 7, 2016",9,birth control liletta inserted 7th july exactly month ago insertion fantastic literally felt nothing previously skyla agony inserted since insertion fairly heavy period non stop bright red clotted spotting also develop moderate severe cystic acne clear skin acne chest chack forehead dotted across face dermatologist prescribed antibiotic week acne gotten worse feeling like liletta may mistake contraception benefit doesnt seem worth acne associated self esteem issuesconsidering removed anyone else severe acne side effect
81815,Liraglutide,obesity,started taking saxenda december 27 2016 first three four week struggled beat nausea full feeling questioned losing weight worth miserable however pushed march 21 2017 lost 23lbs reduced caloric intake increased daily exercise hoping meet goal set year high school gained 52lbs seven month birth control since struggled weight loss ended 233lbs ever weighed miserable tried exercise dieting everything else yet nothing worked medication far helped set goal reach ill update three month,7.0,"March 21, 2017",42,obesity started taking saxenda december 27 2016 first three four week struggled beat nausea full feeling questioned losing weight worth miserable however pushed march 21 2017 lost 23lbs reduced caloric intake increased daily exercise hoping meet goal set year high school gained 52lbs seven month birth control since struggled weight loss ended 233lbs ever weighed miserable tried exercise dieting everything else yet nothing worked medication far helped set goal reach ill update three month
176898,Promethazine,nausea/vomiting,promethazine lifesaver im 26yrs old diagnosed acute renal failure 8 month ago main symptom extreme nausea vomiting ive take plastic bag everytime left house er 7 time since diagnosis dehydrationthe doctor give 3 medication including zofran took match vomiting thing looking pretty grim psychological physical health going downhill prescribed promethazine took 2 day bam vomiting nauseousness gone stopped taking felt fine 3 month later vomiting back know ill taking,9.0,"November 13, 2017",0,nausea/vomiting promethazine lifesaver im 26yrs old diagnosed acute renal failure 8 month ago main symptom extreme nausea vomiting ive take plastic bag everytime left house er 7 time since diagnosis dehydrationthe doctor give 3 medication including zofran took match vomiting thing looking pretty grim psychological physical health going downhill prescribed promethazine took 2 day bam vomiting nauseousness gone stopped taking felt fine 3 month later vomiting back know ill taking
45420,Fluoxetine,anxiety and stress,ive fluoxetine 7 year tell best decision ive ever made put ocd depression well anxiety constant hand washing thing past feel like happier person wanting thing become outgoing like medicine side effect first funnily enough dont think dont worry feel horrible first get sometimes go come way back,9.0,"December 11, 2014",50,anxiety and stress ive fluoxetine 7 year tell best decision ive ever made put ocd depression well anxiety constant hand washing thing past feel like happier person wanting thing become outgoing like medicine side effect first funnily enough dont think dont worry feel horrible first get sometimes go come way back
51767,Aczone,acne,used every product many work others made skin dry red aczone work beautifully skin clear time highly recommended,9.0,"February 16, 2011",10,acne used every product many work others made skin dry red aczone work beautifully skin clear time highly recommended
51822,Ustekinumab,psoriasis,highly recommend stelara getting first shot immediately felt skin clearing next day 60 gone week 80 gone btw guttate psoriasis super stoked ive tried metho cycloand enbril enbril made skin worse nothing really worked 100 second shot month first one noticed start coming back even scalp hadnt year 60 came back luckily side effect though think could answer lot psoriasis sufferer skin stubborn hard treat bad people,5.0,"May 17, 2017",6,psoriasis highly recommend stelara getting first shot immediately felt skin clearing next day 60 gone week 80 gone btw guttate psoriasis super stoked ive tried metho cycloand enbril enbril made skin worse nothing really worked 100 second shot month first one noticed start coming back even scalp hadnt year 60 came back luckily side effect though think could answer lot psoriasis sufferer skin stubborn hard treat bad people
204779,Cyproheptadine,anorexia,9st 4lb wanted put weight tried calorie drink eating cant eat youre hungry research found pill doctor never heard prescribed 3 month pill 3 day took 1 felt shattered take half tablet day side effect 10st 6lbs 7 month feeling lot better give body time get used,10.0,"March 4, 2016",28,anorexia 9st 4lb wanted put weight tried calorie drink eating cant eat youre hungry research found pill doctor never heard prescribed 3 month pill 3 day took 1 felt shattered take half tablet day side effect 10st 6lbs 7 month feeling lot better give body time get used
134173,Prednisone,ibromyalgia,taken prednisalone first time moderate exacerbation asthma first time 28 year pain free kept telling husband despite sick pneumonia felt relaxed realised pain know normal people feel could cry cant take forever due effect body gosh sure wish could work something worked without side effectsmeanwhile trying readjust pain feeling heartbroken live fibromyalgia,10.0,"April 19, 2016",32,ibromyalgia taken prednisalone first time moderate exacerbation asthma first time 28 year pain free kept telling husband despite sick pneumonia felt relaxed realised pain know normal people feel could cry cant take forever due effect body gosh sure wish could work something worked without side effectsmeanwhile trying readjust pain feeling heartbroken live fibromyalgia
82738,Maxalt-MLT,migraine,first tried migraine relieved 30 minute ten year later take 112 hour previously headache pain lasted 16 hour nothing counter ever worked unusual short term long term side affect make little drowsy sometimes,10.0,"April 8, 2015",5,migraine first tried migraine relieved 30 minute ten year later take 112 hour previously headache pain lasted 16 hour nothing counter ever worked unusual short term long term side affect make little drowsy sometimes
143439,Etonogestrel,birth control,nexplanon inserted january 20th last day period im afraid needle didnt hurt badjust slight tug pressure inserting 1st bc ever 02092017 noticed spotting last night originally 3 day left would normally period never spotted throughout period thought started last night felt like normal period symptom except morning brown discharge blood arm aching 12 week inserted two toddler 1 2 year old try avoid laying arm touching far like nexplanon hopefully overall future review great,9.0,"February 8, 2017",4,birth control nexplanon inserted january 20th last day period im afraid needle didnt hurt badjust slight tug pressure inserting 1st bc ever 02092017 noticed spotting last night originally 3 day left would normally period never spotted throughout period thought started last night felt like normal period symptom except morning brown discharge blood arm aching 12 week inserted two toddler 1 2 year old try avoid laying arm touching far like nexplanon hopefully overall future review great
142097,Escitalopram,anxiety,got burnout anxiety depressive obsessive thought couldnt sleep anymore doctor initially prescribed paxil side effect horrible switched lexapro symptom gradually went away month side effect mild weight gain could sweat quit medication stayed lexapro year also cbt gradually quit 6wk period withdrawal symptom lexapro litteraly saved job relationship sanity good comment say drug,9.0,"April 6, 2009",113,anxiety got burnout anxiety depressive obsessive thought couldnt sleep anymore doctor initially prescribed paxil side effect horrible switched lexapro symptom gradually went away month side effect mild weight gain could sweat quit medication stayed lexapro year also cbt gradually quit 6wk period withdrawal symptom lexapro litteraly saved job relationship sanity good comment say drug
63463,Epiduo,acne,started using epiduo last monday side effect day 5 face peeled nothing couldnt exfoliate washed face peeling day 5 day 6 face stung little put lotion minute epiduo face still sting little around eye area nothing cant get right away mild face look 50 better already happy husband kid coworkers noticed im afraid purge come since 11 day see positive change update guy week wanted post negative experience people posting,8.0,"November 14, 2015",13,acne started using epiduo last monday side effect day 5 face peeled nothing couldnt exfoliate washed face peeling day 5 day 6 face stung little put lotion minute epiduo face still sting little around eye area nothing cant get right away mild face look 50 better already happy husband kid coworkers noticed im afraid purge come since 11 day see positive change update guy week wanted post negative experience people posting
86616,Invokana,"diabetes, type 2",diagnosed 1998 type ii diabetes went one medicine another none worked told endocrinoligist must start insulin 4 x dayworked month 10 month lower blood sugar started medicine 3 week ago result super inject long lasting insulin night blood sugar number normal normal love medication,10.0,"February 12, 2014",81,"diabetes, type 2 diagnosed 1998 type ii diabetes went one medicine another none worked told endocrinoligist must start insulin 4 x dayworked month 10 month lower blood sugar started medicine 3 week ago result super inject long lasting insulin night blood sugar number normal normal love medication"
196808,Paroxetine,hot flashes,saw relief within 24 hour starting paroxetine 125 mg hot flash didnt realize much sleep missing wake rested take energy surge happens morning teeny bit nausea loss appetite evening drinking water help ill trade hot flash,9.0,"February 9, 2017",15,hot flashes saw relief within 24 hour starting paroxetine 125 mg hot flash didnt realize much sleep missing wake rested take energy surge happens morning teeny bit nausea loss appetite evening drinking water help ill trade hot flash
133414,Soolantra,rosacea,amazing severe outbreak saw change couple day 2 week using much better redness bump reduced least 80 hardly new spot since started sweden soolantra subsidized cost came 20 dollar fee employer reimbursed,10.0,"March 25, 2017",8,rosacea amazing severe outbreak saw change couple day 2 week using much better redness bump reduced least 80 hardly new spot since started sweden soolantra subsidized cost came 20 dollar fee employer reimbursed
135030,Dapsone,acne,medicine amazing ive 1015 different acne medicine hand best doesnt dry skin excellent spot treatment breakout gone day,10.0,"October 25, 2016",7,acne medicine amazing ive 1015 different acne medicine hand best doesnt dry skin excellent spot treatment breakout gone day
86211,Magnesium sulfate / potassium sulfate / sodium sulfate,bowel preparation,thankful website definitely eased mind prior prep procedure overall experience pretty easy pain free suprep pretty gross salty grape flavor 1st bottle much easier going 2nd throw managed keep worked worked quickly best advice read eat lightly couple day prior made thing much easier tolerable kept plenty fluid gatorade ginger ale apple juice butterscotch candy chicken broth far procedure beyond nervous complete cake staff great explained step step gave med completely sedated next thing knew awake,8.0,"October 19, 2015",10,bowel preparation thankful website definitely eased mind prior prep procedure overall experience pretty easy pain free suprep pretty gross salty grape flavor 1st bottle much easier going 2nd throw managed keep worked worked quickly best advice read eat lightly couple day prior made thing much easier tolerable kept plenty fluid gatorade ginger ale apple juice butterscotch candy chicken broth far procedure beyond nervous complete cake staff great explained step step gave med completely sedated next thing knew awake
98766,Nexplanon,birth control,nexplanon implanted birth daughter first spot 2 month nothing heavy even compared normal cycle first couple month bleeding whatsoever love couldnt happy decision choose method birth control best part always know make sure correct spot,9.0,"September 9, 2013",4,birth control nexplanon implanted birth daughter first spot 2 month nothing heavy even compared normal cycle first couple month bleeding whatsoever love couldnt happy decision choose method birth control best part always know make sure correct spot
192212,Drospirenone / ethinyl estradiol,acne,15 started estellebrenda helped clear skin face back acne started 14 although estelle helped skin also lot water retention face became puffyrounder felt like harder lose weight gained decided go estelle year 18 able lose weight quickly acne came back straight away tried whole year deal couldnt bear 19 went yasmin amazing skin within couple month completely clear impact weight slightly expensive pill completely worth,9.0,"February 10, 2016",7,acne 15 started estellebrenda helped clear skin face back acne started 14 although estelle helped skin also lot water retention face became puffyrounder felt like harder lose weight gained decided go estelle year 18 able lose weight quickly acne came back straight away tried whole year deal couldnt bear 19 went yasmin amazing skin within couple month completely clear impact weight slightly expensive pill completely worth
54666,Bupropion / naltrexone,weight loss,taking contrave 3 week 2 pill morning constantly hungry growling stomach actual pain still craving especially chocolate insurance cover cost medication sure worth 140 per month 60 pill might try one month im hungrier started using,1.0,"April 28, 2017",9,weight loss taking contrave 3 week 2 pill morning constantly hungry growling stomach actual pain still craving especially chocolate insurance cover cost medication sure worth 140 per month 60 pill might try one month im hungrier started using
196386,Atovaquone / proguanil,malaria prevention,taking 2nd pill developed raised red welt neck shoulder upper chest immediately stopped taking malarone next day raised welt replaced another rash skin cracked dry felt hot touchlike bad burn week new rash continuing spread went emergency room immediately put predisone told rash continued spread develop blister would need seek immediate emergency medical treatment endanger developing stevenjohnson syndrome four week since first took drug rash gone skin peeled tested systemic damage liver damage,1.0,"October 3, 2016",4,malaria prevention taking 2nd pill developed raised red welt neck shoulder upper chest immediately stopped taking malarone next day raised welt replaced another rash skin cracked dry felt hot touchlike bad burn week new rash continuing spread went emergency room immediately put predisone told rash continued spread develop blister would need seek immediate emergency medical treatment endanger developing stevenjohnson syndrome four week since first took drug rash gone skin peeled tested systemic damage liver damage
27101,Ultram,pain,using ultram 2 month think medicine work well pain however withdrawal side effect bad stop taking medicine two day experience cold sweat hot flash cant sleep leg get restless night find take medicine without pain feel like normal self restless leg probably worst part withdrawal symptom however work fairly well pain taken regularly,9.0,"June 4, 2009",235,pain using ultram 2 month think medicine work well pain however withdrawal side effect bad stop taking medicine two day experience cold sweat hot flash cant sleep leg get restless night find take medicine without pain feel like normal self restless leg probably worst part withdrawal symptom however work fairly well pain taken regularly
145565,Qsymia,weight loss,ive great result medication side effect listed dry mouth numbness toe medication used properly help loose weight aid journey best describe friend feel like ate thanksgiving meal everytime take medication suffer migraine medication one work go qsymia website offer saving coupon work every pharmacy eat junk every month hope loose lot weight wont happen healthier eat medicine help good luck,9.0,"July 25, 2016",43,weight loss ive great result medication side effect listed dry mouth numbness toe medication used properly help loose weight aid journey best describe friend feel like ate thanksgiving meal everytime take medication suffer migraine medication one work go qsymia website offer saving coupon work every pharmacy eat junk every month hope loose lot weight wont happen healthier eat medicine help good luck
188339,ParaGard,birth control,would never recommended birth control got 2014 got take today 2017 past yearandahalf ive sick ive seen special doctor got gallbladder taken many medication could never figure truly wrong cramping horribly bad heavy period nausea vomiting upset stomach always felt like morning sickness fatigue brain fog finally saw link website saying paragard really bad side effect thank god clicked 85 side effect found copper going bloodstream whats called copper toxicity way much copper body,1.0,"June 27, 2017",6,birth control would never recommended birth control got 2014 got take today 2017 past yearandahalf ive sick ive seen special doctor got gallbladder taken many medication could never figure truly wrong cramping horribly bad heavy period nausea vomiting upset stomach always felt like morning sickness fatigue brain fog finally saw link website saying paragard really bad side effect thank god clicked 85 side effect found copper going bloodstream whats called copper toxicity way much copper body
132675,Doxepin,insomnia,ive taking 6 mg week doesnt much last night slept maybe 2 hour may see doctor prescribe 10 mg doxepin im really worried nothing seems work,1.0,"February 2, 2011",28,insomnia ive taking 6 mg week doesnt much last night slept maybe 2 hour may see doctor prescribe 10 mg doxepin im really worried nothing seems work
183427,Cymbalta,anxiety,started taking cymbalta took day kick worked great anxiety depression nothing arthritis pain side effect extremely difficult urination discontinue medication,4.0,"October 6, 2011",14,anxiety started taking cymbalta took day kick worked great anxiety depression nothing arthritis pain side effect extremely difficult urination discontinue medication
37140,Vyvanse,binge eating disorde,’ vyvanse 6 month slowly increased 20mg 40mg ’ lost 24 pound plan lose hardest time changing eating habit pregnancy continued eat gained 34 pound back lost giving birth son ate large portion ’ realize gone vyvanse changed eating habit much expected eat little look food nothing look appetizing even cracker ’ started experience issue anxiety depression worried brought vyvanse anxiety agitation side effect vyvanse work listen body sign trouble,7.0,"November 7, 2017",2,binge eating disorde ’ vyvanse 6 month slowly increased 20mg 40mg ’ lost 24 pound plan lose hardest time changing eating habit pregnancy continued eat gained 34 pound back lost giving birth son ate large portion ’ realize gone vyvanse changed eating habit much expected eat little look food nothing look appetizing even cracker ’ started experience issue anxiety depression worried brought vyvanse anxiety agitation side effect vyvanse work listen body sign trouble
21953,Infliximab,"crohn's disease, maintenance",remicade since 7 year old developed crohn disease 26 year old year past 19 year receiving medicine kept healthy need find cycle 4 6 8 week infusion every 6 week keep symptom minimal day day infusion feel like crap tired painful joint wear feel lot better infusion,10.0,"July 25, 2017",9,"crohn's disease, maintenance remicade since 7 year old developed crohn disease 26 year old year past 19 year receiving medicine kept healthy need find cycle 4 6 8 week infusion every 6 week keep symptom minimal day day infusion feel like crap tired painful joint wear feel lot better infusion"
93361,Vortioxetine,major depressive disorde,ive suffered moderately severe episode depression chronic anxiety year tried everything prozac cymbalta paxil remeron abilify side effect ranged bad intolerable headache weight gain cognitive dulling almost gave hope anything would help medication provided lot relief depression seemingly vanished anxiety still seems little better everyones body reacts differently feel like youve tried every ssri starting low dose might really help could placebo effect know somehow dont think lack success past med im 5mg take low dose benzos,9.0,"November 13, 2014",37,major depressive disorde ive suffered moderately severe episode depression chronic anxiety year tried everything prozac cymbalta paxil remeron abilify side effect ranged bad intolerable headache weight gain cognitive dulling almost gave hope anything would help medication provided lot relief depression seemingly vanished anxiety still seems little better everyones body reacts differently feel like youve tried every ssri starting low dose might really help could placebo effect know somehow dont think lack success past med im 5mg take low dose benzos
76904,Lorcaserin,obesity,started taking belviq 2 week ago im already 10 pound bad part painful urination frequent urge go back pain increased headache gone 2 specialist bladder issue confirmed medication cause suck effective cant take irritation,5.0,"June 12, 2015",19,obesity started taking belviq 2 week ago im already 10 pound bad part painful urination frequent urge go back pain increased headache gone 2 specialist bladder issue confirmed medication cause suck effective cant take irritation
143286,Etonogestrel,birth control,got nexplanon abut year half ago wait get removed get frequent migraine problem fighting depression major anxiety acne face shoulder back even started stomach area period 3 week every month spotting extremely heavy cramp constantly sleeping habit way wack either want sleep day appetite sky rocketed feel like never get enough eat yet ive lost ton weight since getting absolutely sex drive ever would never million year recommend anyone hope gave insight,1.0,"March 19, 2017",12,birth control got nexplanon abut year half ago wait get removed get frequent migraine problem fighting depression major anxiety acne face shoulder back even started stomach area period 3 week every month spotting extremely heavy cramp constantly sleeping habit way wack either want sleep day appetite sky rocketed feel like never get enough eat yet ive lost ton weight since getting absolutely sex drive ever would never million year recommend anyone hope gave insight
12374,Atripla,hiv infection,never thought id raving drug well way meet maker got atripla 2 year happy say saved life dont drink dont smoke ive never done drug recreation always taking medication scared death possible side effect atripla taking plunge queasy stomach thankfully side effect problem first month healthier ever vivid dream severe depression gone away also believe atripla made smarter however cant stay late anymore must stay bed counting sheep fall asleep,10.0,"July 2, 2010",18,hiv infection never thought id raving drug well way meet maker got atripla 2 year happy say saved life dont drink dont smoke ive never done drug recreation always taking medication scared death possible side effect atripla taking plunge queasy stomach thankfully side effect problem first month healthier ever vivid dream severe depression gone away also believe atripla made smarter however cant stay late anymore must stay bed counting sheep fall asleep
47593,Tapentadol,pain,taking second pill go er couldnt control emotion broke balling like baby reason uncontrollable need cry never side effect opiate pain reliever,1.0,"March 2, 2014",63,pain taking second pill go er couldnt control emotion broke balling like baby reason uncontrollable need cry never side effect opiate pain reliever
40625,Zanaflex,muscle spasm,disc disease take 4mg night knock medicine helped pain muscle spasm sleep well night last next day taking 3 day finally found good muscle relaxer side effect noticed dry mouth think great,10.0,"November 5, 2010",59,muscle spasm disc disease take 4mg night knock medicine helped pain muscle spasm sleep well night last next day taking 3 day finally found good muscle relaxer side effect noticed dry mouth think great
155211,Metronidazole,clostridial infection,caught c diff two surgery 2 day hospital stay much pain cdiff nausea diarrhea cramping sharp stabbing pain appetite one round med 3 time day 14 day symptom subsided little got tested still high toxin level gave another round symptom got little better got tested still toxin yet another round day inside still haywire maybe gallbladder removal well surgeon explained cdiff hard bugger eliminate sometimes feel like medicine job war took battle get,8.0,"March 6, 2016",9,clostridial infection caught c diff two surgery 2 day hospital stay much pain cdiff nausea diarrhea cramping sharp stabbing pain appetite one round med 3 time day 14 day symptom subsided little got tested still high toxin level gave another round symptom got little better got tested still toxin yet another round day inside still haywire maybe gallbladder removal well surgeon explained cdiff hard bugger eliminate sometimes feel like medicine job war took battle get
191879,Lisdexamfetamine,adhd,diagnosed three year ago adult add im 46 first prescribed adderall found even slowrelease capsule wore quickly leaving exhausted crashing work scarfing cup coffee doctor switched vyvanse much much better better able focus last longer however still doesnt get whole day find im extremely tired night also sometimes get caught trivial detail work home project whole far better since began vyvanse wish 70mg highest recommended amount stick,9.0,"November 29, 2009",31,adhd diagnosed three year ago adult add im 46 first prescribed adderall found even slowrelease capsule wore quickly leaving exhausted crashing work scarfing cup coffee doctor switched vyvanse much much better better able focus last longer however still doesnt get whole day find im extremely tired night also sometimes get caught trivial detail work home project whole far better since began vyvanse wish 70mg highest recommended amount stick
16,Medroxyprogesterone,abnormal uterine bleeding,im 17 went depo heavy bleeding like heavy would go super plus tampon night pad less hour first shot month ago fine little pain shot month later got period much lighter 11 day long 1 day break started total period 15 day cant even go school bleeding unpredictable heavy one minute lighter next also large palm size clot never cramp sent er thinking appendix attack never cramp bad dont know whats going happy,5.0,"October 15, 2015",8,abnormal uterine bleeding im 17 went depo heavy bleeding like heavy would go super plus tampon night pad less hour first shot month ago fine little pain shot month later got period much lighter 11 day long 1 day break started total period 15 day cant even go school bleeding unpredictable heavy one minute lighter next also large palm size clot never cramp sent er thinking appendix attack never cramp bad dont know whats going happy
44463,Ethinyl estradiol / norgestimate,birth control,using sprintec almost two year problem originally put birth control slow breast growth one kept growing help never gotten crazy acne period almost always time last 35 day gotten cramp weight gain would highly recommend sprintec,9.0,"March 5, 2010",5,birth control using sprintec almost two year problem originally put birth control slow breast growth one kept growing help never gotten crazy acne period almost always time last 35 day gotten cramp weight gain would highly recommend sprintec
140495,Escitalopram,anxiety,hi im 35 year old male strong anxiety panic attack 5 year ago im getting worse 2 month ago cant go home stay alone house therapist decided change medication took miratazapine time combined ssri 1st try 5 mgday extreme anxietynauseadiarrhea day 7th quit 2nd try 10 day later time xanax 2x05 mg first 3 day took 5 mgday side effect day 4th took 75 mgday diarrhea anxiety getting worse extreme nonstop nausea ate maybe 1 2 bananasday day 15th side effect still couldnt sleep feeling tired depressed 18th quit,1.0,"November 12, 2016",4,anxiety hi im 35 year old male strong anxiety panic attack 5 year ago im getting worse 2 month ago cant go home stay alone house therapist decided change medication took miratazapine time combined ssri 1st try 5 mgday extreme anxietynauseadiarrhea day 7th quit 2nd try 10 day later time xanax 2x05 mg first 3 day took 5 mgday side effect day 4th took 75 mgday diarrhea anxiety getting worse extreme nonstop nausea ate maybe 1 2 bananasday day 15th side effect still couldnt sleep feeling tired depressed 18th quit
203782,Suvorexant,insomnia,taking belsomra 2 month every night doctor took ambien worked great side effect ive found belsomra work sometimes sometimes eat anything hour two going bed im talking light snack med put sleep lie hour kind twilight sleep able totally drift next day feel havent slept count med help sleep work night able find trigger make work night others im going try longer far worth high price,5.0,"February 10, 2017",20,insomnia taking belsomra 2 month every night doctor took ambien worked great side effect ive found belsomra work sometimes sometimes eat anything hour two going bed im talking light snack med put sleep lie hour kind twilight sleep able totally drift next day feel havent slept count med help sleep work night able find trigger make work night others im going try longer far worth high price
66565,Seroquel,bipolar disorde,therapy counselling psychologist 3 year diagnosis consultant psychiatrist complexptsd bipolar type 2 fibromyalgia sertraline 200mg 2 year ate diazepam 25mg like smarties relationship anti social personality disordered man taking quetiapine since december 15 slowly moved 125mg increase 200mg taking 75mg mertazipine sleep though removed due increase quetiapine weight gain overall im feeling much calmer rational less reactive confident talking people intrusive thought cognitive dissonance depression anxiety insomnia cry dissacociation nightmare etc im happy,6.0,"March 22, 2016",30,bipolar disorde therapy counselling psychologist 3 year diagnosis consultant psychiatrist complexptsd bipolar type 2 fibromyalgia sertraline 200mg 2 year ate diazepam 25mg like smarties relationship anti social personality disordered man taking quetiapine since december 15 slowly moved 125mg increase 200mg taking 75mg mertazipine sleep though removed due increase quetiapine weight gain overall im feeling much calmer rational less reactive confident talking people intrusive thought cognitive dissonance depression anxiety insomnia cry dissacociation nightmare etc im happy
203206,Blisovi 24 Fe,birth control,gained 10 pound taking birth control never gained weight life helped period switched made break also took one pill six hour late got pregnant recommend,1.0,"July 23, 2017",2,birth control gained 10 pound taking birth control never gained weight life helped period switched made break also took one pill six hour late got pregnant recommend
198639,Depo-Provera,endometriosis,medicine ive tried control endometriosis symptom miracle first shot caused intense hunger lasted month experienced weight gain fact lost 10 pound diet exercise depo first month also caused bad adult acne got control acne wash ive occasional light spotting requires ultra thin pad day two 1 bad period due second shot since havent period 6 month shot allows live normal life make plan work normal job without miss numerous day,10.0,"July 5, 2017",5,endometriosis medicine ive tried control endometriosis symptom miracle first shot caused intense hunger lasted month experienced weight gain fact lost 10 pound diet exercise depo first month also caused bad adult acne got control acne wash ive occasional light spotting requires ultra thin pad day two 1 bad period due second shot since havent period 6 month shot allows live normal life make plan work normal job without miss numerous day
148319,Tarka,high blood pressure,drug many year took 4mg dose 2 x sometimes 3 x day without problem get skin sensitivity genetic daughter also found drug effective taken diuretic bendroflumethiazide 5 mg daily caused gout eventually honest good drug given ive tried many combination blood pressure medicine,7.0,"February 4, 2009",8,high blood pressure drug many year took 4mg dose 2 x sometimes 3 x day without problem get skin sensitivity genetic daughter also found drug effective taken diuretic bendroflumethiazide 5 mg daily caused gout eventually honest good drug given ive tried many combination blood pressure medicine
34593,Minocycline,acne,solodyn 5 month first 3 month bad 4th month got better developed minor itch leg ask doctor guess one drug side effect also feeling nausea loopy get time back much better acne inflamed blackhead slowly clearing worry liver damage,6.0,"May 15, 2017",4,acne solodyn 5 month first 3 month bad 4th month got better developed minor itch leg ask doctor guess one drug side effect also feeling nausea loopy get time back much better acne inflamed blackhead slowly clearing worry liver damage
181126,Tetrahydrozoline / zinc sulfate,eye redness/itching,redness itching due allergy used visine totality made eye burn couldnt see 10 minute amplified symptom already im scared use product painful wasnt expecting burn,1.0,"December 28, 2016",8,eye redness/itching redness itching due allergy used visine totality made eye burn couldnt see 10 minute amplified symptom already im scared use product painful wasnt expecting burn
90697,Chateal,birth control,ive really happy chateal dont experience irritability ive experienced birth control pill also like period doesnt kick immediately forget dose,10.0,"July 12, 2016",1,birth control ive really happy chateal dont experience irritability ive experienced birth control pill also like period doesnt kick immediately forget dose
51903,Ustekinumab,psoriasis,stelara effective 3 year lengthen time injection ie 16 week without much flare experienced chronic rhinitis symptom depression side effect,8.0,"January 15, 2013",26,psoriasis stelara effective 3 year lengthen time injection ie 16 week without much flare experienced chronic rhinitis symptom depression side effect
16565,Ethinyl estradiol / norethindrone,birth control,read review half ridiculous anxiety depression period give mood swing girl get mood swing ive pill since 15 22 never problem unless miss pill never pregnant light blood cramp little pimple anyone bad acne bad cramp highly recommend pill used throw bad cramp rarely even get one,10.0,"December 3, 2015",16,birth control read review half ridiculous anxiety depression period give mood swing girl get mood swing ive pill since 15 22 never problem unless miss pill never pregnant light blood cramp little pimple anyone bad acne bad cramp highly recommend pill used throw bad cramp rarely even get one
215408,Copper,birth control,one worst experience life copper iud inserted 5 month ago got removed today worst 5 month life start insertion extremely painful ive also never child awful side effect started period hell bleed like ive never life cramp bad call work time laying bed heating pad helped lost much blood ended anemia looked like walking zombie time 2 month face began break painful cystic acne everywhere ive never problem acne whole entire life worst thing ever,1.0,"November 3, 2017",0,birth control one worst experience life copper iud inserted 5 month ago got removed today worst 5 month life start insertion extremely painful ive also never child awful side effect started period hell bleed like ive never life cramp bad call work time laying bed heating pad helped lost much blood ended anemia looked like walking zombie time 2 month face began break painful cystic acne everywhere ive never problem acne whole entire life worst thing ever
131632,Effexor XR,major depressive disorde,prescribed effexor really bad anxiety attack 3 year ago first really great less suicidal thought anxiety wasnt bad wasnt eating absolutely appetite whatsoever starved lost 20 lb increased dosage 375 150 mg year later suffer eating disorder didnt side effect dizziness bad coordination insomnia headache lightheadedness especially fatigue impacted life point dropped high school withdrawal occur 24 hour taking pill make feel inhuman better,1.0,"September 21, 2016",12,major depressive disorde prescribed effexor really bad anxiety attack 3 year ago first really great less suicidal thought anxiety wasnt bad wasnt eating absolutely appetite whatsoever starved lost 20 lb increased dosage 375 150 mg year later suffer eating disorder didnt side effect dizziness bad coordination insomnia headache lightheadedness especially fatigue impacted life point dropped high school withdrawal occur 24 hour taking pill make feel inhuman better
73691,Ethinyl estradiol / norethindrone,birth control,tried many birth control pill absolutely love love pill many others cause extreme moodiness anger depression pill work great keeping hormone level skin clear weight gain period barely anything usually dont even one highly recommend pill know everyone different tried caused lose mind try one downfall pricey insurance fully cover,10.0,"November 16, 2012",11,birth control tried many birth control pill absolutely love love pill many others cause extreme moodiness anger depression pill work great keeping hormone level skin clear weight gain period barely anything usually dont even one highly recommend pill know everyone different tried caused lose mind try one downfall pricey insurance fully cover
103489,Loestrin 21 1 / 20,endometriosis,taking medication endometriosis made symptom better longer horrible cramping irregular bleeding isnt inflamation suffer acne gained 15lbs past 2 month using loestrin,10.0,"March 6, 2008",10,endometriosis taking medication endometriosis made symptom better longer horrible cramping irregular bleeding isnt inflamation suffer acne gained 15lbs past 2 month using loestrin
78273,Tapentadol,pain,work cost 107 insurance caused worst headache ever 20 year sent home work lost pay 25000 cost imitrex injection migraine caused prescribed pain shoulder slap repair done,1.0,"January 26, 2010",53,pain work cost 107 insurance caused worst headache ever 20 year sent home work lost pay 25000 cost imitrex injection migraine caused prescribed pain shoulder slap repair done
155629,Metronidazole,diverticulitis,diarrhea besides side effect whatsoever read side effect bothered started medicine nothing happened taking didnt get tired hurt stomach nothing added benefit knee injured 6 month ago hurt almost constantly taking medicine couple day pain knee disappeared,9.0,"March 29, 2013",20,diverticulitis diarrhea besides side effect whatsoever read side effect bothered started medicine nothing happened taking didnt get tired hurt stomach nothing added benefit knee injured 6 month ago hurt almost constantly taking medicine couple day pain knee disappeared
84394,Ethinyl estradiol / norgestimate,birth control,sprintec year okay skin absolutely perfect made extremely emotional point cry thinking something sad something would never happen taking pill anxiety constantly im glad see one severe emotional symptom coming pill,6.0,"December 9, 2016",6,birth control sprintec year okay skin absolutely perfect made extremely emotional point cry thinking something sad something would never happen taking pill anxiety constantly im glad see one severe emotional symptom coming pill
214353,Tioconazole,vaginal yeast infection,really hate writing negative review burning like hell used 120 abruptly awakened burn 430 520 im writing reading review go see doctor yi possible,1.0,"December 5, 2015",3,vaginal yeast infection really hate writing negative review burning like hell used 120 abruptly awakened burn 430 520 im writing reading review go see doctor yi possible
215682,Copper,birth control,paragard iud five year supposed effective ten year got pregnant fifth year subsequently abortion single horrific experience life,1.0,"May 11, 2017",7,birth control paragard iud five year supposed effective ten year got pregnant fifth year subsequently abortion single horrific experience life
222540,Kyleena,birth control,update kyleena almost 3 month period since got inserted spotted since first week experienced cramp appetite increase far worked great hope stay way hope work lady well,10.0,"April 24, 2017",8,birth control update kyleena almost 3 month period since got inserted spotted since first week experienced cramp appetite increase far worked great hope stay way hope work lady well
101657,Methocarbamol,muscle spasm,started prescribed 500mg twice daily blurred vision total body jerking approx 31min followed single limb jerking approx 30 min repeat total body jerking head spinning,3.0,"August 7, 2016",5,muscle spasm started prescribed 500mg twice daily blurred vision total body jerking approx 31min followed single limb jerking approx 30 min repeat total body jerking head spinning
49674,Ethinyl estradiol / levonorgestrel,abnormal uterine bleeding,sweet relief wish stared sooner soon period getting slowly heavier horrible throwing last period getting anaemic enough enough decided speak doctor getting script filled examined nothing wrong internally got seasonique took month body settle expect side effect headache tender breast fluid retention ur level even u must take pill time everyday experienced one break bleed cause 8 hr late taking one lasted week hormone last long bloodstream slight dip trigger bleeding goodluck starting,10.0,"August 9, 2015",7,abnormal uterine bleeding sweet relief wish stared sooner soon period getting slowly heavier horrible throwing last period getting anaemic enough enough decided speak doctor getting script filled examined nothing wrong internally got seasonique took month body settle expect side effect headache tender breast fluid retention ur level even u must take pill time everyday experienced one break bleed cause 8 hr late taking one lasted week hormone last long bloodstream slight dip trigger bleeding goodluck starting
34891,Minocycline,acne,hi taking minocycline least 2 week two week broke hive noticed hive started finger swelling itching moved arm go emergency room get medicine swelling itching go recommend medication,2.0,"September 19, 2015",5,acne hi taking minocycline least 2 week two week broke hive noticed hive started finger swelling itching moved arm go emergency room get medicine swelling itching go recommend medication
38200,Albuterol,"asthma, acute",read review longer getting relief respiclick read someone review stating replaced old respiclick new one new one worked design flaw sure opened new one work set doctor appointment havent able breath correctly week seems like go bad moment good switching dont money time deal design flaw especially come ability breathe,2.0,"July 17, 2016",14,"asthma, acute read review longer getting relief respiclick read someone review stating replaced old respiclick new one new one worked design flaw sure opened new one work set doctor appointment havent able breath correctly week seems like go bad moment good switching dont money time deal design flaw especially come ability breathe"
92683,Ondansetron,nausea/vomiting,prescribed medicine morning sickness never vomit always feel nauseated work sometimes sometimes feel like million bucksother time like didnt even take medicine,7.0,"February 21, 2010",15,nausea/vomiting prescribed medicine morning sickness never vomit always feel nauseated work sometimes sometimes feel like million bucksother time like didnt even take medicine
203313,Blisovi 24 Fe,birth control,originally prescribed something else somehow got switched guildess fe wasnt bad getting headache everyday insurance sent blisovi fe since taking blisovi period increased length cramp intensity heaviness bleeding including clot im hungry almost time bra longer fit completely size pill thing pill effective keeping getting pregnant scare get pregnant never missed pill took time everyday told make effectivei switching iud soon keep taking diff bc brand without warning,5.0,"February 23, 2017",4,birth control originally prescribed something else somehow got switched guildess fe wasnt bad getting headache everyday insurance sent blisovi fe since taking blisovi period increased length cramp intensity heaviness bleeding including clot im hungry almost time bra longer fit completely size pill thing pill effective keeping getting pregnant scare get pregnant never missed pill took time everyday told make effectivei switching iud soon keep taking diff bc brand without warning
223862,Vitamin B12,b12 nutritional deficiency,ive getting bvitamin injection 9 month taking phentermine weight loss energy sleep less hour without fatigued sick since started lost 40lbs total med,10.0,"August 14, 2015",26,b12 nutritional deficiency ive getting bvitamin injection 9 month taking phentermine weight loss energy sleep less hour without fatigued sick since started lost 40lbs total med
184709,Canagliflozin,"diabetes, type 2",internist trying various diabetes medication alone combination past 12 plus year lower blood sugar level long time situation ultimately combination januvia 100mg glimipiride twice per day metformin 2 500mg tablet twice per day initially combination gave diarrhea also discovered lactose intolerant eventually problem went away gradually within past year 1ac level slowly started climbing one point 78 6 month ago added trulicity5 mg ramped 15mg improve blood sugar lower weightstopped trulicity started invokana scared risk dehydrated yeast infection,4.0,"January 8, 2017",11,"diabetes, type 2 internist trying various diabetes medication alone combination past 12 plus year lower blood sugar level long time situation ultimately combination januvia 100mg glimipiride twice per day metformin 2 500mg tablet twice per day initially combination gave diarrhea also discovered lactose intolerant eventually problem went away gradually within past year 1ac level slowly started climbing one point 78 6 month ago added trulicity5 mg ramped 15mg improve blood sugar lower weightstopped trulicity started invokana scared risk dehydrated yeast infection"
88227,Clindamycin,bacterial infection,root canal 2 week ago abscess infection second part root canal couple day ago xray showed infection since im allergic penicillin prescribed clindamycin sensitive stomach medicine really number took 3 capsule 8 hour apart one worse result also forgot lying 30 minute taking pill 3rd time filled stomach food try protect didnt work nausea stomach pain intestinal cramp idea would cleared infection started taking cephalexin tonight also cause stomach problem far hasnt,1.0,"November 7, 2009",23,bacterial infection root canal 2 week ago abscess infection second part root canal couple day ago xray showed infection since im allergic penicillin prescribed clindamycin sensitive stomach medicine really number took 3 capsule 8 hour apart one worse result also forgot lying 30 minute taking pill 3rd time filled stomach food try protect didnt work nausea stomach pain intestinal cramp idea would cleared infection started taking cephalexin tonight also cause stomach problem far hasnt
167280,Levonorgestrel,emergency contraception,annoying pull money pocket buy little thing like little accident little overthinkinghesitation youre starting hesitate whether guy finished inside gut feeling take pill mistake happen stop calling stupid took aftera 10 hour intercourse condom ended breaking wanted safe aftera usually 10 cheaper plan b anyway took side effect got cramping slight headache manageable nothing bad subsided within 2 half hour got period day supposed,10.0,"April 12, 2016",9,emergency contraception annoying pull money pocket buy little thing like little accident little overthinkinghesitation youre starting hesitate whether guy finished inside gut feeling take pill mistake happen stop calling stupid took aftera 10 hour intercourse condom ended breaking wanted safe aftera usually 10 cheaper plan b anyway took side effect got cramping slight headache manageable nothing bad subsided within 2 half hour got period day supposed
144698,Etonogestrel,birth control,bled constantly 7 month removed refitted continued bleed constantly feel fatigued memory terrible im well also im uk,1.0,"February 12, 2016",0,birth control bled constantly 7 month removed refitted continued bleed constantly feel fatigued memory terrible im well also im uk
208969,Belsomra,insomnia,ive insomnia 32 yearsive tried every sleeping pill pill used label sleepmy latest cocktail 10mg ambian 1 mg clonidine longer work started belsomra 1 week ago 10mg didnt work 20mg take hour bed sleep 5 6 hour night dont feel tired wake exactly well rested either lot dream nightmare dont feel well rested id like continue take 5 6 hour sleep better 2 hour ambien took advanage coupon free trail copay 12500,1.0,"August 20, 2015",22,insomnia ive insomnia 32 yearsive tried every sleeping pill pill used label sleepmy latest cocktail 10mg ambian 1 mg clonidine longer work started belsomra 1 week ago 10mg didnt work 20mg take hour bed sleep 5 6 hour night dont feel tired wake exactly well rested either lot dream nightmare dont feel well rested id like continue take 5 6 hour sleep better 2 hour ambien took advanage coupon free trail copay 12500
180652,Adderall XR,adhd,57 year old male struggled five year college finally gave without getting degree home would start project never finish early forty finally earned b degree sheer determination wife psychologist gave iq test found iq rather high started asking underachiever life wife suggested might add started taking adderall xr 20mg 6 year ago changed life better able finish thing start plus dont procrastinate nearly much read entire book newspaper article etc without quitting part way,9.0,"February 10, 2011",43,adhd 57 year old male struggled five year college finally gave without getting degree home would start project never finish early forty finally earned b degree sheer determination wife psychologist gave iq test found iq rather high started asking underachiever life wife suggested might add started taking adderall xr 20mg 6 year ago changed life better able finish thing start plus dont procrastinate nearly much read entire book newspaper article etc without quitting part way
110318,Nexplanon,birth control,hate birth control im 18 got inserted late july 2015 8 month got wouldnt forget take pill period heavy period 5 month including heavy spotting recently got period month ago hasnt came back birth control make break even worse know im teen break out normal come back chest cheek wash moisturize twice day also birth control make moody slightly depressed highly recommend type protection personally im thinking going back pill,3.0,"February 17, 2016",1,birth control hate birth control im 18 got inserted late july 2015 8 month got wouldnt forget take pill period heavy period 5 month including heavy spotting recently got period month ago hasnt came back birth control make break even worse know im teen break out normal come back chest cheek wash moisturize twice day also birth control make moody slightly depressed highly recommend type protection personally im thinking going back pill
72357,Tramadol,pain,using tramadol eight year joint muscle pain result lyme disease undetected year adverse effect one major problem since medicine classified narcotic doctor hesitates prescribe even though taken dosage eight year reduction effectiveness need increase dosage,10.0,"November 28, 2011",105,pain using tramadol eight year joint muscle pain result lyme disease undetected year adverse effect one major problem since medicine classified narcotic doctor hesitates prescribe even though taken dosage eight year reduction effectiveness need increase dosage
39554,Contrave,obesity,47 yo 6 ft 282lbs sit computer day despite hitting treadmill daily eating 1800 calorie day still putting pound month every month decade 2010s started 215 miserable diet made everything worse tried mediterranean diet nothing helped blood pressure sky high sleep apnea slowly dying could feel dr said could try contrave id taken wellbutrin skeptical 10 week ago morning 258 eating healthy normal portion im treadmill time weight slipping steady 23 lb week havent nausea people talk,10.0,"June 16, 2016",34,obesity 47 yo 6 ft 282lbs sit computer day despite hitting treadmill daily eating 1800 calorie day still putting pound month every month decade 2010s started 215 miserable diet made everything worse tried mediterranean diet nothing helped blood pressure sky high sleep apnea slowly dying could feel dr said could try contrave id taken wellbutrin skeptical 10 week ago morning 258 eating healthy normal portion im treadmill time weight slipping steady 23 lb week havent nausea people talk
210934,Mirtazapine,insomnia,cycle med ambien sleep aid 1x 30mg night make mouth numb anywhere touch strange like sleep feel much natural ambien simply get tired 30 minute dont feel drugged benefit ive noticed take steady week much less anxiety tend focus better overall adhd like wouldnt believe treated w adderall downside there time 1 per month wake feeling mildly drugged 10 apparent increase appetite hallucinating everything made fur though wait never mind cat jerk shed everything,8.0,"February 23, 2016",62,insomnia cycle med ambien sleep aid 1x 30mg night make mouth numb anywhere touch strange like sleep feel much natural ambien simply get tired 30 minute dont feel drugged benefit ive noticed take steady week much less anxiety tend focus better overall adhd like wouldnt believe treated w adderall downside there time 1 per month wake feeling mildly drugged 10 apparent increase appetite hallucinating everything made fur though wait never mind cat jerk shed everything
113184,Bisacodyl,constipation,wheat intolerance also frequently blocked recommended use dulcolax instead normal senna stronger effective result took 2 tablet around 8pm 121am whole stomach bloated fact felt like going pop pulling skin tight finally discomfort passed bloating ease however pain experienced made consider going hospital nearly passed several occasion eventually go job recommend worth severity side effect atall,1.0,"March 1, 2016",7,constipation wheat intolerance also frequently blocked recommended use dulcolax instead normal senna stronger effective result took 2 tablet around 8pm 121am whole stomach bloated fact felt like going pop pulling skin tight finally discomfort passed bloating ease however pain experienced made consider going hospital nearly passed several occasion eventually go job recommend worth severity side effect atall
130420,Levonorgestrel,emergency contraception,used product 4 time time effective side effect arent bad worst happens stronger cramp period fatigue period may come couple day take pill may even come month however shouldnt stress stressing delay even product great taken correctly nothing worry,10.0,"April 26, 2013",33,emergency contraception used product 4 time time effective side effect arent bad worst happens stronger cramp period fatigue period may come couple day take pill may even come month however shouldnt stress stressing delay even product great taken correctly nothing worry
33148,Seasonique,birth control,seasonique 4 month got suppose period 4 time year started seasonique started bleeding really sucked son stopped bleeding figured body get used bled 4 12 day like normal period every week started bleeding 4 month bleeding 2 week straight sometimes get light think going stop stop night go sleep wake surprise im bleeding never period last 5 day birth control supposed help period stomach cramp bad cant move sometimes,1.0,"January 19, 2012",5,birth control seasonique 4 month got suppose period 4 time year started seasonique started bleeding really sucked son stopped bleeding figured body get used bled 4 12 day like normal period every week started bleeding 4 month bleeding 2 week straight sometimes get light think going stop stop night go sleep wake surprise im bleeding never period last 5 day birth control supposed help period stomach cramp bad cant move sometimes
182423,Mirena,abnormal uterine bleeding,mirena placed 6 month ago control excessive bleeding period 38 one child placement extremely painful even taking 800 mg ibuprofen prior procedure said friend placed pain youd expect pap smear depends person period tremendously lighter point almost get liner mirena served purpose side spot frequently period reoccurring yeast infection mild acne less sex drive mood swing orgasm near intense used frequently get mild cramping lower backache,8.0,"February 22, 2010",31,abnormal uterine bleeding mirena placed 6 month ago control excessive bleeding period 38 one child placement extremely painful even taking 800 mg ibuprofen prior procedure said friend placed pain youd expect pap smear depends person period tremendously lighter point almost get liner mirena served purpose side spot frequently period reoccurring yeast infection mild acne less sex drive mood swing orgasm near intense used frequently get mild cramping lower backache
130520,Levonorgestrel,abnormal uterine bleeding,im 48 year old mirena 4 year totally stopped period pleased due heavy bleeding dizziness weight gain lot acne hair loss etc im getting removed year early took toll body everybody effected different way,4.0,"August 24, 2012",19,abnormal uterine bleeding im 48 year old mirena 4 year totally stopped period pleased due heavy bleeding dizziness weight gain lot acne hair loss etc im getting removed year early took toll body everybody effected different way
145451,Empagliflozin / metformin,min),ive week since switching metformin ive noticed ache pain able workout since 2nd day changed love synjardy far using sample idea price insurance ill deal w come,10.0,"December 1, 2016",10,min) ive week since switching metformin ive noticed ache pain able workout since 2nd day changed love synjardy far using sample idea price insurance ill deal w come
123117,Azelastine,allergic rhinitis,extreme adverse reaction azelastine took one spray right nostril immediately intense nasal burning terrible pressure sinus severe headache muscle spasm calf shoulder drowsiness increased blood pressure day later developed nerve irritation occipital neuralgia dizziness due pinched nerve muscle spasm shoulder mouth became extremely dry bitter taste luckily lasted couple day occipital neuralgia worst part almost two week still neuralgia massage stretching help relieve temporarily pain come back,1.0,"March 6, 2016",13,allergic rhinitis extreme adverse reaction azelastine took one spray right nostril immediately intense nasal burning terrible pressure sinus severe headache muscle spasm calf shoulder drowsiness increased blood pressure day later developed nerve irritation occipital neuralgia dizziness due pinched nerve muscle spasm shoulder mouth became extremely dry bitter taste luckily lasted couple day occipital neuralgia worst part almost two week still neuralgia massage stretching help relieve temporarily pain come back
121890,Venlafaxine,depression,effexor xr changed life suffered constant unremitting generalized anxiety deep dark depressive episode 150mg effexor xr gave life back year increase dose ultimately ending 450mg unfortunately year 9 pooped altogether wish would come back great antidepressant side effect went away within first week giving pristiq try,9.0,"December 15, 2012",51,depression effexor xr changed life suffered constant unremitting generalized anxiety deep dark depressive episode 150mg effexor xr gave life back year increase dose ultimately ending 450mg unfortunately year 9 pooped altogether wish would come back great antidepressant side effect went away within first week giving pristiq try
216590,Sucralfate,not listed / othe,carafate suspension prescribed doctor stomach problem caused taking pain killer antiinflamatory drug knee injury already taking omeprozole trick carafate worked great realy calmed acid reflux,8.0,"October 27, 2008",21,not listed / othe carafate suspension prescribed doctor stomach problem caused taking pain killer antiinflamatory drug knee injury already taking omeprozole trick carafate worked great realy calmed acid reflux
161575,Remeron,depression,prescribed medication insomnia depression worked great insomnia first six month longer worked im sensitive ssri medication thought would great match stopped working also make perpetually hungry prone gain weight,5.0,"November 12, 2016",27,depression prescribed medication insomnia depression worked great insomnia first six month longer worked im sensitive ssri medication thought would great match stopped working also make perpetually hungry prone gain weight
126897,Dilaudid,pain,emergency room doctor diagonosis blood clot right lung given morphine didnt work gave dilaudid wonderful pain reliever thank pharmaceutical advance made help hour pain,10.0,"December 17, 2008",57,pain emergency room doctor diagonosis blood clot right lung given morphine didnt work gave dilaudid wonderful pain reliever thank pharmaceutical advance made help hour pain
104590,Ethinyl estradiol / levonorgestrel,abnormal uterine bleeding,doctor prescribed avaine suffering severe anemia caused ridiculously heavy painful period used bleed heavily 1012 day meaning would change pad every 30 minute less first birth control pill taken taking anemia consider using original purpose god send period significantly less painful lighter side effect nearly awful taking pill 3 12 year nausea spotting discomfort first couple month great mood swing occur breast enlargement fair trade book,9.0,"June 23, 2011",6,abnormal uterine bleeding doctor prescribed avaine suffering severe anemia caused ridiculously heavy painful period used bleed heavily 1012 day meaning would change pad every 30 minute less first birth control pill taken taking anemia consider using original purpose god send period significantly less painful lighter side effect nearly awful taking pill 3 12 year nausea spotting discomfort first couple month great mood swing occur breast enlargement fair trade book
165496,Levonorgestrel,birth control,read lot review freaked used faint pap new gyne decided kyleena best pcos migraine piriformis flare period post traumatic migraine already period make worse gyne gave cytotec take insertion one 24 hour one 12 hour first dose made tad nauseated second dose fine also took 1000 mg extra strength tylenol 30 minute process quick 2 min nauseating pressurecramp ever cramp night awful slept heating pad terrified cytotec helped insertion im pleased,9.0,"June 9, 2017",0,birth control read lot review freaked used faint pap new gyne decided kyleena best pcos migraine piriformis flare period post traumatic migraine already period make worse gyne gave cytotec take insertion one 24 hour one 12 hour first dose made tad nauseated second dose fine also took 1000 mg extra strength tylenol 30 minute process quick 2 min nauseating pressurecramp ever cramp night awful slept heating pad terrified cytotec helped insertion im pleased
16032,Ethinyl estradiol / norethindrone,birth control,run way started gildess mail order pharmacy chose substitute normal brand ive 2 month im 9 pound far despite 21 day fix past month called gyno asked come immediately rapid weight gain like apparently good unpleasant side effect seem alternating rage depression acne face neck chest oh baby zero libido long heavy period decent amount cramping migraine another kid wouldnt bad another month pill,1.0,"June 10, 2016",5,birth control run way started gildess mail order pharmacy chose substitute normal brand ive 2 month im 9 pound far despite 21 day fix past month called gyno asked come immediately rapid weight gain like apparently good unpleasant side effect seem alternating rage depression acne face neck chest oh baby zero libido long heavy period decent amount cramping migraine another kid wouldnt bad another month pill
125962,Viibryd,depression,fought depression life60 year tried pretty much every medicine available care provider put 40 mg viibryd 100 mg lamotrigine 6 week woke could face day desire live longer try pull deep pit every day,10.0,"January 11, 2015",120,depression fought depression life60 year tried pretty much every medicine available care provider put 40 mg viibryd 100 mg lamotrigine 6 week woke could face day desire live longer try pull deep pit every day
2237,Metformin,polycystic ovary syndrome,started 850mg metformin twice per day pcos first made nauseated 1 week nausea stopped feel better aprox 4 month alertness im much pain ovary like use still pain time time daily like get bathroom problem ive always bigger side,7.0,"April 28, 2015",23,polycystic ovary syndrome started 850mg metformin twice per day pcos first made nauseated 1 week nausea stopped feel better aprox 4 month alertness im much pain ovary like use still pain time time daily like get bathroom problem ive always bigger side
197947,Metoprolol,migraine prevention,trying imitrex tylenol countless medication seems hormone related migraine even worked short time rebound effect awful found difficult get physician give one time dosage metropolol one small dose cure american doctor refuse give prescription finally go another country obtain prescrptioni absolutely hate american medical system pay fortune insurance care discusted greedy price fixed non caring medical system get rid awful overpriced ineffective medical system big pharma bribe physician fancy coventions,9.0,"January 26, 2016",24,migraine prevention trying imitrex tylenol countless medication seems hormone related migraine even worked short time rebound effect awful found difficult get physician give one time dosage metropolol one small dose cure american doctor refuse give prescription finally go another country obtain prescrptioni absolutely hate american medical system pay fortune insurance care discusted greedy price fixed non caring medical system get rid awful overpriced ineffective medical system big pharma bribe physician fancy coventions
53840,Tri-Estarylla,birth control,taking triprevifm without permission cv switched claiming exact thing well im sure since starting ive bunch symptom ive never one like rapid heart rate pin needle headache frequent infection never got pregnant regulated period stuff garbage worth,3.0,"November 11, 2015",6,birth control taking triprevifm without permission cv switched claiming exact thing well im sure since starting ive bunch symptom ive never one like rapid heart rate pin needle headache frequent infection never got pregnant regulated period stuff garbage worth
84222,Ethinyl estradiol / norgestimate,birth control,started pill intent settling hormonal acne worked wonder skin clear period right time light however switching different pill trial emotional side effect given mental pm much worse find depressed often ive also gained 510 pound harder lose weight nothing significant ive also noticed slight decrease sex drive thats youre however ups down birth control next one try isnt good definitely going back ortho tricyclen lo overall reliable,7.0,"February 24, 2017",4,birth control started pill intent settling hormonal acne worked wonder skin clear period right time light however switching different pill trial emotional side effect given mental pm much worse find depressed often ive also gained 510 pound harder lose weight nothing significant ive also noticed slight decrease sex drive thats youre however ups down birth control next one try isnt good definitely going back ortho tricyclen lo overall reliable
98976,Lutera,birth control,ive pill almost month since july 2nd schudeuled appointment obgyn today due contraceptive cause lot bleeding started first day bleed last period july 28th currently still period doctor prescribed lo loestrin hope help lutera horrible experience lot headache low sex drive many mood swingsdepression got many many argument boyfriend month relationship danger,4.0,"July 28, 2016",3,birth control ive pill almost month since july 2nd schudeuled appointment obgyn today due contraceptive cause lot bleeding started first day bleed last period july 28th currently still period doctor prescribed lo loestrin hope help lutera horrible experience lot headache low sex drive many mood swingsdepression got many many argument boyfriend month relationship danger
222464,Kyleena,birth control,got kyleena inserted yesterday went planned parenthood nice honestly didnt take long im gon na lie hurt little wasnt point wanted cry uncomfortable crampy however doctor gentle quick bled day yesterday couple intense cramp next day cramp bleedingyay hope help gal dont afraid get really doesnt hurt bad everyone make seem,8.0,"August 18, 2017",2,birth control got kyleena inserted yesterday went planned parenthood nice honestly didnt take long im gon na lie hurt little wasnt point wanted cry uncomfortable crampy however doctor gentle quick bled day yesterday couple intense cramp next day cramp bleedingyay hope help gal dont afraid get really doesnt hurt bad everyone make seem
218351,Amoxicillin / clavulanate,bacterial infection,took augmentin 3 day developed severe tachycardia heart rate even went 180 end going emergency room left order take augmentin given prescription ativan resting heart rate 130 clindamycin,4.0,"August 6, 2015",13,bacterial infection took augmentin 3 day developed severe tachycardia heart rate even went 180 end going emergency room left order take augmentin given prescription ativan resting heart rate 130 clindamycin
69536,Buprenorphine,opiate dependence,ive subutex 5 year tappered ive tappered 1 whole tablet less month trying best take care newborn toddler nobody help come thats making panic attack severe depression anxiety anybody helpful advice,10.0,"March 6, 2015",31,opiate dependence ive subutex 5 year tappered ive tappered 1 whole tablet less month trying best take care newborn toddler nobody help come thats making panic attack severe depression anxiety anybody helpful advice
84193,Ethinyl estradiol / norgestimate,birth control,previously using orthotricyclen thought great switched trisprintec january idea symptom trisprintec share much longer type im probably better conversation confirm theory research say week ive waking excruciating pain every night back chest stomach go hour pas exhaustion soon ive feeling since early february taken toll body emotion review say there feeling dread definitely relatable ive enough im scared fall asleep know,2.0,"March 21, 2017",3,birth control previously using orthotricyclen thought great switched trisprintec january idea symptom trisprintec share much longer type im probably better conversation confirm theory research say week ive waking excruciating pain every night back chest stomach go hour pas exhaustion soon ive feeling since early february taken toll body emotion review say there feeling dread definitely relatable ive enough im scared fall asleep know
5861,Flecainide,atrial flutte,started taking flecainide acetate prescribed two 100 mg tablet twice day took one first day ill affect took second one next day night bad attack diarrhea twenty minute bathroom hit two hour later thing wont detail happen bad problem never anything like entire life talk doctor tomorrow nurse last time bad reaction medicine told doctor said might virus virus life including flu none every acted like one,1.0,"November 27, 2017",0,atrial flutte started taking flecainide acetate prescribed two 100 mg tablet twice day took one first day ill affect took second one next day night bad attack diarrhea twenty minute bathroom hit two hour later thing wont detail happen bad problem never anything like entire life talk doctor tomorrow nurse last time bad reaction medicine told doctor said might virus virus life including flu none every acted like one
97746,Simvastatin,high cholesterol,taking medication 15 year experienced leg cramping sleepless night due use restroom pain hip area overall medication helped lower cholesterol year say maybe time doctor lower dosage 40mg 20mg,7.0,"May 5, 2016",24,high cholesterol taking medication 15 year experienced leg cramping sleepless night due use restroom pain hip area overall medication helped lower cholesterol year say maybe time doctor lower dosage 40mg 20mg
120464,Montelukast,allergic rhinitis,able eliminate use four allergy medicine using singulair dont asthma lung congestion sinus wouldnt stop anything regardless antihistamine taking whether pill nasal spray form singulair allowed sleep without cough drop mouth breathe night nose something havent done 10 year,10.0,"May 5, 2009",83,allergic rhinitis able eliminate use four allergy medicine using singulair dont asthma lung congestion sinus wouldnt stop anything regardless antihistamine taking whether pill nasal spray form singulair allowed sleep without cough drop mouth breathe night nose something havent done 10 year
210088,Linzess,irritable bowel syndrome,taking linzess 290 mg 3 month beginning experience diarrhea much take stomach pain gas bloating gotten worse time stopped taking drug day determine symptom drug stomach paid came right back today took dose help constipation worth side effect back magnesium capsule go,5.0,"March 9, 2017",24,irritable bowel syndrome taking linzess 290 mg 3 month beginning experience diarrhea much take stomach pain gas bloating gotten worse time stopped taking drug day determine symptom drug stomach paid came right back today took dose help constipation worth side effect back magnesium capsule go
37533,Vyvanse,adhd,today first day taking vyvanse wow usually sad feeling dont want talk anyone 26 year old college student today actually made two new friend class went lunch feel like walk room confidence bad thing mild headache around 9 pm wore lasted around 8 hour dry mouth 60 mg dose great thing actually felt like class today took 7 page note sat front class wasnt afraid ask question im happy found vyvanse paying attention much easier highly recommended people add,9.0,"August 31, 2011",11,adhd today first day taking vyvanse wow usually sad feeling dont want talk anyone 26 year old college student today actually made two new friend class went lunch feel like walk room confidence bad thing mild headache around 9 pm wore lasted around 8 hour dry mouth 60 mg dose great thing actually felt like class today took 7 page note sat front class wasnt afraid ask question im happy found vyvanse paying attention much easier highly recommended people add
142673,Levonorgestrel,birth control,anyone else produce horrific smell getting kyleena ive never bad smell always taken care ive bleeding consistently horrible smell,5.0,"August 12, 2017",4,birth control anyone else produce horrific smell getting kyleena ive never bad smell always taken care ive bleeding consistently horrible smell
185831,Saxenda,obesity,three day drug feel like walking dead fever extreme body ache bone pain feel like ive beaten baseball bat vomiting diarrhea would gladly accepted symptom exchange one strep throat natural childbirth nothing effect drug,1.0,"December 15, 2015",12,obesity three day drug feel like walking dead fever extreme body ache bone pain feel like ive beaten baseball bat vomiting diarrhea would gladly accepted symptom exchange one strep throat natural childbirth nothing effect drug
8277,Zolpidem,insomnia,extremely addicting need sleep also morning would find cooked meal tv light scary time found bicycle front stay away lanista,1.0,"August 2, 2015",19,insomnia extremely addicting need sleep also morning would find cooked meal tv light scary time found bicycle front stay away lanista
29498,Topiramate,obesity,actually requested put topiramate help lose weight knowing side effect prevent horrible migraine say worked started 50mg night dec21 2014 time weighed 227 lb per doc scale last check march 31st weighed 203 migraine reduced greatly thing body starting get use medication dosage help migraine im 100mg night side effect subsided two month taking medication slightly tingling finger foot time time little foggyforgetful taste one carbonated beverage since 21st december,10.0,"April 17, 2015",107,obesity actually requested put topiramate help lose weight knowing side effect prevent horrible migraine say worked started 50mg night dec21 2014 time weighed 227 lb per doc scale last check march 31st weighed 203 migraine reduced greatly thing body starting get use medication dosage help migraine im 100mg night side effect subsided two month taking medication slightly tingling finger foot time time little foggyforgetful taste one carbonated beverage since 21st december
18594,Alendronate,osteoporosis,first started little small side effect figured time would get used side effect thus deal instead side effect became intolerable would test med taking feeling well still several side effect finally last time took side effect sick two full day terrible upset stomach extreme gas bloating worse ache pain unable sleep even sleep medication verge vomiting moment dizzy extreme bone pain several situation happened last dose,5.0,"October 16, 2013",259,osteoporosis first started little small side effect figured time would get used side effect thus deal instead side effect became intolerable would test med taking feeling well still several side effect finally last time took side effect sick two full day terrible upset stomach extreme gas bloating worse ache pain unable sleep even sleep medication verge vomiting moment dizzy extreme bone pain several situation happened last dose
79146,Plan B One-Step,emergency contraception,lady reading review stressing stop pill affective stress delay period even mine finally came today 9 day late took pill day three accident kept stressing stressing parsley tea taking lot vitamin c cinnamon paranoid reading review day incident happened like 5 day period supposed start waiting game seemed like forever friend kept telling relax felt like going die 18 overprotective parent first time didnt happened way friend told precum terrified bad cramp right bleedind,9.0,"September 22, 2016",18,emergency contraception lady reading review stressing stop pill affective stress delay period even mine finally came today 9 day late took pill day three accident kept stressing stressing parsley tea taking lot vitamin c cinnamon paranoid reading review day incident happened like 5 day period supposed start waiting game seemed like forever friend kept telling relax felt like going die 18 overprotective parent first time didnt happened way friend told precum terrified bad cramp right bleedind
7804,Xanax,panic disorde,medicine lifesaver began taking xanax suffering endured indescribable panicked rode train bus almost went mind train stopped slowed station could get felt trapped job interview suffered severe panic attack wanted flee street doctor prescribed xanax able start continue work otherwise would committed suicide fortunately get generous supply month use ive heard horror story people whose doctor prescribe benzodiazepine also state place unnecessary red tape xanax prescription,10.0,"May 30, 2011",10,panic disorde medicine lifesaver began taking xanax suffering endured indescribable panicked rode train bus almost went mind train stopped slowed station could get felt trapped job interview suffered severe panic attack wanted flee street doctor prescribed xanax able start continue work otherwise would committed suicide fortunately get generous supply month use ive heard horror story people whose doctor prescribe benzodiazepine also state place unnecessary red tape xanax prescription
25378,Golimumab,rheumatoid arthritis,ready retire teaching pain tiredness difficulty walking ra simponi gave life back reduced immune system ra med given reason legionnaire disease benefit far way negative 700 go extended world trip,9.0,"February 25, 2017",15,rheumatoid arthritis ready retire teaching pain tiredness difficulty walking ra simponi gave life back reduced immune system ra med given reason legionnaire disease benefit far way negative 700 go extended world trip
218284,Amoxicillin / clavulanate,sinusitis,prescribed amoxicillin clav 875mg 2 pill day im going 3rd day med first day horrible headache im prone weather rainy soo figure could something else worst thing experienced nausea happens hour taken dose ive taking med half bottle water sip milk eat cereal along time usually hr dose eat go bathroom somewhat loose stool may nausea also feel sickfeverish hour pill fever come go,7.0,"March 12, 2016",8,sinusitis prescribed amoxicillin clav 875mg 2 pill day im going 3rd day med first day horrible headache im prone weather rainy soo figure could something else worst thing experienced nausea happens hour taken dose ive taking med half bottle water sip milk eat cereal along time usually hr dose eat go bathroom somewhat loose stool may nausea also feel sickfeverish hour pill fever come go
53884,Immune globulin subcutaneous,primary immunodeficiency syndrome,easy use keep son healthy side effect redness swelling infusion site clear within hour,9.0,"July 27, 2010",4,primary immunodeficiency syndrome easy use keep son healthy side effect redness swelling infusion site clear within hour
172037,Amitiza,"constipation, chronic",doctor put 24 twice day meal despite always taking correctly always give unbearable nausea occasionally diarrhea personally side effect make medication unbearable however gave decent rating certainly get thing moving along first day took passed stool 5 time seemed excessive overall decide feel better worse taking,8.0,"September 26, 2015",29,"constipation, chronic doctor put 24 twice day meal despite always taking correctly always give unbearable nausea occasionally diarrhea personally side effect make medication unbearable however gave decent rating certainly get thing moving along first day took passed stool 5 time seemed excessive overall decide feel better worse taking"
144211,Etonogestrel,birth control,far ive positive experience im second one march 2017 6 year period none spotting depression mood swing hairloss decrease sex drive pregnancy say ive decrease appetite gained weight id say probably 30ish lb 5 year wouldnt say impossible lose ive dieting one month lost 15lbs know isnt everyone good insertion left minimal bruising first time done removal reinsertion bruised little worse sore thats mainly first one removed getting 3rd one done march,10.0,"June 6, 2016",9,birth control far ive positive experience im second one march 2017 6 year period none spotting depression mood swing hairloss decrease sex drive pregnancy say ive decrease appetite gained weight id say probably 30ish lb 5 year wouldnt say impossible lose ive dieting one month lost 15lbs know isnt everyone good insertion left minimal bruising first time done removal reinsertion bruised little worse sore thats mainly first one removed getting 3rd one done march
192373,Drospirenone / ethinyl estradiol,acne,yasmin changed life past year started breaking due hormone happened week period getting horrible pm 23 day period would get irritable grouchy point affected work social life went doctor problem recommended yasmin first 6wks horrible broke even gained 1015lbs led slight depression people told happens hormone adjust new birth control im really glad stuck acne completely gone pm level decreased least 75 feeling much better,10.0,"April 17, 2015",12,acne yasmin changed life past year started breaking due hormone happened week period getting horrible pm 23 day period would get irritable grouchy point affected work social life went doctor problem recommended yasmin first 6wks horrible broke even gained 1015lbs led slight depression people told happens hormone adjust new birth control im really glad stuck acne completely gone pm level decreased least 75 feeling much better
160472,Buspirone,anxiety,great medication started 5 mg didnt much bumped 10 mg also put 25 mg zoloft take buspirone 3 time day whenever feel anxious work well side effect experienced slight brain zap however went away 34 day recommend highly,9.0,"January 13, 2016",14,anxiety great medication started 5 mg didnt much bumped 10 mg also put 25 mg zoloft take buspirone 3 time day whenever feel anxious work well side effect experienced slight brain zap however went away 34 day recommend highly
4139,Atropine / diphenoxylate,diarrhea,taking lomotil surgery bone infection set take iv antibiotic caused extensive diarrhea first day took lomotil worked great 10 hour following day decreased effectiveness third day longer working attribute antibiotic let doctor know possibly prescribe another antidiarrhea medicine change antibiotic,2.0,"May 2, 2010",25,diarrhea taking lomotil surgery bone infection set take iv antibiotic caused extensive diarrhea first day took lomotil worked great 10 hour following day decreased effectiveness third day longer working attribute antibiotic let doctor know possibly prescribe another antidiarrhea medicine change antibiotic
200277,Varenicline,smoking cessation,tried quit many time nothing worked chantix 15 day today day 3 smoked smoked anywhere 12 pack day 29 year old smoked since 15 doesnt even make want one cant believe 2 week taking chantix quit sister even quit using chantix non smoker couple year using chantix,10.0,"May 16, 2014",46,smoking cessation tried quit many time nothing worked chantix 15 day today day 3 smoked smoked anywhere 12 pack day 29 year old smoked since 15 doesnt even make want one cant believe 2 week taking chantix quit sister even quit using chantix non smoker couple year using chantix
30447,Klonopin,3</span> users found this comment helpful.,antianxiety medicine lexapro paxil effexor personally take antianxiety medicine also used depression respond well even dose adjustment nothing worked well prescribed klonopin five year ago last longer xanax opinion effective started 05mg 2 x day im 1 mg 2 x day thats much im 200 lb,10.0,"February 22, 2009",3,3</span> users found this comment helpful. antianxiety medicine lexapro paxil effexor personally take antianxiety medicine also used depression respond well even dose adjustment nothing worked well prescribed klonopin five year ago last longer xanax opinion effective started 05mg 2 x day im 1 mg 2 x day thats much im 200 lb
50205,Gabapentin,peripheral neuropathy,taking 300mg gabapentin 4 week ago moderate neuropathy biggest problem radiating intense pain little toe right foot within day pain totally gone however constantly sleepy hopefully subside time,10.0,"December 2, 2014",142,peripheral neuropathy taking 300mg gabapentin 4 week ago moderate neuropathy biggest problem radiating intense pain little toe right foot within day pain totally gone however constantly sleepy hopefully subside time
117442,Nortriptyline,migraine prevention,given medicine take daily prevent migraine dont know worked threw worst depression ive ever dealt life peak panic attack bad considering dropping college luckily realized pill making feel way soon stopped depressive episode anxiety went away small dose terrible careful historypredisposition depressionanxiety,1.0,"April 26, 2017",19,migraine prevention given medicine take daily prevent migraine dont know worked threw worst depression ive ever dealt life peak panic attack bad considering dropping college luckily realized pill making feel way soon stopped depressive episode anxiety went away small dose terrible careful historypredisposition depressionanxiety
28717,Lexapro,depression,put lexapro 4 year ago didnt think anything except keeping run bathroom time intestinal infection good job 3 month ago money copay thought could without wrong depressed anxious barely stand started back last night hope kick soon lexapro help plan going side effect minimal,8.0,"November 19, 2011",13,depression put lexapro 4 year ago didnt think anything except keeping run bathroom time intestinal infection good job 3 month ago money copay thought could without wrong depressed anxious barely stand started back last night hope kick soon lexapro help plan going side effect minimal
146497,Tamsulosin,overactive bladde,went go bathroom 5 6 time one night severe shortness breath quit taking,6.0,"January 18, 2017",22,overactive bladde went go bathroom 5 6 time one night severe shortness breath quit taking
58283,Acetaminophen / hydrocodone,pain,22 year old 2 microdisc surgery l5 first 11904 second 71904 im 510 125lbs couple year relied heavily ibuprofen due lack insurance taking 816 day depending weather condition working condition insurance taking vicodin 500mg 3 time day almost year live painfree life,9.0,"April 14, 2008",69,pain 22 year old 2 microdisc surgery l5 first 11904 second 71904 im 510 125lbs couple year relied heavily ibuprofen due lack insurance taking 816 day depending weather condition working condition insurance taking vicodin 500mg 3 time day almost year live painfree life
190525,Oxybutynin,hyperhidrosis,ive suffering sweaty palm foot since really little 15 really started impact life child thought normal clammy hand foot hit puberty got excessive armpit started sweat heavily well never really bothered high school people would make remark hurt couldnt help embarassing made constantly self conscious started taking lyrinel 1 week ago sweat like normal person hand foot dry unless im clenching long time theyll get bit clammy pit barely sweat stuff life saver although make drowsy sometimes give dry throat,8.0,"June 18, 2017",13,hyperhidrosis ive suffering sweaty palm foot since really little 15 really started impact life child thought normal clammy hand foot hit puberty got excessive armpit started sweat heavily well never really bothered high school people would make remark hurt couldnt help embarassing made constantly self conscious started taking lyrinel 1 week ago sweat like normal person hand foot dry unless im clenching long time theyll get bit clammy pit barely sweat stuff life saver although make drowsy sometimes give dry throat
173981,Valium,anxiety,suffered anxiety severe panic attack many year godsend initially anyway noticed year ive increase dose take ive never taken daily 5mg diazepam valium never much 75mg used perfect effect day need 15mg affect shame thought wasnt abusing didnt take daily generally 2 3 time week depending felt im still giving high rating many time helped even taking prn eventually caught dont take several day start feeling sick devastated lose medication work well,8.0,"September 2, 2017",8,anxiety suffered anxiety severe panic attack many year godsend initially anyway noticed year ive increase dose take ive never taken daily 5mg diazepam valium never much 75mg used perfect effect day need 15mg affect shame thought wasnt abusing didnt take daily generally 2 3 time week depending felt im still giving high rating many time helped even taking prn eventually caught dont take several day start feeling sick devastated lose medication work well
9207,Lo Loestrin Fe,birth control,year birth control decided needed go back control mood swing irrationality pm paired completely dibilitating back pain experiencing first two day period ruining life month 1 rough crazy emotion first two week could barely sleep first 9 day skin hair got oily got couple pimple never boob got bigger without weight gain month 2 spotted 1 day instead period still pm mood back pain skin hair weight gain month since havent bled pm back pain starting come back wave might discontinue,8.0,"June 13, 2017",7,birth control year birth control decided needed go back control mood swing irrationality pm paired completely dibilitating back pain experiencing first two day period ruining life month 1 rough crazy emotion first two week could barely sleep first 9 day skin hair got oily got couple pimple never boob got bigger without weight gain month 2 spotted 1 day instead period still pm mood back pain skin hair weight gain month since havent bled pm back pain starting come back wave might discontinue
223970,Epinephrine,"asthma, acute",born asthma hospital since birth old enough use judgement inhaler decided try primatene mist used 20 year need use itmaybe2 time monthif nothing doctor gave ever worked primatene mist keep hospital home family,10.0,"March 22, 2012",11,"asthma, acute born asthma hospital since birth old enough use judgement inhaler decided try primatene mist used 20 year need use itmaybe2 time monthif nothing doctor gave ever worked primatene mist keep hospital home family"
35064,Levofloxacin,pneumonia,prescribed medication chest xrays showing pneumonia ’ given option first learned side effect picked pharmacy day 2 ’ sleep even though exhausted day skipped pain foot wanted sleep able sleep taking next dose 24 hour took half dose finished seemed feel better half ’ small week later awful pain foot walk walk feel like bottom inside foot swollen even though ’ appear swollen dont take stuff,2.0,"July 6, 2017",4,pneumonia prescribed medication chest xrays showing pneumonia ’ given option first learned side effect picked pharmacy day 2 ’ sleep even though exhausted day skipped pain foot wanted sleep able sleep taking next dose 24 hour took half dose finished seemed feel better half ’ small week later awful pain foot walk walk feel like bottom inside foot swollen even though ’ appear swollen dont take stuff
203882,Suvorexant,insomnia,suffered insomnia many year shift work feel exhausted med given metrazadone lunesta seroquel ambien etc nothing worked wonderful drug came life first time many many year able sleep 78 hour taking belsomra never felt better took belsomra happiness faded fast insurance company wouldnt cover far expensive insurance required try three listed medication consider covering even copay would 80 per month still reach cant wait generic definitely recommend,10.0,"November 20, 2015",21,insomnia suffered insomnia many year shift work feel exhausted med given metrazadone lunesta seroquel ambien etc nothing worked wonderful drug came life first time many many year able sleep 78 hour taking belsomra never felt better took belsomra happiness faded fast insurance company wouldnt cover far expensive insurance required try three listed medication consider covering even copay would 80 per month still reach cant wait generic definitely recommend
129323,Levonorgestrel,birth control,im 22 one child got iud inserted wan na say 3 month ago surgery quick pinch gave u normal menstrual cramp afterwards something female get suffer wonderful thing bv first month bv free prior insertion regular period symptom actually ended earlier got slightly lighter first period didnt spot anything nipple soreness oily skin acne headache next month thought pregnant ended late period ive bleeding every sinceabout full month im waiting another full period come trying wait first 6 month decide get removed,6.0,"September 17, 2015",4,birth control im 22 one child got iud inserted wan na say 3 month ago surgery quick pinch gave u normal menstrual cramp afterwards something female get suffer wonderful thing bv first month bv free prior insertion regular period symptom actually ended earlier got slightly lighter first period didnt spot anything nipple soreness oily skin acne headache next month thought pregnant ended late period ive bleeding every sinceabout full month im waiting another full period come trying wait first 6 month decide get removed
177228,Duloxetine,depression,panic attack major depression medication changed life better medication almost year take 3 month feel full effect dose strong may feel worse trial error,10.0,"June 28, 2017",36,depression panic attack major depression medication changed life better medication almost year take 3 month feel full effect dose strong may feel worse trial error
28237,Lexapro,depression,tired time everything stressed negative found fault thing irritable time thought raced negativity time withdrew socially lot people upset time lacked compassion people time felt like life worthless lot trouble concentrating work trouble sleeping depressed winter time problem progressively got worse got older doctor gave lexapro noticed change 1st day took medicine took little 4 month take full effect im almost exactly opposite used lexapro changed life,10.0,"January 12, 2015",254,depression tired time everything stressed negative found fault thing irritable time thought raced negativity time withdrew socially lot people upset time lacked compassion people time felt like life worthless lot trouble concentrating work trouble sleeping depressed winter time problem progressively got worse got older doctor gave lexapro noticed change 1st day took medicine took little 4 month take full effect im almost exactly opposite used lexapro changed life
166995,Levonorgestrel,birth control,iud almost year theonly positive thing gotten pregnant ive gained much weight cant seem get rid sex drive completely gone bleed day month dont im really unhappy plan calling doctor monday schedule appointment remove,4.0,"June 23, 2016",2,birth control iud almost year theonly positive thing gotten pregnant ive gained much weight cant seem get rid sex drive completely gone bleed day month dont im really unhappy plan calling doctor monday schedule appointment remove
61701,Citalopram,obsessive compulsive disorde,suffered severe panic attack ocd particularly checking 20 mg celexa 7 year new person never side effect handle stress ease still engage checking panic attackfree lost many ocd behaviour,10.0,"April 25, 2016",30,obsessive compulsive disorde suffered severe panic attack ocd particularly checking 20 mg celexa 7 year new person never side effect handle stress ease still engage checking panic attackfree lost many ocd behaviour
24184,Tretinoin,acne,ive tretinoin 025 5 week cant decide whether continue ive always super oily skin product effect oiliness see many people discus moisturizing method peeling yet ive nothing even close wake skin oily used mild cystic acne im glad say product eliminated get smaller bump never really come surface stay really frustrating dont really go away yet small hard notice worry need stronger percentage doctor doesnt think im really doubt whether continue help,6.0,"August 16, 2015",6,acne ive tretinoin 025 5 week cant decide whether continue ive always super oily skin product effect oiliness see many people discus moisturizing method peeling yet ive nothing even close wake skin oily used mild cystic acne im glad say product eliminated get smaller bump never really come surface stay really frustrating dont really go away yet small hard notice worry need stronger percentage doctor doesnt think im really doubt whether continue help
163118,ella,emergency contraception,small accident early hour 18th june took ella 19th june 10am today 20th june started bleeding considering im 14 day cycle normal ovulation time recommended take ella one reaction took tablet morning slight cramping came supposed first accident weve since daughter arrived dont want another baby yet,8.0,"June 20, 2017",1,emergency contraception small accident early hour 18th june took ella 19th june 10am today 20th june started bleeding considering im 14 day cycle normal ovulation time recommended take ella one reaction took tablet morning slight cramping came supposed first accident weve since daughter arrived dont want another baby yet
138419,Phentermine,weight loss,started phentermine january 15 almost 2 month ago im 52 starting weight 151lbs im 126lbs lost weight really fast first month 20 pound weight loss slowed second month wasnt eating quite healthy first month im trying lose 10 pound well see go little 2 week phentermine left hopefully help,8.0,"March 8, 2014",25,weight loss started phentermine january 15 almost 2 month ago im 52 starting weight 151lbs im 126lbs lost weight really fast first month 20 pound weight loss slowed second month wasnt eating quite healthy first month im trying lose 10 pound well see go little 2 week phentermine left hopefully help
153803,Amoxicillin,bronchitis,started taking amoxicillin friday evening bronchitis saw major improvement sunday noticed following wednesday started diarrhea today major diarrhea caused miss work taking amoxicillin twice day 10 day complete regimen hoping diarrhea go away soon,10.0,"February 4, 2016",3,bronchitis started taking amoxicillin friday evening bronchitis saw major improvement sunday noticed following wednesday started diarrhea today major diarrhea caused miss work taking amoxicillin twice day 10 day complete regimen hoping diarrhea go away soon
115588,Drixoral Cold and Allergy,cold symptoms,boyfriend got drixoral thing work family cold season come around whole family love discontinue im praying company make definitley bring back,10.0,"September 9, 2009",10,cold symptoms boyfriend got drixoral thing work family cold season come around whole family love discontinue im praying company make definitley bring back
60120,NuvaRing,birth control,birth control 10 year 5 patch 5 nuvaring love ring get side effect like sore breast low sex drive think go hormone birth control skin cleared baby great really easy stopped started giving either yeast bacterial vaginosis infection every month around time cycle would take wash help prevent list side effect havent found anything less side effect im going go back,8.0,"November 17, 2012",6,birth control birth control 10 year 5 patch 5 nuvaring love ring get side effect like sore breast low sex drive think go hormone birth control skin cleared baby great really easy stopped started giving either yeast bacterial vaginosis infection every month around time cycle would take wash help prevent list side effect havent found anything less side effect im going go back
90757,Chateal,birth control,ive pill month half since planned parenthood switched reclipsen ive never side effect pill ive used started diane 18 severe acne went away pill like two week started happy switched jasmine fine reclipsen fine chateal ive two side effect pill far nausea headache hasnt bad though hope go away feel like lot sideffects pill pill choose another method birthcontrol everyone,9.0,"September 27, 2015",9,birth control ive pill month half since planned parenthood switched reclipsen ive never side effect pill ive used started diane 18 severe acne went away pill like two week started happy switched jasmine fine reclipsen fine chateal ive two side effect pill far nausea headache hasnt bad though hope go away feel like lot sideffects pill pill choose another method birthcontrol everyone
181645,Prozac,obsessive compulsive disorde,1990 age 45 nervous breakdown lot strange thing ended mental ward medication taking developed problem simple walking hospital decided reteach walk normally practiced time got right time left found impossible stop walking back forth pacing time went least year doctor thought prozac would possibly help starting prozac 2 week sat longer needed paceaaaahhhhhpeace last continue take depression side effect noticed,10.0,"August 15, 2013",83,obsessive compulsive disorde 1990 age 45 nervous breakdown lot strange thing ended mental ward medication taking developed problem simple walking hospital decided reteach walk normally practiced time got right time left found impossible stop walking back forth pacing time went least year doctor thought prozac would possibly help starting prozac 2 week sat longer needed paceaaaahhhhhpeace last continue take depression side effect noticed
91943,Lyrica,diabetic peripheral neuropathy,started 75 mg lyrica two night ago helped sleep annoyed rls diabetic nerve annoyance pain also issue back pain seems helping short time,6.0,"August 1, 2015",28,diabetic peripheral neuropathy started 75 mg lyrica two night ago helped sleep annoyed rls diabetic nerve annoyance pain also issue back pain seems helping short time
136046,Acamprosate,alcohol dependence,campral five day previous drinking 3 case beer week two weekend past weekend everyone else reported craving beer usually trying drink weekend craving would persistent every two minute didnt appeal really weird seems working also centering day around able drive know duo getting close scared something glad cost saving estimated 300 dollar per month already felt went shopping since could drive extra money small reward,9.0,"August 25, 2010",37,alcohol dependence campral five day previous drinking 3 case beer week two weekend past weekend everyone else reported craving beer usually trying drink weekend craving would persistent every two minute didnt appeal really weird seems working also centering day around able drive know duo getting close scared something glad cost saving estimated 300 dollar per month already felt went shopping since could drive extra money small reward
64144,Sertraline,panic disorde,im 19 year old sertraline 4 week theyre definitely starting work first week side affect nothing major bit nervous thats definitely tell im starting feel better use 3 panic attack day worry day everyday like dont get anymore maybe worry much use take 46 week work anyway theyre amazing feel much happier first time month went meal without panic attack tablet feel like blank noise didnt even concentrate people around dont thought dying going head day everyday anymore recommend,8.0,"April 4, 2017",4,panic disorde im 19 year old sertraline 4 week theyre definitely starting work first week side affect nothing major bit nervous thats definitely tell im starting feel better use 3 panic attack day worry day everyday like dont get anymore maybe worry much use take 46 week work anyway theyre amazing feel much happier first time month went meal without panic attack tablet feel like blank noise didnt even concentrate people around dont thought dying going head day everyday anymore recommend
93984,Trintellix,depression,ive taking trintellix 3 week miserable know new medication take month able tell work day one headache crazy dream constant banana taste cotton mouth dream disjointed overlapping exhausting banana taste like artificial flavor like taffy snack cake constant even eating pickle constantly drinking something try get cotton mouth traumatic brain injury brain wired differently im taking 450mg lamictal 300mg wellbutrin trintellix along feeling im going stop taking 10mg trintellix,2.0,"February 27, 2017",26,depression ive taking trintellix 3 week miserable know new medication take month able tell work day one headache crazy dream constant banana taste cotton mouth dream disjointed overlapping exhausting banana taste like artificial flavor like taffy snack cake constant even eating pickle constantly drinking something try get cotton mouth traumatic brain injury brain wired differently im taking 450mg lamictal 300mg wellbutrin trintellix along feeling im going stop taking 10mg trintellix
147222,Alprazolam,anxiety,suffer anxiety panic attack well live somewhat stressful life style xanax life saver tremendous aide allowing continue function life daily basis truly blessing life 100,10.0,"January 4, 2013",77,anxiety suffer anxiety panic attack well live somewhat stressful life style xanax life saver tremendous aide allowing continue function life daily basis truly blessing life 100
148305,Norethindrone,endometriosis,period every month wonderful pain endometriosis subsided feel wonderful experience quite bit weight gain medication long run worth,9.0,"November 19, 2009",41,endometriosis period every month wonderful pain endometriosis subsided feel wonderful experience quite bit weight gain medication long run worth
88501,Adderall,adhd,take adderall adhd simply put gpa college literally doubled 35 school easy medicine like night day im glad last certain time 68 hour zero appetite medicine lost 15 lb two week started pill aggression increased adderall amazing listen doctor take supposed,8.0,"July 23, 2009",69,adhd take adderall adhd simply put gpa college literally doubled 35 school easy medicine like night day im glad last certain time 68 hour zero appetite medicine lost 15 lb two week started pill aggression increased adderall amazing listen doctor take supposed
182428,Mirena,birth control,ive never child dont really ever plan wanted something wouldnt require going back clinic every 3 month plus whole getting period thing major plus insertion pretty painful tend pretty high tolerance wasnt pain ive ever experienced certainly wasnt comfortable luckily part didnt last second cramping first day really bad first week used lot ibuprofen deep breathing week cramp totally gone havent bleeding im happy far,9.0,"January 29, 2010",7,birth control ive never child dont really ever plan wanted something wouldnt require going back clinic every 3 month plus whole getting period thing major plus insertion pretty painful tend pretty high tolerance wasnt pain ive ever experienced certainly wasnt comfortable luckily part didnt last second cramping first day really bad first week used lot ibuprofen deep breathing week cramp totally gone havent bleeding im happy far
5895,Opana,pain,taking 4 40mg two year work better anything else every narcotic spondilolisthesis kill pain work like 20 year old everything want without feel like 48 year old highly recommend pain medicine anyone chronic pain would much rather take bone fusion surgery,10.0,"May 11, 2008",135,pain taking 4 40mg two year work better anything else every narcotic spondilolisthesis kill pain work like 20 year old everything want without feel like 48 year old highly recommend pain medicine anyone chronic pain would much rather take bone fusion surgery
183199,Cymbalta,depression,taken cymbalta 60mg 30 day zoloft wellbutrin almost year im feeling better every day able thing unable year cooking depression lifted medication god send,9.0,"June 21, 2013",91,depression taken cymbalta 60mg 30 day zoloft wellbutrin almost year im feeling better every day able thing unable year cooking depression lifted medication god send
154919,Metronidazole,diverticulitis,oh manam ever sickyes lower abd pain getting better methotrexate blood stoolsi didnt see anyone else mention thatso tomorrow thanksgiving guess ill try contact doc see saysim day three almostif take tonight prescribed cipro flagyl er acute diverticulitis,7.0,"November 24, 2016",28,diverticulitis oh manam ever sickyes lower abd pain getting better methotrexate blood stoolsi didnt see anyone else mention thatso tomorrow thanksgiving guess ill try contact doc see saysim day three almostif take tonight prescribed cipro flagyl er acute diverticulitis
114136,Amlodipine,high blood pressure,completed first week amlodipine take 5mg day blood pressure went 140s100s 11580s experienced absolutely side effect im young shape pretty active im happy find medication work,9.0,"June 29, 2011",35,high blood pressure completed first week amlodipine take 5mg day blood pressure went 140s100s 11580s experienced absolutely side effect im young shape pretty active im happy find medication work
81306,Yaz,birth control,taking yaz little year noticed effect good bad cleared acne lot made period way lighter less painful bad side effect almost completely lost sex drive also make eye super sensitive always wear sunglass barley wear contact 3 hour first started taking got really bad nausea dont,9.0,"August 5, 2015",11,birth control taking yaz little year noticed effect good bad cleared acne lot made period way lighter less painful bad side effect almost completely lost sex drive also make eye super sensitive always wear sunglass barley wear contact 3 hour first started taking got really bad nausea dont
117581,Nortriptyline,migraine prevention,using medication year basketball team freshman year im sophmore unfortunately suffered severe concussion medication lifesaver december 2013 go home hospital home hospital 8 month august 2014 first tried steroid type medication week failed medication soon 10 mg 20 mg 25 mg course 8 month worked wonderfully able go back school reason giving 9 also caused slow thinning hair loss scalp eyebrow eyelash however experience still suggest using,9.0,"November 14, 2014",44,migraine prevention using medication year basketball team freshman year im sophmore unfortunately suffered severe concussion medication lifesaver december 2013 go home hospital home hospital 8 month august 2014 first tried steroid type medication week failed medication soon 10 mg 20 mg 25 mg course 8 month worked wonderfully able go back school reason giving 9 also caused slow thinning hair loss scalp eyebrow eyelash however experience still suggest using
149488,Mirena,birth control,im 18 child mirena inserted 3 week ago procedure pretty painful went quick tear got got right continued cramping started instantly pretty intense took something called day early got mirena inserted regulation period im leaving college aware schedule get hectic wanted new source birth control ive pill since 1213 yr old havent symptom besides cramping rarely cramped cramping intense usually arent continuous cramp something like spasm,7.0,"June 14, 2013",30,birth control im 18 child mirena inserted 3 week ago procedure pretty painful went quick tear got got right continued cramping started instantly pretty intense took something called day early got mirena inserted regulation period im leaving college aware schedule get hectic wanted new source birth control ive pill since 1213 yr old havent symptom besides cramping rarely cramped cramping intense usually arent continuous cramp something like spasm
47610,Tapentadol,pain,rheumatoid arthritis fibromyalgia knee replacement recently lot pain short term medicine helping switched advice physician difference night day one pill morning one night keep derailing able physical therapy go work energy first time month,9.0,"October 15, 2012",58,pain rheumatoid arthritis fibromyalgia knee replacement recently lot pain short term medicine helping switched advice physician difference night day one pill morning one night keep derailing able physical therapy go work energy first time month
158533,Methylphenidate,adhd,son patch year started 10mg moving 15 mg far best adhd medicine weve tried pretty minimal skin irritation issue overall sometimes backing patch hard peel 15 second freezer solves problem far favorite adhd medicine,10.0,"November 11, 2014",25,adhd son patch year started 10mg moving 15 mg far best adhd medicine weve tried pretty minimal skin irritation issue overall sometimes backing patch hard peel 15 second freezer solves problem far favorite adhd medicine
133983,Ashlyna,birth control,birth control 5 12 month first pack alright little breakthrough bleeding week stopped nice light period came end pack however since started 2nd pack period nonstop since week 4 week 11 another fun side effect found gained ton weight needless say im switching birth control,1.0,"November 6, 2016",2,birth control birth control 5 12 month first pack alright little breakthrough bleeding week stopped nice light period came end pack however since started 2nd pack period nonstop since week 4 week 11 another fun side effect found gained ton weight needless say im switching birth control
202690,Hydroxychloroquine,rheumatoid arthritis,first time took hydroxychloroquine last year march swelling taking drug 200 mg day swelling subsided feeling normal found best take lunch take everyday try skip day two month see feel swelling come back try skip taking drug able stop taking medication last august year determined happy accomplish wanted learn accomplished went without drug end october 2 month gave hope learning topic feel ra coming back try give topic stop taking drug,8.0,"November 3, 2016",10,rheumatoid arthritis first time took hydroxychloroquine last year march swelling taking drug 200 mg day swelling subsided feeling normal found best take lunch take everyday try skip day two month see feel swelling come back try skip taking drug able stop taking medication last august year determined happy accomplish wanted learn accomplished went without drug end october 2 month gave hope learning topic feel ra coming back try give topic stop taking drug
228955,Tadalafil,erectile dysfunction,tried viagra without positive result doctor switched cialis 20 mg tablet take one tablet usually hour 3 hour intercourse difference truly made life gone two plus year without real sex mostly foreplay cialis rock hard like younger day go hour always wake pitched tent next morning sometimes wake mild head ache side effect really,10.0,"March 27, 2016",54,erectile dysfunction tried viagra without positive result doctor switched cialis 20 mg tablet take one tablet usually hour 3 hour intercourse difference truly made life gone two plus year without real sex mostly foreplay cialis rock hard like younger day go hour always wake pitched tent next morning sometimes wake mild head ache side effect really
136851,Sodium hyaluronate,osteoarthritis,first series 6 month ago wait full six week relief would say pain subsided point completely completed second series six month later relief immediate complete pain free headache back head nothing bad enough would continue life changing experience,10.0,"May 19, 2012",54,osteoarthritis first series 6 month ago wait full six week relief would say pain subsided point completely completed second series six month later relief immediate complete pain free headache back head nothing bad enough would continue life changing experience
202304,Benzoyl peroxide / clindamycin,acne,ive acne 5 year im 11 year old horrible horrible breakout finally visited dermatologist told try acanya solodyn ive used day skin already starting clear im excited get farther process see help breakout side effect far,7.0,"April 16, 2013",14,acne ive acne 5 year im 11 year old horrible horrible breakout finally visited dermatologist told try acanya solodyn ive used day skin already starting clear im excited get farther process see help breakout side effect far
168838,Vilazodone,depression,review confirmed ive thinking month ive waking 3 like clock work im irritated smallest thing gained 20 lb feel time effexor zoloft year stopped working dr tried viibryd worst move ever want beat fist everything everyone going see next week demanding changed something else,3.0,"February 5, 2014",67,depression review confirmed ive thinking month ive waking 3 like clock work im irritated smallest thing gained 20 lb feel time effexor zoloft year stopped working dr tried viibryd worst move ever want beat fist everything everyone going see next week demanding changed something else
161692,Remeron,depression,took first time last night slept perfect wake groggy first 2 hour small price pay ten different med far work wonder,10.0,"April 8, 2015",80,depression took first time last night slept perfect wake groggy first 2 hour small price pay ten different med far work wonder
186251,Desvenlafaxine,anxiety,medicine year say completely changed life suffer extreme panic disorder generalized anxiety disorder point could left alone without panic attack couldnt drive trouble going work spiraling dark depression finally decided try different medicine see would work best tried zoloft intensified feeling terror tried stay could stand longer found pristiq absolute miracle able year elated found feel like face day,9.0,"April 6, 2013",64,anxiety medicine year say completely changed life suffer extreme panic disorder generalized anxiety disorder point could left alone without panic attack couldnt drive trouble going work spiraling dark depression finally decided try different medicine see would work best tried zoloft intensified feeling terror tried stay could stand longer found pristiq absolute miracle able year elated found feel like face day
114315,Nicotine,smoking cessation,definitely believe patch work quit smoking problem im patch go ive received blister use think normal,10.0,"November 5, 2013",8,smoking cessation definitely believe patch work quit smoking problem im patch go ive received blister use think normal
10340,Breo Ellipta,copd,excitied try breo ellipta severe emphysema 73 year old first found could breathe longer day without using rescue proair much day 6 day found excerting longer period time grocery shopping would run airmy chest felt tight proair didnt seem rescue beforeit little frightening,5.0,"July 23, 2016",28,copd excitied try breo ellipta severe emphysema 73 year old first found could breathe longer day without using rescue proair much day 6 day found excerting longer period time grocery shopping would run airmy chest felt tight proair didnt seem rescue beforeit little frightening
30050,Klonopin,panic disorde,caution medication highly effective almost every anxiety disorder exists somewhat helpful easy abuse life devastating using drug responsibly reasonable dosage highly effective managing anxiety disorder testify compliment antidepressant well daily user need proven benefit outweigh risk taken daily 5 year still effective need dosage,9.0,"August 23, 2015",71,panic disorde caution medication highly effective almost every anxiety disorder exists somewhat helpful easy abuse life devastating using drug responsibly reasonable dosage highly effective managing anxiety disorder testify compliment antidepressant well daily user need proven benefit outweigh risk taken daily 5 year still effective need dosage
201201,Zoloft,social anxiety disorde,drug worked sense completely numbed least mentally also numbs bit waist high enough dosage little libido felt like zombie never experienced much apathy life 50mg started feel way 23 week continued 7 week give doctor benefit doubt never cared less everything entire life relationship work physical activity motivation would come home work sleep next day due lack motivation extremely scary would touch,2.0,"September 1, 2016",24,social anxiety disorde drug worked sense completely numbed least mentally also numbs bit waist high enough dosage little libido felt like zombie never experienced much apathy life 50mg started feel way 23 week continued 7 week give doctor benefit doubt never cared less everything entire life relationship work physical activity motivation would come home work sleep next day due lack motivation extremely scary would touch
151082,OxyContin,chronic pain,prescribed oxycontin 60mg well 6 year last 2 month gotten refill know fact either manufacturer get medication shortage medication per dosage compared used dont know level occurring whether another government regulation say someone prescribed 60mg tablet manufacturer allowed put 30mg tablet medication long time starting december 2015 january 2016 medication shorted body go tremendous withdrawal symptom month refill medication need answer,8.0,"January 24, 2016",70,chronic pain prescribed oxycontin 60mg well 6 year last 2 month gotten refill know fact either manufacturer get medication shortage medication per dosage compared used dont know level occurring whether another government regulation say someone prescribed 60mg tablet manufacturer allowed put 30mg tablet medication long time starting december 2015 january 2016 medication shorted body go tremendous withdrawal symptom month refill medication need answer
32182,Wellbutrin XL,adhd,started taking 150 mg bupropion generic wellbutrin couple week doubled 300 mg doctor told exactly one week later broke biggest puffiest itchiest hive body joint also became swollen stiff painful throat also sore tight ended er whats really sad working wonder studied half much twice effective test grade great im trying decide effexor straterra,8.0,"November 30, 2009",54,adhd started taking 150 mg bupropion generic wellbutrin couple week doubled 300 mg doctor told exactly one week later broke biggest puffiest itchiest hive body joint also became swollen stiff painful throat also sore tight ended er whats really sad working wonder studied half much twice effective test grade great im trying decide effexor straterra
60743,MoviPrep,bowel preparation,easy put product perspective youve lot colonoscopy get every 12 yr since young adult issue w 1 contain vast amount liquid yummy either nausea bc much liquid fast product far best used also prefer otc method smell lemon like lemon cleaning product dont sit smelling drink taste salty lemon gatorade dont use lemon gatorade extra liquid w stuff less cramp 1 easiest take cleaned great side note make process easier cleaner stop eating seeded food nut another 24 hr diet start anything w seed including berry certain veggie carbs protein good,10.0,"November 2, 2015",13,bowel preparation easy put product perspective youve lot colonoscopy get every 12 yr since young adult issue w 1 contain vast amount liquid yummy either nausea bc much liquid fast product far best used also prefer otc method smell lemon like lemon cleaning product dont sit smelling drink taste salty lemon gatorade dont use lemon gatorade extra liquid w stuff less cramp 1 easiest take cleaned great side note make process easier cleaner stop eating seeded food nut another 24 hr diet start anything w seed including berry certain veggie carbs protein good
173652,Brexpiprazole,major depressive disorde,prozac kept check around 30 year pooped added 20 mg brintellix addition 2 mg rexulti significantly improved mdd symptom began starter pack went 12 mg week 1mg week 2mg taking last 3 week experienced side effect fortunately dr providing sample find way obtain drug affordable cost,9.0,"March 11, 2016",45,major depressive disorde prozac kept check around 30 year pooped added 20 mg brintellix addition 2 mg rexulti significantly improved mdd symptom began starter pack went 12 mg week 1mg week 2mg taking last 3 week experienced side effect fortunately dr providing sample find way obtain drug affordable cost
139399,Armodafinil,depression,provigil nuvigil slightly less expensive helped save life took provigil first switched nuvigil effect 65 year day one value side effect far know still dose 250mg nuvigil equivalent 200mg provigil never increased decreased effect today day one note ive cocktail 20mg lexapro 1mg klonopin daily plus daily mindfulness meditation weekly cbt 65 year lovely life 3 terrible episode major depression 6 year certainly ups down severe brief run day im grumpier less resilient nuvigil greatly clarifies thinking energizes miracle,10.0,"April 9, 2013",65,depression provigil nuvigil slightly less expensive helped save life took provigil first switched nuvigil effect 65 year day one value side effect far know still dose 250mg nuvigil equivalent 200mg provigil never increased decreased effect today day one note ive cocktail 20mg lexapro 1mg klonopin daily plus daily mindfulness meditation weekly cbt 65 year lovely life 3 terrible episode major depression 6 year certainly ups down severe brief run day im grumpier less resilient nuvigil greatly clarifies thinking energizes miracle
72020,Tramadol,pain,3month heavy regimen surgeonprescribed oxycodone due headon collision oxy replaced generic tramadol 50 mg 12 tablet every 46 hour first hated numerous side effect caused suffering injury later saw painmanagement specialist lowered dosage considerably 90lb frame 25 mg every 8 hr ive much improvement pain tolerable side effect need sign waiver obtain importantly function normally even drive short distance case correct dosage key success,7.0,"August 4, 2016",23,pain 3month heavy regimen surgeonprescribed oxycodone due headon collision oxy replaced generic tramadol 50 mg 12 tablet every 46 hour first hated numerous side effect caused suffering injury later saw painmanagement specialist lowered dosage considerably 90lb frame 25 mg every 8 hr ive much improvement pain tolerable side effect need sign waiver obtain importantly function normally even drive short distance case correct dosage key success
220295,Amitriptyline,cyclic vomiting syndrome,really like medicine calm nerve right entering week 3 rather bad episode cyclic vomiting syndrome started 5312 keep best nerve reasonably priced well,8.0,"May 17, 2012",17,cyclic vomiting syndrome really like medicine calm nerve right entering week 3 rather bad episode cyclic vomiting syndrome started 5312 keep best nerve reasonably priced well
48728,Ethinyl estradiol / levonorgestrel,birth control,started mortified based terrible review within 23 week woman complaining hair falling suicidal nausea mood swing heavy bleeding forth forth im going 7 week havent one symptom slight exception nausea get nauseous probably every day sensation last minute gone cant even pinpoint bc culprit experience chateal breeze far hope stay way dont let negative review steer wrong way everyone different clearly work great many many importantly im pregnant,10.0,"March 27, 2017",14,birth control started mortified based terrible review within 23 week woman complaining hair falling suicidal nausea mood swing heavy bleeding forth forth im going 7 week havent one symptom slight exception nausea get nauseous probably every day sensation last minute gone cant even pinpoint bc culprit experience chateal breeze far hope stay way dont let negative review steer wrong way everyone different clearly work great many many importantly im pregnant
18835,Solifenacin,overactive bladde,im 21 recently started taking vesicare first 10mg literally could poop would go 23 day without pooping severe heartburn doctor lowered 5mg help bit urinating notice situation im stressed doesnt seem work well im relaxed perfectly fine also 5mg im still constipation poop every day im still bad heartburn every week im sure want stick medication bad heartburn 21,9.0,"June 11, 2016",30,overactive bladde im 21 recently started taking vesicare first 10mg literally could poop would go 23 day without pooping severe heartburn doctor lowered 5mg help bit urinating notice situation im stressed doesnt seem work well im relaxed perfectly fine also 5mg im still constipation poop every day im still bad heartburn every week im sure want stick medication bad heartburn 21
52694,Barium sulfate,computed tomography,taste mochacinno smoothie tolerable tasted like watered chocolate milk enough flavor drink 2 450ml bottle one bed one 45 min scheduled ct scan first dose went smoothly caused alot gas second dose fine half way wasnt appetizing anymore second dose caused loose stool 30 minute evolved pretty significant diarrhea definitely take whole day scan overall bad though would definitely drink lot water following 24 hour scan,10.0,"August 10, 2016",5,computed tomography taste mochacinno smoothie tolerable tasted like watered chocolate milk enough flavor drink 2 450ml bottle one bed one 45 min scheduled ct scan first dose went smoothly caused alot gas second dose fine half way wasnt appetizing anymore second dose caused loose stool 30 minute evolved pretty significant diarrhea definitely take whole day scan overall bad though would definitely drink lot water following 24 hour scan
67182,Magnesium hydroxide,constipation,tried everything im 70 chronic constipation nothing worked today miserable decided try 98 year old mother law took every night long life mom also know woman 104 take two tablespoon every night exceptional life woman side effect regular clock work took 2 tb cherry flavored mom 10am 230 worked try people,10.0,"May 6, 2015",38,constipation tried everything im 70 chronic constipation nothing worked today miserable decided try 98 year old mother law took every night long life mom also know woman 104 take two tablespoon every night exceptional life woman side effect regular clock work took 2 tb cherry flavored mom 10am 230 worked try people
24721,Lactase,lactose intolerance,could give product 0 star would took pill twice felt product worked fine couple day later experiencing worst abdominal pain cramping ive ever put hospital im 4th day misery promise never take would rather experience usually eating dairy worth risk seeing work going trash,1.0,"July 4, 2015",15,lactose intolerance could give product 0 star would took pill twice felt product worked fine couple day later experiencing worst abdominal pain cramping ive ever put hospital im 4th day misery promise never take would rather experience usually eating dairy worth risk seeing work going trash
189764,Oxycodone,pain,oxycontin control pain various disorder still pain im 80 mg twice day much less much,10.0,"May 27, 2008",53,pain oxycontin control pain various disorder still pain im 80 mg twice day much less much
98759,Nexplanon,birth control,love nexplanon started 4 month ago hasnt terrible ive lighter period last week half big deal light also dont get cramping level used get im hoping period stop together either way still much lighter used havent gained weight except maybe pound two thats already weakness sweet also didnt acne problem im 16 skin clear baby bottom think nexplanon problem acne area havent breakout love,10.0,"September 22, 2013",4,birth control love nexplanon started 4 month ago hasnt terrible ive lighter period last week half big deal light also dont get cramping level used get im hoping period stop together either way still much lighter used havent gained weight except maybe pound two thats already weakness sweet also didnt acne problem im 16 skin clear baby bottom think nexplanon problem acne area havent breakout love
137066,Isotretinoin,acne,hearing horror story hesitant try accutane tried minocycline solodyn doryx doxycycline bactrim d thing pretty good clearing bactrim d bactrim worked best working anymore choice go accutane little drying eye initially lip still get dry people fail mention body adjusts side effect wont initial breakout start low started 40mg going 60mg month second month dont forget accutane take 24 month see clearing good luck,9.0,"November 4, 2015",22,acne hearing horror story hesitant try accutane tried minocycline solodyn doryx doxycycline bactrim d thing pretty good clearing bactrim d bactrim worked best working anymore choice go accutane little drying eye initially lip still get dry people fail mention body adjusts side effect wont initial breakout start low started 40mg going 60mg month second month dont forget accutane take 24 month see clearing good luck
176302,Lorazepam,panic disorde,46 started experiencing panic attack year ago daily life stress depression attributed opinion panic attack would attack twice daily mildsome severe worst one sept2015 called 911i home alone truly believed time come die transported er time got calmed start feeling normal thats er doctor officially diagnosed social anxiety disorder prescribed guessed lorazepam 1mg take needed best thing ever happened love medication life savor,9.0,"March 3, 2016",33,panic disorde 46 started experiencing panic attack year ago daily life stress depression attributed opinion panic attack would attack twice daily mildsome severe worst one sept2015 called 911i home alone truly believed time come die transported er time got calmed start feeling normal thats er doctor officially diagnosed social anxiety disorder prescribed guessed lorazepam 1mg take needed best thing ever happened love medication life savor
50262,Gabapentin,pain,back injury marine corp 1989 79 pain scale 15 year morphine 30mgs 6 time day vicodin 10325 six year oxycodone hydrocodone fentanyl patch 150 mg every 72 hour almost pain medicine think stopped vicodin cold turkey six year pain med know withdrawal painful went right gabapentin oh god thank pill amazing absolutely zero withdrawal effect vicodin 300 mg day six year mean zero withdrawal symptom feel zero back pain mean zero pill miracle im 900 mg 3 time day,10.0,"July 15, 2014",217,pain back injury marine corp 1989 79 pain scale 15 year morphine 30mgs 6 time day vicodin 10325 six year oxycodone hydrocodone fentanyl patch 150 mg every 72 hour almost pain medicine think stopped vicodin cold turkey six year pain med know withdrawal painful went right gabapentin oh god thank pill amazing absolutely zero withdrawal effect vicodin 300 mg day six year mean zero withdrawal symptom feel zero back pain mean zero pill miracle im 900 mg 3 time day
204954,Levemir,"diabetes, type 2",ive levemir approximately 2 year found quite effective however ive also noticed time dosage steadily increase order achieve optimum blood glucose level,9.0,"June 16, 2009",42,"diabetes, type 2 ive levemir approximately 2 year found quite effective however ive also noticed time dosage steadily increase order achieve optimum blood glucose level"
21913,Eliquis,prevention of thromboembolism in atrial fibrillation,im 81yr old female put eliquis 5 wks af ive severe stomach pain ive bad pancreas pain increased least 50 lot short term memory loss im looking getting medicine cant handle stomach pain good luck everyone,4.0,"February 13, 2016",58,prevention of thromboembolism in atrial fibrillation im 81yr old female put eliquis 5 wks af ive severe stomach pain ive bad pancreas pain increased least 50 lot short term memory loss im looking getting medicine cant handle stomach pain good luck everyone
90538,Docosanol,herpes simplex,work reducing anything pain sore remained get bigger bigger regardless many time wash hand apply cleanly try garlic apple cider vinegar cost less work much better stuff,1.0,"December 11, 2015",4,herpes simplex work reducing anything pain sore remained get bigger bigger regardless many time wash hand apply cleanly try garlic apple cider vinegar cost less work much better stuff
68810,Medroxyprogesterone,abnormal uterine bleeding,giving birth son 2003 refused take kind birth control pillshots ive irregular period year last year started bleeding heavily soaking pad within hour point blood came rushing leg afraid maybe tumor fibroid maybe needed surgery doctor gave ultrasound found nothing wrong uterus gave provera 10 mg day 14 day took 2 month absence period 6 month regular period 5 month started saw another doctor last month told take provera im waiting period way comfortable,7.0,"September 15, 2016",13,abnormal uterine bleeding giving birth son 2003 refused take kind birth control pillshots ive irregular period year last year started bleeding heavily soaking pad within hour point blood came rushing leg afraid maybe tumor fibroid maybe needed surgery doctor gave ultrasound found nothing wrong uterus gave provera 10 mg day 14 day took 2 month absence period 6 month regular period 5 month started saw another doctor last month told take provera im waiting period way comfortable
58460,Fluticasone / salmeterol,"asthma, maintenance",advair 10 year never breathed better couldnt even walk without breath experience lot side effect oral thrush headache however able breathe outweighs side effect would recommend medication anyone asthma,9.0,"February 11, 2016",13,"asthma, maintenance advair 10 year never breathed better couldnt even walk without breath experience lot side effect oral thrush headache however able breathe outweighs side effect would recommend medication anyone asthma"
76716,Lorcaserin,weight loss,started taking belviq september 12th 2016 weigh 332 pound weighed today september 28 2016 318 pound could believe gave slight headache notice take 2 day one strong take two one day dizzy come along plus workout well thirsty water appetite really decreased lot igive pill thumb doctor preferred encourage take dont like taking medication said right far good insurance didnt cover paid 75 pocket,9.0,"September 28, 2016",20,weight loss started taking belviq september 12th 2016 weigh 332 pound weighed today september 28 2016 318 pound could believe gave slight headache notice take 2 day one strong take two one day dizzy come along plus workout well thirsty water appetite really decreased lot igive pill thumb doctor preferred encourage take dont like taking medication said right far good insurance didnt cover paid 75 pocket
185260,Harvoni,hepatitis c,day 15 slight headache insomnia side effect help drink plenty water severe panic attack nervous taking harvoni taking first pill hard part breeze excited complete med update completed day 28 lab came back virus free yay dr said take one month done sleeping much better excited cant get med covered call manufacturer medicine assistance program,8.0,"March 20, 2015",42,hepatitis c day 15 slight headache insomnia side effect help drink plenty water severe panic attack nervous taking harvoni taking first pill hard part breeze excited complete med update completed day 28 lab came back virus free yay dr said take one month done sleeping much better excited cant get med covered call manufacturer medicine assistance program
61687,Citalopram,obsessive compulsive disorde,ive medication 2 week feel relief already ocd symptom pure intrusive thought significantly less already side effect poor sleep wake frequently feel half asleep night finally slept full night last night lexapro work decided try celexa instead starting 10mg much less anxious,9.0,"July 1, 2016",18,obsessive compulsive disorde ive medication 2 week feel relief already ocd symptom pure intrusive thought significantly less already side effect poor sleep wake frequently feel half asleep night finally slept full night last night lexapro work decided try celexa instead starting 10mg much less anxious
192143,Drospirenone / ethinyl estradiol,acne,went yaz 2 3 year ago cure acne heavy period worked brilliantly caused extreme weight gain gained 10kg around 20lbs first month considered overweight bmi first time life tried everything gym cutting carbs cant lose weight put estrogen dominant pill period plan go back,10.0,"July 30, 2016",6,acne went yaz 2 3 year ago cure acne heavy period worked brilliantly caused extreme weight gain gained 10kg around 20lbs first month considered overweight bmi first time life tried everything gym cutting carbs cant lose weight put estrogen dominant pill period plan go back
2996,Nitrofurantoin,urinary tract infection,cant even explain bad made feel seriously thought dying chillssweating throwing upi actually passed bathroom bath chest pain bad thought heart attack desire eative never problem med like life never took 2 day stopped cautious,2.0,"November 29, 2017",3,urinary tract infection cant even explain bad made feel seriously thought dying chillssweating throwing upi actually passed bathroom bath chest pain bad thought heart attack desire eative never problem med like life never took 2 day stopped cautious
24793,Tresiba,"diabetes, type 1",diabetic 50 year forty year used regular nph insulin never problem a1c reading mid 6 time new doctor come along want diabetic conform textbook example decided insulin old fashioned outdated change tresiba couple week sugar would drop around 100 200 point midnight 8 morning make sure sugar 225 midnight wake 40 50 320 8 hour later 84 stuff scary,1.0,"September 20, 2017",5,"diabetes, type 1 diabetic 50 year forty year used regular nph insulin never problem a1c reading mid 6 time new doctor come along want diabetic conform textbook example decided insulin old fashioned outdated change tresiba couple week sugar would drop around 100 200 point midnight 8 morning make sure sugar 225 midnight wake 40 50 320 8 hour later 84 stuff scary"
122155,Venlafaxine,postpartum depression,returned work second child end april begining june everything falling apart job worked hard attain relationship friendshipsnothing seemed going well two beautiful boy thing keeping remotely together asked take leave work started zoloft terrible clenched teeth day long moved cymbalta wanted sleep two active boy nap option started taking effexor xr two week ago love side effect im noticing short term memory loss hey sex drive finally came back yeah alone help alot depression,10.0,"September 28, 2009",18,postpartum depression returned work second child end april begining june everything falling apart job worked hard attain relationship friendshipsnothing seemed going well two beautiful boy thing keeping remotely together asked take leave work started zoloft terrible clenched teeth day long moved cymbalta wanted sleep two active boy nap option started taking effexor xr two week ago love side effect im noticing short term memory loss hey sex drive finally came back yeah alone help alot depression
226100,Remicade,"crohn's disease, acute",daughter taking remicade since 2006 built antibody doesnt work anymore going try humira hope work ileostomy done since remicade didnt work long crohn made stomach appears working beginning treatment doesnt mean last body long suppose people please warned cautious,1.0,"January 13, 2010",14,"crohn's disease, acute daughter taking remicade since 2006 built antibody doesnt work anymore going try humira hope work ileostomy done since remicade didnt work long crohn made stomach appears working beginning treatment doesnt mean last body long suppose people please warned cautious"
174210,Versed,light anesthesia,oral surgery first stage dental implant four molar extracted sinus lift bone grafting asked put cry fear surgery worried getting sick anesthesia gave versed iv everything okay loved maybe much anesthesia sickness fear highly recommend,10.0,"August 11, 2015",9,light anesthesia oral surgery first stage dental implant four molar extracted sinus lift bone grafting asked put cry fear surgery worried getting sick anesthesia gave versed iv everything okay loved maybe much anesthesia sickness fear highly recommend
215322,Lubiprostone,"constipation, chronic",started taking amitiza month ago 24 mg work sometimes experiencing side effect didnt think resulted medication read review trouble taking breath coughing severe headache nausea bloating gas medication constipated could still button pant ive started medicine struggle due bloating,5.0,"September 20, 2012",33,"constipation, chronic started taking amitiza month ago 24 mg work sometimes experiencing side effect didnt think resulted medication read review trouble taking breath coughing severe headache nausea bloating gas medication constipated could still button pant ive started medicine struggle due bloating"
12916,Vardenafil,erectile dysfunction,take levitra dinner work 1100 night earlier 45 hour wait get strong erection fizzle sex still moment failure almost always attributed external event happy unless forget add several hour sex forget 25 sex,8.0,"November 7, 2014",61,erectile dysfunction take levitra dinner work 1100 night earlier 45 hour wait get strong erection fizzle sex still moment failure almost always attributed external event happy unless forget add several hour sex forget 25 sex
119674,CombiPatch,postmenopausal symptoms,worked well never available pharmacy ordering month favor find something isnt backordered week time,1.0,"November 30, 2016",9,postmenopausal symptoms worked well never available pharmacy ordering month favor find something isnt backordered week time
14517,Buprenorphine / naloxone,opiate dependence,ive suboxone 5 day taking 40 50 pill day 15 30 mg oxycodone thats 800 mg day addiction suboxone helped much side effect chill little diarrhea use benadryl able sleep thats tomorrow day 6 without anything keep posted past 2 day took 12 pill maybe thats felt little withdrawal symptom thats better increasing suboxone dose good luck everyone use detox,10.0,"July 24, 2009",26,opiate dependence ive suboxone 5 day taking 40 50 pill day 15 30 mg oxycodone thats 800 mg day addiction suboxone helped much side effect chill little diarrhea use benadryl able sleep thats tomorrow day 6 without anything keep posted past 2 day took 12 pill maybe thats felt little withdrawal symptom thats better increasing suboxone dose good luck everyone use detox
121497,Venlafaxine,anxiety,taking venlaxafine 4 day currently 75mg day dose doctor put day 1 didnt notice anything second day felt lot relaxed totally suppressed appetite day rubbish sleeping pattern ever since havent really done much anxiety yet relaxing write update shortly,5.0,"December 7, 2015",6,anxiety taking venlaxafine 4 day currently 75mg day dose doctor put day 1 didnt notice anything second day felt lot relaxed totally suppressed appetite day rubbish sleeping pattern ever since havent really done much anxiety yet relaxing write update shortly
61041,Minivelle,postmenopausal symptoms,took 5 week start working completely gynecologist told give 3 week still getting hot flash daily continued prescribed zero hot flash side effect one year using,10.0,"July 23, 2015",42,postmenopausal symptoms took 5 week start working completely gynecologist told give 3 week still getting hot flash daily continued prescribed zero hot flash side effect one year using
199346,Depo-Provera,birth control,18 depo since 15 due severe menstrual bleeding first got shot noticed bleeding kept lightening second shot stopped together eat like pig thats really big deal first 45 month lost 40 pound slightly year later ive gained 20 back know lot girl fidget carry weight issue exercise daily eat appropriately wont turn big deal definitely recommend friend either bleeding issue dont want get pregnant work perfectly case least,9.0,"May 4, 2015",12,birth control 18 depo since 15 due severe menstrual bleeding first got shot noticed bleeding kept lightening second shot stopped together eat like pig thats really big deal first 45 month lost 40 pound slightly year later ive gained 20 back know lot girl fidget carry weight issue exercise daily eat appropriately wont turn big deal definitely recommend friend either bleeding issue dont want get pregnant work perfectly case least
50615,Gabapentin,ibromyalgia,neurontin help pain give lot energy help seizure 600mg 3 4 time day longer take less help take,9.0,"September 4, 2010",19,ibromyalgia neurontin help pain give lot energy help seizure 600mg 3 4 time day longer take less help take
167559,Levonorgestrel,birth control,skyla put four month ago ob said went perfectly shook hand left room nurse room noticed color drained face immediately felt nauseous dizzy nurse walk bathroom got diarrhea sick mother come get doctor asked wanted take point didnt want touch getting home cramping doubled pain month ob looked said fine cramping continued randomly pain pressure vagina 4 month got taken immediately cramping went away,2.0,"February 15, 2016",1,birth control skyla put four month ago ob said went perfectly shook hand left room nurse room noticed color drained face immediately felt nauseous dizzy nurse walk bathroom got diarrhea sick mother come get doctor asked wanted take point didnt want touch getting home cramping doubled pain month ob looked said fine cramping continued randomly pain pressure vagina 4 month got taken immediately cramping went away
18091,Ethinyl estradiol / etonogestrel,birth control,negative thing using ring tends slowly slide often totally enough feel discomfort negative symptom pretty much idiot proof,9.0,"November 10, 2011",0,birth control negative thing using ring tends slowly slide often totally enough feel discomfort negative symptom pretty much idiot proof
198401,Exenatide,"diabetes, type 2",ive taking bydureon 1 month far although skeptical nature seems like miracle eating paleo 3 month losing 1 lb per week still seeing fasting number around 150 doctor put bydureon lost 10 lb first two week included freakout day eating olive garden taco bell braums ice cream multiple time per day one month ive lost total 21 lb dropping 263lbs 242lbs lifestyle change back yet check a1c doc want wait full three month posting number 90 100 upon waking 110 120 meal stand reason would also improved greatly,8.0,"March 2, 2014",62,"diabetes, type 2 ive taking bydureon 1 month far although skeptical nature seems like miracle eating paleo 3 month losing 1 lb per week still seeing fasting number around 150 doctor put bydureon lost 10 lb first two week included freakout day eating olive garden taco bell braums ice cream multiple time per day one month ive lost total 21 lb dropping 263lbs 242lbs lifestyle change back yet check a1c doc want wait full three month posting number 90 100 upon waking 110 120 meal stand reason would also improved greatly"
66721,Seroquel,bipolar disorde,ive seroquel couple month im surprised good work minimal side effect take 100mg300mg night nap depending tired already without medicine like people dont get ample sleep 810 hour usually wake feeling tired groggy usually wear within couple hour though noticed take eye become super red like finished smoking weed experienced little chest pain lower rib cage tolerable sleep like baby vivid dream opinion neither negative positive helped stabilizing mood controlling swing,9.0,"March 23, 2015",39,bipolar disorde ive seroquel couple month im surprised good work minimal side effect take 100mg300mg night nap depending tired already without medicine like people dont get ample sleep 810 hour usually wake feeling tired groggy usually wear within couple hour though noticed take eye become super red like finished smoking weed experienced little chest pain lower rib cage tolerable sleep like baby vivid dream opinion neither negative positive helped stabilizing mood controlling swing
221498,Makena,premature lab,delivered first child 36 week preterm labor 29 week partial amniotic rupture preterm labor dilated 4 finally stopped contraction currently 28 week pregnant second child weekly makena injection since week 16 began closely spaced contraction yesterday went local hospital cervix still closed frequency contraction lack response magnesium bolus caused send ambulance prepared hospital larger city im home today hospital know makena shot without cervix would dilating doubt,10.0,"November 29, 2016",7,premature lab delivered first child 36 week preterm labor 29 week partial amniotic rupture preterm labor dilated 4 finally stopped contraction currently 28 week pregnant second child weekly makena injection since week 16 began closely spaced contraction yesterday went local hospital cervix still closed frequency contraction lack response magnesium bolus caused send ambulance prepared hospital larger city im home today hospital know makena shot without cervix would dilating doubt
219581,Microgestin Fe 1.5 / 30,birth control,using loestrin fe 1530 since sept 2012 ive various bc pill since 1999 hand best ive experienced zero side effect cycle perfectly 28 day hour period short 2 day light use light absorbency tampon pantyliner recall last time experienced cramp ever acne place touch face love pill,9.0,"February 2, 2016",7,birth control using loestrin fe 1530 since sept 2012 ive various bc pill since 1999 hand best ive experienced zero side effect cycle perfectly 28 day hour period short 2 day light use light absorbency tampon pantyliner recall last time experienced cramp ever acne place touch face love pill
107145,Implanon,birth control,seemed like great idea first remember pill still reaping benefit pm symptom pregnancy turned horrible idea gained substantial amount weight even though lifestyle changed constantly breakthrough bleeding getting mine removed,3.0,"November 30, 2012",4,birth control seemed like great idea first remember pill still reaping benefit pm symptom pregnancy turned horrible idea gained substantial amount weight even though lifestyle changed constantly breakthrough bleeding getting mine removed
210447,Linzess,"constipation, chronic",started taking linzess miracle worker ive constipated 30 yr nothing helped even amitiza didnt help bloated gave gas pain linzess work day dont take im morning took 290 mcg within hour bowel motion recommend anyone suffers constipation like,10.0,"July 18, 2013",66,"constipation, chronic started taking linzess miracle worker ive constipated 30 yr nothing helped even amitiza didnt help bloated gave gas pain linzess work day dont take im morning took 290 mcg within hour bowel motion recommend anyone suffers constipation like"
93925,Trintellix,major depressive disorde,depression life taking zoloft 7 year first child recently felt wasnt working well anymore talked doctor suggested thistook 6 week stop know everyone different made depression worse started mood swing anger issue cry everything panic attack around 2nd week developed cough symptom cough persisted 2 12 week went back doc prescribed antibiotic completed still cough panic attack 2 day row stopped taking trintellix soon cough gone definitely dont recommend med,1.0,"May 2, 2017",25,major depressive disorde depression life taking zoloft 7 year first child recently felt wasnt working well anymore talked doctor suggested thistook 6 week stop know everyone different made depression worse started mood swing anger issue cry everything panic attack around 2nd week developed cough symptom cough persisted 2 12 week went back doc prescribed antibiotic completed still cough panic attack 2 day row stopped taking trintellix soon cough gone definitely dont recommend med
193537,Cyclobenzaprine,muscle spasm,sleep like baby medicine dont wake tense neck shoulder im finally getting rest need thing sometimes get enough sleep small kid wake drowsy oh yeah dry mouthlips love,9.0,"July 14, 2009",6,muscle spasm sleep like baby medicine dont wake tense neck shoulder im finally getting rest need thing sometimes get enough sleep small kid wake drowsy oh yeah dry mouthlips love
88069,Clindamycin,bone infection,supposed filling turned molar extraction ended dry socket around day 5 extraction also ended osteomyltis starting area extraction prescribed clindamycin infection getting worse pain excruciating jawbone ear dry socket clindamycin 2 day could start feeling difference time finished prescription ill effect minimal permanent damage jaw,9.0,"March 2, 2015",20,bone infection supposed filling turned molar extraction ended dry socket around day 5 extraction also ended osteomyltis starting area extraction prescribed clindamycin infection getting worse pain excruciating jawbone ear dry socket clindamycin 2 day could start feeling difference time finished prescription ill effect minimal permanent damage jaw
139303,Armodafinil,narcolepsy,taking nuvigil since 2012 started provigil built tolerance 2 month take 250 mg day split pill take half specific time usually 69 3pm 6pm depends took first one seems help stay awake little way last 12 hour half,7.0,"February 28, 2017",7,narcolepsy taking nuvigil since 2012 started provigil built tolerance 2 month take 250 mg day split pill take half specific time usually 69 3pm 6pm depends took first one seems help stay awake little way last 12 hour half
180985,Valproic acid,seizure prevention,wouldnt give worst enemy side effect severe outweigh benefit regarding seizure control 2 year medication walking zombie,1.0,"September 23, 2015",5,seizure prevention wouldnt give worst enemy side effect severe outweigh benefit regarding seizure control 2 year medication walking zombie
111736,Gianvi,birth control,pill absolutely awful 2 week started feeling irritable moody ignored telling change hormone pill 2 month total got depressed irritable moody cried reason got migraine lasted day unbearable also developed yeast infection miserable 2 month ill never go back rather take pill take one,1.0,"May 11, 2017",4,birth control pill absolutely awful 2 week started feeling irritable moody ignored telling change hormone pill 2 month total got depressed irritable moody cried reason got migraine lasted day unbearable also developed yeast infection miserable 2 month ill never go back rather take pill take one
130956,Levonorgestrel,birth control,mirena three year second child actually old iud first child ten year first iud bled lot period cramped however mirena okay cant remember last time saw period considering taking get pregnant third child,9.0,"October 4, 2010",1,birth control mirena three year second child actually old iud first child ten year first iud bled lot period cramped however mirena okay cant remember last time saw period considering taking get pregnant third child
201232,Zoloft,panic disorde,year ive zoloft take 200 mg day still believe much life changedimproved 36 year old suffering severe panic attack anxiety agoraphobia almost 15 yearsit complete challenge get work even imagine day without feeling anxiety literally time woke went bed wasnt enjoying life existing absolutely control conscious finally decided try prescription else would let take little life completely started zoloft 25mg worked max 200mg three month best decision ever,10.0,"March 5, 2016",110,panic disorde year ive zoloft take 200 mg day still believe much life changedimproved 36 year old suffering severe panic attack anxiety agoraphobia almost 15 yearsit complete challenge get work even imagine day without feeling anxiety literally time woke went bed wasnt enjoying life existing absolutely control conscious finally decided try prescription else would let take little life completely started zoloft 25mg worked max 200mg three month best decision ever
125143,Dulcolax,constipation,took two pill couple glass water bedtime bowel movement approximately eleven hour later unusual discomfort prepared examination past always bottle citromag drink stool softener made feel cold crampy stay toilet night problem dulcolax,9.0,"December 19, 2016",2,constipation took two pill couple glass water bedtime bowel movement approximately eleven hour later unusual discomfort prepared examination past always bottle citromag drink stool softener made feel cold crampy stay toilet night problem dulcolax
220350,Amitriptyline,migraine prevention,suffered migraine year ive using amiptiptyline 3 year bedtime bad migraine get one med work instead lasting day,10.0,"March 6, 2014",45,migraine prevention suffered migraine year ive using amiptiptyline 3 year bedtime bad migraine get one med work instead lasting day
147406,Alprazolam,panic disorde,diagnosed severe panic disorder literally took life prescribed xanax 025mg life saver feel like old self look forward getting morning petrified getting panic attack medication helped work within 15 minute taking reduced attack feel much better downside feel little bit drowsy late taking time found would get severe blurred vision usually passed within hour definitely take time,10.0,"August 1, 2011",5,panic disorde diagnosed severe panic disorder literally took life prescribed xanax 025mg life saver feel like old self look forward getting morning petrified getting panic attack medication helped work within 15 minute taking reduced attack feel much better downside feel little bit drowsy late taking time found would get severe blurred vision usually passed within hour definitely take time
127569,Phentermine,obesity,update started taking may 19th 5ft tall 250 pound felt dizzy first three day ate little try eat less 1200 calorie day day im still hungry though hasnt even month today weigh 224 thats 26 pound 27 day almost pound day exercise result amazing trouble sleeping usually take pill earlier morning take whole one day also severe dry mouth mainly last 3 day im also taking water pill,10.0,"June 15, 2017",17,obesity update started taking may 19th 5ft tall 250 pound felt dizzy first three day ate little try eat less 1200 calorie day day im still hungry though hasnt even month today weigh 224 thats 26 pound 27 day almost pound day exercise result amazing trouble sleeping usually take pill earlier morning take whole one day also severe dry mouth mainly last 3 day im also taking water pill
162226,Hyaluronan,osteoarthritis,dr thought would good idea knee condition year figured id give go big surprise made worse lot worse like stirred hornet nest shot im trouble ever walking pain sleeping pain knee resting pain worse im 40 walk like im 80 physical therapy joke considering condition cant fixed without replacing knee physical therapy get shift weight one side knee giving problem guess dr wont happy im wheelchair,1.0,"July 30, 2017",12,osteoarthritis dr thought would good idea knee condition year figured id give go big surprise made worse lot worse like stirred hornet nest shot im trouble ever walking pain sleeping pain knee resting pain worse im 40 walk like im 80 physical therapy joke considering condition cant fixed without replacing knee physical therapy get shift weight one side knee giving problem guess dr wont happy im wheelchair
172757,Clonazepam,anxiety,took 3 month told doctor either change take thing really took 6 mg daily made little drowsy forgetful something could without anyway ramble doc put xanax must say work lot better,3.0,"July 29, 2014",4,anxiety took 3 month told doctor either change take thing really took 6 mg daily made little drowsy forgetful something could without anyway ramble doc put xanax must say work lot better
176725,Lorazepam,anxiety,noticed dose 1mg every 4 6 hour worked week needed increase dose colorectal cancer using anxiety,9.0,"November 3, 2008",8,anxiety noticed dose 1mg every 4 6 hour worked week needed increase dose colorectal cancer using anxiety
86204,Magnesium sulfate / potassium sulfate / sodium sulfate,bowel preparation,taste reminds triaminic gross sucked lemon gulp literally within 10 minute bathroom still cramping little nauseous flowing like faucet drink hopefully second bottle 8am tomorrow,8.0,"October 28, 2015",6,bowel preparation taste reminds triaminic gross sucked lemon gulp literally within 10 minute bathroom still cramping little nauseous flowing like faucet drink hopefully second bottle 8am tomorrow
155399,Metronidazole,pseudomembranous colitis,symptom started going 2 bathroom 510 time day got flagylmetronidazole 500mg generally work intestinal bacterial infection take 1 tablet mouth 3 time day 7 day manufacture please make capsule form tablet taste really bad take sodagatorade something wash away aftertaste side effect felt nausea dizziness doctor said drink lot water meal avoid alcohol including certain mouthwash anything contains alcohol,8.0,"July 3, 2015",3,pseudomembranous colitis symptom started going 2 bathroom 510 time day got flagylmetronidazole 500mg generally work intestinal bacterial infection take 1 tablet mouth 3 time day 7 day manufacture please make capsule form tablet taste really bad take sodagatorade something wash away aftertaste side effect felt nausea dizziness doctor said drink lot water meal avoid alcohol including certain mouthwash anything contains alcohol
188600,ParaGard,birth control,got paraguard removed 55 month cramp made yelp aloud miss work period heavy like overnight pad plus heavy tampon every two hour regular nausea really wanted hormone free option side effect much im pretty sensitive hormone come recommended many woman im 33 never kid,3.0,"February 6, 2016",5,birth control got paraguard removed 55 month cramp made yelp aloud miss work period heavy like overnight pad plus heavy tampon every two hour regular nausea really wanted hormone free option side effect much im pretty sensitive hormone come recommended many woman im 33 never kid
55512,Hizentra,primary immunodeficiency syndrome,hizentra one month imagine time work within month 2 sinus infection dealing one feel awful would like know long took people start feeling better one doc say 5 infusion another say much longer however energy infection comment helpful,2.0,"November 15, 2013",9,primary immunodeficiency syndrome hizentra one month imagine time work within month 2 sinus infection dealing one feel awful would like know long took people start feeling better one doc say 5 infusion another say much longer however energy infection comment helpful
103818,Ethinyl estradiol / levonorgestrel,birth control,first time birth control everi nausea sickness slight headache first couple day taking think mood changing tired spotting every day annoying doctor said normal give least two month regulate hope shes right,8.0,"March 4, 2015",8,birth control first time birth control everi nausea sickness slight headache first couple day taking think mood changing tired spotting every day annoying doctor said normal give least two month regulate hope shes right
116620,Aspirin / carisoprodol,muscle spasm,taken costochronditisworks well prescription strong 350 mg cut half take away pain cant skip dose pain come back full force absence pain better taken food cause stomach problem,9.0,"November 6, 2013",5,muscle spasm taken costochronditisworks well prescription strong 350 mg cut half take away pain cant skip dose pain come back full force absence pain better taken food cause stomach problem
162814,Cefdinir,bronchitis,took medication respiratory infection gave severe relentless diarrhea still suffering year later hospitalized numerous time completely disabled,1.0,"October 19, 2015",3,bronchitis took medication respiratory infection gave severe relentless diarrhea still suffering year later hospitalized numerous time completely disabled
157880,Accutane,acne,accutane took claravis since accutane longer marketed really cleared skin well none serious side effect talked im currently month 5 6 month course couldnt happier side effect mild dryness skin lip eyesthats lab abnormality either retina year caused much dryness claravis highly recommend giving shot,10.0,"August 7, 2011",3,acne accutane took claravis since accutane longer marketed really cleared skin well none serious side effect talked im currently month 5 6 month course couldnt happier side effect mild dryness skin lip eyesthats lab abnormality either retina year caused much dryness claravis highly recommend giving shot
222178,Rozerem,insomnia,used rozerem happy strongly thought nerve ending brain damaged virus bacteria used need basis 3 night row week 2 night used 8 month sleep used whether felt drowsy got headache rozerem say disease give symptom say felt much better could afford rozerem insurance would cover afford use 8 10 month doctor approval,9.0,"December 18, 2008",30,insomnia used rozerem happy strongly thought nerve ending brain damaged virus bacteria used need basis 3 night row week 2 night used 8 month sleep used whether felt drowsy got headache rozerem say disease give symptom say felt much better could afford rozerem insurance would cover afford use 8 10 month doctor approval
27883,Lexapro,generalized anxiety disorde,week 3 medication generalized anxiety panic far great besides constant drowsiness anyone well side effect pas past 20mg celexa beginning 2011 2016 decided come celexa last summer terrible idea anxiety panic came back stronger ever doctor suggested lexapro noticed change anxiety panic drowsy,8.0,"March 15, 2017",21,generalized anxiety disorde week 3 medication generalized anxiety panic far great besides constant drowsiness anyone well side effect pas past 20mg celexa beginning 2011 2016 decided come celexa last summer terrible idea anxiety panic came back stronger ever doctor suggested lexapro noticed change anxiety panic drowsy
201255,Zoloft,post traumatic stress disorde,havent felt calm long time taking zoloft anxiety depression ptsd racing thought ruminating slowed slept last night first time 6 month sleeping pill actually feel weird feel good,9.0,"July 7, 2016",42,post traumatic stress disorde havent felt calm long time taking zoloft anxiety depression ptsd racing thought ruminating slowed slept last night first time 6 month sleeping pill actually feel weird feel good
127078,Metoclopramide,gastroparesis,found medication extremely helpful first diagnosed change eating habit dramatically messed nausea flared reglan great find like many patient side effect anxiety got worse time year felt learned manage diet stopped taking reglan entirely reglan great tool beginning help figure eating habit worked manage everything diet think possible others gastroparesis,8.0,"September 27, 2012",66,gastroparesis found medication extremely helpful first diagnosed change eating habit dramatically messed nausea flared reglan great find like many patient side effect anxiety got worse time year felt learned manage diet stopped taking reglan entirely reglan great tool beginning help figure eating habit worked manage everything diet think possible others gastroparesis
79559,Plan B One-Step,emergency contraception,period ended first november two day later protected sex condom broke around 7 8 oclock night pharmacy closed wait found plan b one step local pharmacy taken pill within 48 hour pill ive experienced lot irritability basically feel like pm today 6 day took pill noticed light bleeding ive little bit cramping,8.0,"November 11, 2012",24,emergency contraception period ended first november two day later protected sex condom broke around 7 8 oclock night pharmacy closed wait found plan b one step local pharmacy taken pill within 48 hour pill ive experienced lot irritability basically feel like pm today 6 day took pill noticed light bleeding ive little bit cramping
40862,Leuprolide,endometriosis,diagnosed stage 4 endometriosis prescribed lupron reading horrible review side effect terrified try chatting doctor agreed would aggressive treatment husband would like get pregnant one day month 3 shot say pleased worst thing hot flash least 10 time day take excessive cramping pain day feel minor cramp occasionally time would normally period experienced depression weight gain weight loss bleeding joint pain etc hoping treatment able conceive,7.0,"December 15, 2014",52,endometriosis diagnosed stage 4 endometriosis prescribed lupron reading horrible review side effect terrified try chatting doctor agreed would aggressive treatment husband would like get pregnant one day month 3 shot say pleased worst thing hot flash least 10 time day take excessive cramping pain day feel minor cramp occasionally time would normally period experienced depression weight gain weight loss bleeding joint pain etc hoping treatment able conceive
209553,Praluent,high cholesterol,myocardial infarction december 22 2015 still struggling get number trying every statin market made body ache joint stiff help getting bed changed physician tried another statin luck asked would willing try praluent injection long story short notice side effect number dropped dramatically feel greatonly benefit injection 3 month thank god medication got help paying manufacturer,10.0,"November 19, 2016",12,high cholesterol myocardial infarction december 22 2015 still struggling get number trying every statin market made body ache joint stiff help getting bed changed physician tried another statin luck asked would willing try praluent injection long story short notice side effect number dropped dramatically feel greatonly benefit injection 3 month thank god medication got help paying manufacturer
23899,Tretinoin,photoaging of the skin,began using cream week ago dermatologist prescribed due photodamaged skin use 2 3 time week find fabulous dont like smell though dryness flaking find skin extremely sensitive applying moisturiser often result mild stinging sensation find using omorovicza oil good burn used moisturiser wondering others issue whole like retin result use cream cleanser gentle try foam one also caused skin aggrevated retin,8.0,"April 25, 2017",12,photoaging of the skin began using cream week ago dermatologist prescribed due photodamaged skin use 2 3 time week find fabulous dont like smell though dryness flaking find skin extremely sensitive applying moisturiser often result mild stinging sensation find using omorovicza oil good burn used moisturiser wondering others issue whole like retin result use cream cleanser gentle try foam one also caused skin aggrevated retin
81857,Liraglutide,"diabetes, type 2",started november 18 2016first three week super hard fatigue lost appetite dr gave first pen office took shot straight work vomit today december 27 2016 22 pound insurance company notified stop paying medication effective 01012017,7.0,"December 27, 2016",27,"diabetes, type 2 started november 18 2016first three week super hard fatigue lost appetite dr gave first pen office took shot straight work vomit today december 27 2016 22 pound insurance company notified stop paying medication effective 01012017"
71349,Levora,birth control,ive taking pill 2 month pleased experienced mild weight gain much really matter previously two birth control within last year loloestrin fe kelnor levora far better take pill hour late totally fine previous pill would case spotting took even hour late skipped period thus far twice issue spotting one two day last 60 irrationally moody bitchy part happy levora,10.0,"February 18, 2015",7,birth control ive taking pill 2 month pleased experienced mild weight gain much really matter previously two birth control within last year loloestrin fe kelnor levora far better take pill hour late totally fine previous pill would case spotting took even hour late skipped period thus far twice issue spotting one two day last 60 irrationally moody bitchy part happy levora
124191,Skyla,birth control,skyla since 20 2 year meant woman baby took ibuprofen got done less 5 min pretty pretty painful understand dilating cervex afterwards little pain able drive home laid rest day 2 year later still love get ovarian cyst like year ago felt abdominal pain went dr complication period 1 year overall feel great everyone worked great also used condom since got never pregnant,9.0,"March 30, 2016",10,birth control skyla since 20 2 year meant woman baby took ibuprofen got done less 5 min pretty pretty painful understand dilating cervex afterwards little pain able drive home laid rest day 2 year later still love get ovarian cyst like year ago felt abdominal pain went dr complication period 1 year overall feel great everyone worked great also used condom since got never pregnant
107547,Implanon,birth control,implanon inserted 20122010 procedure wasnt painful considering youre given local anesthetic area arm felt slight sting like waspbee sting first day period inserted day period stopped however roughly week later came period 3 week period stopped didnt another period 17032011 im still pleased known side effect within first 6 months1 year ive side effect weight gain acne illness ache pain etc random bleeding im happy implant,8.0,"March 31, 2011",0,birth control implanon inserted 20122010 procedure wasnt painful considering youre given local anesthetic area arm felt slight sting like waspbee sting first day period inserted day period stopped however roughly week later came period 3 week period stopped didnt another period 17032011 im still pleased known side effect within first 6 months1 year ive side effect weight gain acne illness ache pain etc random bleeding im happy implant
63004,Tranexamic acid,menorrhagia,within 20 minute taking medication one side body became numb got really confused felt like could talk lost consciousness briefly closest thing imagine stroke effect scary experience lasted day told discontinue immediately,1.0,"September 7, 2016",28,menorrhagia within 20 minute taking medication one side body became numb got really confused felt like could talk lost consciousness briefly closest thing imagine stroke effect scary experience lasted day told discontinue immediately
218196,Amoxicillin / clavulanate,not listed / othe,prescribed dentist following dental extraction implant ill finishing 10day treatment tomorrow horribly painful many way severe diarrhea finally dealt taking 50b probiotic capsule real plain bacterialcultured yogurt meal b mindblowing headache im still cycling aspirin acetaminophen ibuprofen 3 tablet every 6 hour none work well continuously c side effect dry mouth itchy nose slight burning sensation urinating merely slight distraction compared diarrhea headache hope started another antibiotic good luck,5.0,"July 9, 2016",2,not listed / othe prescribed dentist following dental extraction implant ill finishing 10day treatment tomorrow horribly painful many way severe diarrhea finally dealt taking 50b probiotic capsule real plain bacterialcultured yogurt meal b mindblowing headache im still cycling aspirin acetaminophen ibuprofen 3 tablet every 6 hour none work well continuously c side effect dry mouth itchy nose slight burning sensation urinating merely slight distraction compared diarrhea headache hope started another antibiotic good luck
211925,Lamotrigine,migraine prevention,alleviate migraine manage completely counteract antidepressant convince body pregnant lactation dysmenorrhea morning sickness whole 9 yard best thing say helped intractable hiccup 5 anything else bad experience,2.0,"March 1, 2016",3,migraine prevention alleviate migraine manage completely counteract antidepressant convince body pregnant lactation dysmenorrhea morning sickness whole 9 yard best thing say helped intractable hiccup 5 anything else bad experience
40747,Leuprolide,endometriosis,2912 full hysterectomy uterus cervix removed due fibroid dr found endometriosis everywhere dr put lupron month surgery 2nd shot 42012 got hot flash right first shot really bad night sweat uncomfortable joint muscle achy stiff however mood pretty terrible patience anything feel pretty grumpy time pain lessening still present said rid pain 6 month regimen worth,7.0,"April 27, 2012",33,endometriosis 2912 full hysterectomy uterus cervix removed due fibroid dr found endometriosis everywhere dr put lupron month surgery 2nd shot 42012 got hot flash right first shot really bad night sweat uncomfortable joint muscle achy stiff however mood pretty terrible patience anything feel pretty grumpy time pain lessening still present said rid pain 6 month regimen worth
146842,Alprazolam,anxiety,xanax saved apprehensive taking med broke got bad didnt even want take cover head eye clenched shut fearing every day knew anxiety fear everything sun panic attack would rule day told needed long term anxiety drug tried lexapro ended er side effect horrific dont even want think xanax basically quick fix calm anxiety thing im willing take time broke nightmare living still bout anxiety long xanax hand know ill ok never bad side effect except tired trade worth,10.0,"August 15, 2016",35,anxiety xanax saved apprehensive taking med broke got bad didnt even want take cover head eye clenched shut fearing every day knew anxiety fear everything sun panic attack would rule day told needed long term anxiety drug tried lexapro ended er side effect horrific dont even want think xanax basically quick fix calm anxiety thing im willing take time broke nightmare living still bout anxiety long xanax hand know ill ok never bad side effect except tired trade worth
138218,Ortho Evra,birth control,ive using 4 year never problem never side effect got couple month went back got nausea vomiting ive always sensitive stomach combination thing best switch butt cheek butt cheek week less likely fall sitting,10.0,"August 6, 2009",27,birth control ive using 4 year never problem never side effect got couple month went back got nausea vomiting ive always sensitive stomach combination thing best switch butt cheek butt cheek week less likely fall sitting
23910,Tretinoin,acne,currently approaching 6th week started 05 moved 025 week four though thing clearing week five got another inflammatory breakout use forehead discouraging improvement start red mark started,4.0,"March 25, 2017",4,acne currently approaching 6th week started 05 moved 025 week four though thing clearing week five got another inflammatory breakout use forehead discouraging improvement start red mark started
20110,Macrobid,urinary tract infection,currently day 2 macrobid 2x daily 5 day pharmacist sure emphasize take macrobid food prevent nausea far nausea developed terrible headache must say pain uti gone within two hour taking first dose worth ill sticking one hope headache doesnt worsen,5.0,"July 8, 2016",17,urinary tract infection currently day 2 macrobid 2x daily 5 day pharmacist sure emphasize take macrobid food prevent nausea far nausea developed terrible headache must say pain uti gone within two hour taking first dose worth ill sticking one hope headache doesnt worsen
230144,Glipizide,"diabetes, type 2",ive taking glipizide two week effective lowering blood sugar help post prandial spike work fast sometimes fast forced modify timing quantity meal,8.0,"June 30, 2008",154,"diabetes, type 2 ive taking glipizide two week effective lowering blood sugar help post prandial spike work fast sometimes fast forced modify timing quantity meal"
190273,Ortho Tri-Cyclen Lo,birth control,used birth control year side effect even first started taking nothing changed love regular love work perfectly contraceptive would really recommend birth control girl late teen decide go birth control like 19 really love great birth control,10.0,"October 10, 2014",23,birth control used birth control year side effect even first started taking nothing changed love regular love work perfectly contraceptive would really recommend birth control girl late teen decide go birth control like 19 really love great birth control
146900,Alprazolam,dysautonomia,help anexiety also help relax muscle back broke back 2002 sent home saturday morning 10 15 foot fall breaking 2 3 lower lumbar vertabras lower back given 2 demerol pill whole weekend told go see family dr full time pain management thats canadian health care wouldnt even give perscription get weekend 2 demerol pill taking four 05mg day able cut pain medication almost half fentanyl dilaudid,8.0,"December 8, 2016",2,dysautonomia help anexiety also help relax muscle back broke back 2002 sent home saturday morning 10 15 foot fall breaking 2 3 lower lumbar vertabras lower back given 2 demerol pill whole weekend told go see family dr full time pain management thats canadian health care wouldnt even give perscription get weekend 2 demerol pill taking four 05mg day able cut pain medication almost half fentanyl dilaudid
210362,Linzess,"constipation, chronic",drug drastically improved quality life ive ibsmixed long remember though recently ive trouble chronic constipation linzess allowed regular wellformed bowel movement long im compliant highfiber healthy diet long stay predictable schedule drink plenty water even helped traveling though less effective dont follow regular routine ive never problem diarrhea taking even took higher ibs dose though found abdomen feel less bloated full lower dose linzess far effective treatment ive tried,10.0,"February 17, 2015",11,"constipation, chronic drug drastically improved quality life ive ibsmixed long remember though recently ive trouble chronic constipation linzess allowed regular wellformed bowel movement long im compliant highfiber healthy diet long stay predictable schedule drink plenty water even helped traveling though less effective dont follow regular routine ive never problem diarrhea taking even took higher ibs dose though found abdomen feel less bloated full lower dose linzess far effective treatment ive tried"
100511,Desogestrel / ethinyl estradiol,birth control,apri month love gained weight sex drive started taking pill insurance cover get cost dont know everyone think one pill going give everyone take side effect every person going different side effect pill going react different every woman take pill overall favorite absolutely love pill effective affordable,10.0,"July 16, 2012",6,birth control apri month love gained weight sex drive started taking pill insurance cover get cost dont know everyone think one pill going give everyone take side effect every person going different side effect pill going react different every woman take pill overall favorite absolutely love pill effective affordable
187008,Nature-Throid,"hypothyroidism, after thyroid removal",decade levothyroxine starting feel really unwell tiredness memory lapse hot flash inability cope hot weather sleeping badly verbal diarrhea impulsive behavior mental fog constant pressure made want jump skin got isolated depressed lost creativity felt barely existing changeover smooth problem free two day started eyesight seemed improve drastically though dirty filter removed day 5 felt totally peace mentally physically emotionally like going monochrome full spectrum hd lot energy hot flash mental fog sleeping well ive got life back,10.0,"July 15, 2013",266,"hypothyroidism, after thyroid removal decade levothyroxine starting feel really unwell tiredness memory lapse hot flash inability cope hot weather sleeping badly verbal diarrhea impulsive behavior mental fog constant pressure made want jump skin got isolated depressed lost creativity felt barely existing changeover smooth problem free two day started eyesight seemed improve drastically though dirty filter removed day 5 felt totally peace mentally physically emotionally like going monochrome full spectrum hd lot energy hot flash mental fog sleeping well ive got life back"
167518,Levonorgestrel,birth control,six week baby girl liletta inserted 02012016 insertion painful pap smear vaginal exam im loving far experienced cramping 1 st day since gave 9 started bleeding 7th day post insertion sex 4th day im still bleeding today 0218 sign slowing annoying keep getting spotting n since insertion id take bleeds,9.0,"February 19, 2016",4,birth control six week baby girl liletta inserted 02012016 insertion painful pap smear vaginal exam im loving far experienced cramping 1 st day since gave 9 started bleeding 7th day post insertion sex 4th day im still bleeding today 0218 sign slowing annoying keep getting spotting n since insertion id take bleeds
16326,Ethinyl estradiol / norethindrone,birth control,birth control doesnt make crazy take least 3 month body get used take exact time prevent spotting andor breakthrough bleeding dont gain weight clear acne body became used period painful lighter shorter everyone different key one must take time,9.0,"February 25, 2016",13,birth control birth control doesnt make crazy take least 3 month body get used take exact time prevent spotting andor breakthrough bleeding dont gain weight clear acne body became used period painful lighter shorter everyone different key one must take time
94852,Abilify,borderline personality disorde,well abilify lost 114 pound allergic year rash mood swing took yesterday,8.0,"November 20, 2012",14,borderline personality disorde well abilify lost 114 pound allergic year rash mood swing took yesterday
33792,Junel Fe 1 / 20,polycystic ovary syndrome,2014 diagnosed pcos 14 year old idea expect 2017 switched triprevifem junel fe 120 21 day pack ive 3 month time span ive constantly woken nightmare anxiety attack heart palpation mood literally wall snap everything someone even asks question blow im also constantly nauseous honestly thought pregnant first many doctor home test proved wrong wouldnt suggest ive never problem anxiety definitely going gyno switch soon,3.0,"June 19, 2017",3,polycystic ovary syndrome 2014 diagnosed pcos 14 year old idea expect 2017 switched triprevifem junel fe 120 21 day pack ive 3 month time span ive constantly woken nightmare anxiety attack heart palpation mood literally wall snap everything someone even asks question blow im also constantly nauseous honestly thought pregnant first many doctor home test proved wrong wouldnt suggest ive never problem anxiety definitely going gyno switch soon
112437,Gabapentin,postherpetic neuralgia,prescribed nerve pain following shingle crippling left hand side pain respond standard analgesia two unexpected beneficial side effect occurred long term almost permanent anxiety talking 35 year greatly reduced problem following transient ischamic attack five year prior body idea spacial position left leg via external stimulus agree visual perception viewing leg caused strange spacial readjustment leg shifted four inch left reality stayed still visual acuity also improved everything lit stage lighting,10.0,"September 30, 2016",18,postherpetic neuralgia prescribed nerve pain following shingle crippling left hand side pain respond standard analgesia two unexpected beneficial side effect occurred long term almost permanent anxiety talking 35 year greatly reduced problem following transient ischamic attack five year prior body idea spacial position left leg via external stimulus agree visual perception viewing leg caused strange spacial readjustment leg shifted four inch left reality stayed still visual acuity also improved everything lit stage lighting
179653,Adapalene / benzoyl peroxide,acne,used epiduo 2 year maybe going three 2 month beginning use product skin really breaking terribly retnoid brings everything surface making skin break lot good long run around week 10 skin cleared actually looking pretty good however past summer skin broke terribly like first time used exactly cleared since still breakout although bad cheekbone forehead chin,6.0,"September 26, 2016",2,acne used epiduo 2 year maybe going three 2 month beginning use product skin really breaking terribly retnoid brings everything surface making skin break lot good long run around week 10 skin cleared actually looking pretty good however past summer skin broke terribly like first time used exactly cleared since still breakout although bad cheekbone forehead chin
168644,Vilazodone,depression,ive viibryd 4 year 20mg zombie 4 year bc depression followed two year robot prozac viibryd miracle reading review especially negative one mind boggling go show different everyone took 4 month work partner also prozac viibryd 40mg viibryd right immediate change sexually dysfunction im sensitive ever sexual drive serious side effect year back woke soaked bed sweating went doctor md recommended take viibryd pm month later back fine since,10.0,"February 23, 2017",28,depression ive viibryd 4 year 20mg zombie 4 year bc depression followed two year robot prozac viibryd miracle reading review especially negative one mind boggling go show different everyone took 4 month work partner also prozac viibryd 40mg viibryd right immediate change sexually dysfunction im sensitive ever sexual drive serious side effect year back woke soaked bed sweating went doctor md recommended take viibryd pm month later back fine since
35767,Buprenorphine / naloxone,opiate dependence,insurance would pay suboxone given bunavail suck comparison bunavail gave headache take twice amount fell ok still gave feeling however keep urge using made wish never started taking,3.0,"August 3, 2016",12,opiate dependence insurance would pay suboxone given bunavail suck comparison bunavail gave headache take twice amount fell ok still gave feeling however keep urge using made wish never started taking
212163,Lamotrigine,bipolar disorde,weird manicmixed night put 300mg 150 dropping effexor 300mg 150 went completely nut confused another manicmixed night oddly enough felt exact former 2 week since switched dosage month total feel far normal 7 year seems antidepressant really devil bipolar disorder never truly believed said im fairly certain needed effexor one time dont know id without med actually need dr request approval insurance coverage remember plan g youre poor side work instead eg taking lithium,9.0,"March 30, 2015",6,bipolar disorde weird manicmixed night put 300mg 150 dropping effexor 300mg 150 went completely nut confused another manicmixed night oddly enough felt exact former 2 week since switched dosage month total feel far normal 7 year seems antidepressant really devil bipolar disorder never truly believed said im fairly certain needed effexor one time dont know id without med actually need dr request approval insurance coverage remember plan g youre poor side work instead eg taking lithium
17086,Phillips' Milk of Magnesia,constipation,tried doculace colace never worked work really stopped think least 23 day take almost whole cup 34tbsp doesnt work 1228 hr take another 23 tbsp,10.0,"February 22, 2013",55,constipation tried doculace colace never worked work really stopped think least 23 day take almost whole cup 34tbsp doesnt work 1228 hr take another 23 tbsp
8539,Zolpidem,insomnia,suffer insomnia pretty bad fall asleep easily 1 130 im wide awake worked bakery 8 year recently quit couldnt function like normal person anymore saw several doctor psychiatrist one point another prescribed ambien pretty weird episode medicine would get rearrange cabinet naked middle night husband got upset found great doctor finally diagnosed bipolar ii little ocd depression medicine like prescribed lunesta much better sleep aid finally sleeping full night,4.0,"October 14, 2011",0,insomnia suffer insomnia pretty bad fall asleep easily 1 130 im wide awake worked bakery 8 year recently quit couldnt function like normal person anymore saw several doctor psychiatrist one point another prescribed ambien pretty weird episode medicine would get rearrange cabinet naked middle night husband got upset found great doctor finally diagnosed bipolar ii little ocd depression medicine like prescribed lunesta much better sleep aid finally sleeping full night
95068,Abilify,obsessive compulsive disorde,took abilify ocd symptom though worked far obsessive thought go however gained 50 pound medicine currently abilify withdrawl symptomsand slowly losing weight,7.0,"April 3, 2008",61,obsessive compulsive disorde took abilify ocd symptom though worked far obsessive thought go however gained 50 pound medicine currently abilify withdrawl symptomsand slowly losing weight
8411,Zolpidem,insomnia,real rough time falling asleep doc prescribed ambien worked tremendously 3 day experienced finger joint pain 5th day wrist finger joint paint excessive stop using hope pain go away,9.0,"June 15, 2013",16,insomnia real rough time falling asleep doc prescribed ambien worked tremendously 3 day experienced finger joint pain 5th day wrist finger joint paint excessive stop using hope pain go away
133794,Bactrim DS,urinary tract infection,make sure bactrim actually correct medication uti took bactrim 4 day relief doctor office got result back ua realized bactrim resistant bacteria causing uti taking cipro seems trick side effect bactrim though didnt work,1.0,"November 11, 2013",73,urinary tract infection make sure bactrim actually correct medication uti took bactrim 4 day relief doctor office got result back ua realized bactrim resistant bacteria causing uti taking cipro seems trick side effect bactrim though didnt work
33938,Junel Fe 1 / 20,birth control,im middle fourth month pill month feel much better weight gain first thats okay face lot issue acne suck worst thing first three month spotting two week would week would spot two week light constant annoying kept telling going change make appointment asap hesitated wanted wait give chance reccomend people pill evening right took time,7.0,"February 16, 2015",17,birth control im middle fourth month pill month feel much better weight gain first thats okay face lot issue acne suck worst thing first three month spotting two week would week would spot two week light constant annoying kept telling going change make appointment asap hesitated wanted wait give chance reccomend people pill evening right took time
13463,Amphetamine / dextroamphetamine,adhd,unknowingly suffered adhdpi entire life constantly trouble losing thing paying attention class forgetting conversation unable understand conversation forth life wreck parent constantly told lazy worthless joined military diagnosed adhd adderall first medication put went clumsy loser office hero recently started college far im getting straight medication make cool logical focused took star make forget eat sometimes make tired,9.0,"June 17, 2014",97,adhd unknowingly suffered adhdpi entire life constantly trouble losing thing paying attention class forgetting conversation unable understand conversation forth life wreck parent constantly told lazy worthless joined military diagnosed adhd adderall first medication put went clumsy loser office hero recently started college far im getting straight medication make cool logical focused took star make forget eat sometimes make tired
207803,Suprep Bowel Prep Kit,bowel preparation,well one know big hullabaloo wasis drinking stuffno offense anyone ive worse tap water put med fridge kept drinking water room temp1st dose shot stuff right problem didnt breathe thru nose water 32 oz water petes sake cramping nausea 3 hr done went sleep next amre2nd dose much easier took abt 2 12 hr drank gatorade would never use straw prolongs agony freaked abt taste drink right done get stayed bathroom whole time wmy laptop wouldnt think getting 5 toilet first colonoscopy65y,10.0,"September 9, 2015",14,bowel preparation well one know big hullabaloo wasis drinking stuffno offense anyone ive worse tap water put med fridge kept drinking water room temp1st dose shot stuff right problem didnt breathe thru nose water 32 oz water petes sake cramping nausea 3 hr done went sleep next amre2nd dose much easier took abt 2 12 hr drank gatorade would never use straw prolongs agony freaked abt taste drink right done get stayed bathroom whole time wmy laptop wouldnt think getting 5 toilet first colonoscopy65y
93116,Vortioxetine,major depressive disorde,bipolar brought control depression well sent mania irritable constant feelling anger scary around nausea lasted 2 week could live point started severe gastrointestinal issue 9 month still seeing gi specialist anything even slightly acidic cause immense pain brintellix work thats great start getting stomach cramp run get damn thing literally ruined life,1.0,"April 7, 2016",34,major depressive disorde bipolar brought control depression well sent mania irritable constant feelling anger scary around nausea lasted 2 week could live point started severe gastrointestinal issue 9 month still seeing gi specialist anything even slightly acidic cause immense pain brintellix work thats great start getting stomach cramp run get damn thing literally ruined life
130799,Levonorgestrel,birth control,im 25 year old child mirena absolutely love pill gave acne weight gain mood swing nausea nuvaring gave blood clot mirena dream insertion worse bad period cramp ive never kid didnt hurt bad spotted day biggie ive oily skin acne whole life able control mirena made worse work every day even losing weight mirena made gain weight want positive voice mirena got read message board almost discouraged getting thankfully didnt best birth control ever,10.0,"January 2, 2012",41,birth control im 25 year old child mirena absolutely love pill gave acne weight gain mood swing nausea nuvaring gave blood clot mirena dream insertion worse bad period cramp ive never kid didnt hurt bad spotted day biggie ive oily skin acne whole life able control mirena made worse work every day even losing weight mirena made gain weight want positive voice mirena got read message board almost discouraged getting thankfully didnt best birth control ever
186327,Desvenlafaxine,anxiety,ive pristiq month taking lexapro year far like pristiq much better worked keep anxiety panic attack away lexapro gained 20lbs zero energy wanted eat sleep pristiq ton energy longer want lay bed day dont much appetite im hoping finally lose weight gained lexapro im happy switched pristiq hope continues work,8.0,"November 10, 2011",13,anxiety ive pristiq month taking lexapro year far like pristiq much better worked keep anxiety panic attack away lexapro gained 20lbs zero energy wanted eat sleep pristiq ton energy longer want lay bed day dont much appetite im hoping finally lose weight gained lexapro im happy switched pristiq hope continues work
118901,Zoloft,post traumatic stress disorde,traumatic experience exboyfriend mine three year back ive fine deployed mission iraq seen explosion think thats triggered post traumatic stress disorder hesitant trying medicine said could take still go road far seem helping lighten mood actually want get bed morning worry get irritated paranoid random time like normally would also taking clonazepam helping lot side effect yet hopefully none come,8.0,"October 9, 2011",46,post traumatic stress disorde traumatic experience exboyfriend mine three year back ive fine deployed mission iraq seen explosion think thats triggered post traumatic stress disorder hesitant trying medicine said could take still go road far seem helping lighten mood actually want get bed morning worry get irritated paranoid random time like normally would also taking clonazepam helping lot side effect yet hopefully none come
65920,Propranolol,anxiety,given propranolol heart palpitation ongoing day due anxiety stress given 10mg taken twice day three time day 3 day react well medication day two started feel drunk another world eye slight right unable eat couldnt sleep caused severe panic shaking sweating stopped taking day 4 stopping medication suddenly unsafe people heart issue stop taking due side effect caused horrible withdrawal even 4 day taking even sick stopped day 6 stopping im almost back normal recommend product,1.0,"April 22, 2016",19,anxiety given propranolol heart palpitation ongoing day due anxiety stress given 10mg taken twice day three time day 3 day react well medication day two started feel drunk another world eye slight right unable eat couldnt sleep caused severe panic shaking sweating stopped taking day 4 stopping medication suddenly unsafe people heart issue stop taking due side effect caused horrible withdrawal even 4 day taking even sick stopped day 6 stopping im almost back normal recommend product
200632,Varenicline,smoking cessation,drug work stopped smoking 30 year smoking 2 pack day year february yeah strange dream side effect stopping drug didnt cause discomfort great nicotine like patch stop taking free physical addiction tooi still get little urge last second easily dealt thank chantix finally drug work,10.0,"January 24, 2010",9,smoking cessation drug work stopped smoking 30 year smoking 2 pack day year february yeah strange dream side effect stopping drug didnt cause discomfort great nicotine like patch stop taking free physical addiction tooi still get little urge last second easily dealt thank chantix finally drug work
200465,Varenicline,smoking cessation,started smoking time big deal cool thing try hard could many time year watching father die cancer nothing stronger addiction smoking 2007 christmas gift mother planned surprise quitting smoking tried chantix need 10 day still smoking stopped together 6 day stopped smoking december 20 2007 last time able give mom christmas gift mom died may 9th 2008 happy gift time hope,10.0,"January 7, 2013",45,smoking cessation started smoking time big deal cool thing try hard could many time year watching father die cancer nothing stronger addiction smoking 2007 christmas gift mother planned surprise quitting smoking tried chantix need 10 day still smoking stopped together 6 day stopped smoking december 20 2007 last time able give mom christmas gift mom died may 9th 2008 happy gift time hope
166168,Levonorgestrel,emergency contraception,omg freaking relax know pain work experience period came nov 1319 20th unprotected sex boyfriend know stupid finished inside little freaking sent buy pill took 2 hour later 6 day later bleeding apperently side effect pill bleed 6 day nov 26 dec 1st supposed get period dec 28th never came today 8 day later finally ready take pregnancy test freaking relax girl pill hormone bomb alter cycle,10.0,"January 5, 2017",7,emergency contraception omg freaking relax know pain work experience period came nov 1319 20th unprotected sex boyfriend know stupid finished inside little freaking sent buy pill took 2 hour later 6 day later bleeding apperently side effect pill bleed 6 day nov 26 dec 1st supposed get period dec 28th never came today 8 day later finally ready take pregnancy test freaking relax girl pill hormone bomb alter cycle
189901,Chantix,smoking cessation,smoke free little year used chantix experienced side effect kind manipulated use would take every day helped without cigarette entire week quit chantix medicine really work smoke free well worth temporary side effect,10.0,"August 16, 2008",7,smoking cessation smoke free little year used chantix experienced side effect kind manipulated use would take every day helped without cigarette entire week quit chantix medicine really work smoke free well worth temporary side effect
147239,Alprazolam,anxiety,severe anxiety agoraphobia xanax 34 month started 025mg morning 025mg night 050mg two time day feel great panic life much easy world familiar go anywhere like wing try leave medication future accept situation like feeling living anxious afraid death afraid life live,10.0,"May 25, 2013",128,anxiety severe anxiety agoraphobia xanax 34 month started 025mg morning 025mg night 050mg two time day feel great panic life much easy world familiar go anywhere like wing try leave medication future accept situation like feeling living anxious afraid death afraid life live
4399,Belviq,weight loss,really eat healthy regular basis low carb kind like keto atkins diet lost around 60 pound plateau phase doctor suggested taking medicine first 2 day major headache went away eating working normal routine medicine weight 1 week later learned gained 9 pound doesnt make sense going stop taking loose much without medicine really sad,2.0,"May 5, 2017",5,weight loss really eat healthy regular basis low carb kind like keto atkins diet lost around 60 pound plateau phase doctor suggested taking medicine first 2 day major headache went away eating working normal routine medicine weight 1 week later learned gained 9 pound doesnt make sense going stop taking loose much without medicine really sad
112251,Gabapentin,bipolar disorde,struggled life major depression hypomania diagnosis every addmajor depressive disorder general anxiety disorder ptsd cancer survivor finally highly experienced state pyschiatrist properly identified non specific bi polar rapid cycling ten year prior period tried zoloft lexipro zyprexa ritalin benzos several antipyscotics many illegal substance avail finally met doctor diagnosed bipolar prescribed gabapentin mood stabilizer well sleeping med ambien zoloft anti depressent ever worked regiment almost 3 year fully believe saved life,10.0,"February 7, 2017",45,bipolar disorde struggled life major depression hypomania diagnosis every addmajor depressive disorder general anxiety disorder ptsd cancer survivor finally highly experienced state pyschiatrist properly identified non specific bi polar rapid cycling ten year prior period tried zoloft lexipro zyprexa ritalin benzos several antipyscotics many illegal substance avail finally met doctor diagnosed bipolar prescribed gabapentin mood stabilizer well sleeping med ambien zoloft anti depressent ever worked regiment almost 3 year fully believe saved life
15083,Ethinyl estradiol / norethindrone,birth control,putting piece together today thanks review switched lo loestrin fe 120 generic dont remember problem 2 month ive discolored discharge breakthrough bleeding mild cramp havent period bleeding year microgestin hopefully doctor let go back medicine though lo loestrin fe 120 even close,1.0,"June 4, 2017",2,birth control putting piece together today thanks review switched lo loestrin fe 120 generic dont remember problem 2 month ive discolored discharge breakthrough bleeding mild cramp havent period bleeding year microgestin hopefully doctor let go back medicine though lo loestrin fe 120 even close
112025,Gabapentin,hot flashes,continuous hot flash least one hour day least 5 6 night waking last year required stop estrogen patch breast cancer scare one year ago cold turkey hormone sent hot flash sleeplessness irritability chart gabapentin prescribed immediate success stopping night sweat hot flash took night worked wondersi finally switched ppo insurance plan could choose obgyn previously hmo doctor would provide help relief hormone issue gabapentin stopped hot flash insomnia within 2 day,10.0,"August 25, 2017",23,hot flashes continuous hot flash least one hour day least 5 6 night waking last year required stop estrogen patch breast cancer scare one year ago cold turkey hormone sent hot flash sleeplessness irritability chart gabapentin prescribed immediate success stopping night sweat hot flash took night worked wondersi finally switched ppo insurance plan could choose obgyn previously hmo doctor would provide help relief hormone issue gabapentin stopped hot flash insomnia within 2 day
108323,Bupropion / naltrexone,obesity,dry mouth prompted drink water slight headache insomnia yesterday insomnia every day hair could cause headache wont blame med except dry mouth fine taking empty stomach morning awoke wasnt crazy thinking battle food craving day long willpower weakening get older thought yesterday able work normal day without thinking food fight mind research already knew insurance wouldnt cover signed saving card program 70 pocket,10.0,"July 15, 2015",9,obesity dry mouth prompted drink water slight headache insomnia yesterday insomnia every day hair could cause headache wont blame med except dry mouth fine taking empty stomach morning awoke wasnt crazy thinking battle food craving day long willpower weakening get older thought yesterday able work normal day without thinking food fight mind research already knew insurance wouldnt cover signed saving card program 70 pocket
67381,Provera,amenorrhea,ten day provera emotional boob hurt severely face broke like crazy horrible fatigue two day 10 day taking provera worst period ever entire life change pad tampon every single hour disgusting couldnt even enjoy shower even afterward still bled non stop day pass heavier period get today 6th day 456 heavy hell 56 excruciating cramp many blood clot recommend pill,1.0,"May 1, 2016",26,amenorrhea ten day provera emotional boob hurt severely face broke like crazy horrible fatigue two day 10 day taking provera worst period ever entire life change pad tampon every single hour disgusting couldnt even enjoy shower even afterward still bled non stop day pass heavier period get today 6th day 456 heavy hell 56 excruciating cramp many blood clot recommend pill
125716,Flagyl,bacterial infection,medicine seems effective literally terrible tasting medicine ive ever coating dissolve instantly tongue leaving horrid taste behind upsetting stomach taking effective wish theyd add coating dread taking medicine knot stomach almost time take,5.0,"February 22, 2012",58,bacterial infection medicine seems effective literally terrible tasting medicine ive ever coating dissolve instantly tongue leaving horrid taste behind upsetting stomach taking effective wish theyd add coating dread taking medicine knot stomach almost time take
218451,Amoxicillin / clavulanate,upper respiratory tract infection,used 2 year old bronchitis effective difference seen 2 day used orelox help chest sinus related infection augmentin way go,9.0,"April 15, 2011",54,upper respiratory tract infection used 2 year old bronchitis effective difference seen 2 day used orelox help chest sinus related infection augmentin way go
130822,Levonorgestrel,birth control,got mirena 3 month ago far isnt bad scared get reading review pretty bad one dont pay attention got mirena placed hurt like 30 second really bad cramp hour period since wasnt heavy become daily spotting convenient dont worry taking pill daily highly recommend,9.0,"August 25, 2011",7,birth control got mirena 3 month ago far isnt bad scared get reading review pretty bad one dont pay attention got mirena placed hurt like 30 second really bad cramp hour period since wasnt heavy become daily spotting convenient dont worry taking pill daily highly recommend
42452,Concerta,adhd,9 grade dropped remained cb average compared usual became harder socialise eventually started skipping school 34 day week anxiety problem verge depression age 12 mom last ditch effort put concerta magically fix anything within next 2 year attending school regularly grade got betterfrom asian family grade everything say im much better took 8 month break returned 36 dosage make sick day headache problem sleeping barely eat half meal without force,8.0,"December 3, 2016",13,adhd 9 grade dropped remained cb average compared usual became harder socialise eventually started skipping school 34 day week anxiety problem verge depression age 12 mom last ditch effort put concerta magically fix anything within next 2 year attending school regularly grade got betterfrom asian family grade everything say im much better took 8 month break returned 36 dosage make sick day headache problem sleeping barely eat half meal without force
175923,Levaquin,bronchitis,dosage 500 mg 10 day stopped 2 foot ankle pain swollen knee hand finger stop aching also lower back pain headache almost constant despite tylenol every four hour cough lessened feel overall much weaker,1.0,"December 25, 2009",27,bronchitis dosage 500 mg 10 day stopped 2 foot ankle pain swollen knee hand finger stop aching also lower back pain headache almost constant despite tylenol every four hour cough lessened feel overall much weaker
77845,Moxifloxacin,sinusitis,second day already notice tremendous improvement took first dose yesterday afternoon woke morning could tell ear felt much better neverending sinus headache bad side effect far would bad quit taking finally relief,8.0,"February 16, 2010",17,sinusitis second day already notice tremendous improvement took first dose yesterday afternoon woke morning could tell ear felt much better neverending sinus headache bad side effect far would bad quit taking finally relief
81580,Yaz,menstrual disorders,yaz completely changed life good ive suffered pmdd many year point felt life mood swing cramp migraine bloating terrible anxiety ive taking yaz month experienced first period 3 light day v 7 day 2 extremely heavy day mild cramp still really love yaz also improved sex drive,10.0,"July 6, 2010",10,menstrual disorders yaz completely changed life good ive suffered pmdd many year point felt life mood swing cramp migraine bloating terrible anxiety ive taking yaz month experienced first period 3 light day v 7 day 2 extremely heavy day mild cramp still really love yaz also improved sex drive
79807,Xarelto,atrial fibrillation,xarelto 9 month real adverse effect confusing thing bleed cut bruise bumped asked mfg many time explain one answer inr 1 ask doctor tell dont worry working,10.0,"January 1, 2013",136,atrial fibrillation xarelto 9 month real adverse effect confusing thing bleed cut bruise bumped asked mfg many time explain one answer inr 1 ask doctor tell dont worry working
87271,Latuda,bipolar disorde,honestly sure rate medication relate experience far nausea help sleep better given medication bipolar emotionally shut long time 3 day opened emotion sure good thing bad thing february husband died accidental cocaine overdose emotion felt since died anger feel whelmed grief sure deal,5.0,"July 5, 2012",40,bipolar disorde honestly sure rate medication relate experience far nausea help sleep better given medication bipolar emotionally shut long time 3 day opened emotion sure good thing bad thing february husband died accidental cocaine overdose emotion felt since died anger feel whelmed grief sure deal
192173,Drospirenone / ethinyl estradiol,acne,im actually laila 35 generic version taken time skin get horrible cystic acne jawline general acne face chest back pill absolutely cleared skin point go feel like need makeup maybe scar treated might even need makeup school get heap compliment much better skin look let alone good feel unless acne wouldnt understand something face go away use cleanser mental thing take dont expect instant result,9.0,"April 30, 2016",22,acne im actually laila 35 generic version taken time skin get horrible cystic acne jawline general acne face chest back pill absolutely cleared skin point go feel like need makeup maybe scar treated might even need makeup school get heap compliment much better skin look let alone good feel unless acne wouldnt understand something face go away use cleanser mental thing take dont expect instant result
10315,Sotalol,atrial fibrillation,diagnosed af 16 year ago back betapace aka sotalol newly approved oral use u although around europe medicine since dosage gone low 40 mg 2x day high 120mg 2x day throughout year year af every dose adjusted well controlled last year cardiologist would say one patient know sotalol long told since beginning worst case af induced activity benefit ablation numerous focus happy sotalol might need alternative soon,9.0,"January 25, 2016",50,atrial fibrillation diagnosed af 16 year ago back betapace aka sotalol newly approved oral use u although around europe medicine since dosage gone low 40 mg 2x day high 120mg 2x day throughout year year af every dose adjusted well controlled last year cardiologist would say one patient know sotalol long told since beginning worst case af induced activity benefit ablation numerous focus happy sotalol might need alternative soon
44853,Albuterol / ipratropium,"copd, maintenance",used take combivent aerosol inhaler wonderful decided make non aerosol work first anyone without two hand arthritis wrist issue could even work inhaler thats wrong 2 good hand thank goodness inhaler malfunction time first lot come slowly less less month get med doesnt help like used clog run say empty due waste design flaw hate dont even pay paying hundredsthats messed worth 10,4.0,"November 15, 2017",0,"copd, maintenance used take combivent aerosol inhaler wonderful decided make non aerosol work first anyone without two hand arthritis wrist issue could even work inhaler thats wrong 2 good hand thank goodness inhaler malfunction time first lot come slowly less less month get med doesnt help like used clog run say empty due waste design flaw hate dont even pay paying hundredsthats messed worth 10"
129803,Levonorgestrel,emergency contraception,sex fertile time condom broke freaked took plan b 3036 hour happened super tired day took slept day received bad cramp thought implanting day later started getting nauseous back pain thought pregnant continued almost week got really sick boob hurt awful pain back point terrified 2 day late received period,10.0,"April 18, 2015",37,emergency contraception sex fertile time condom broke freaked took plan b 3036 hour happened super tired day took slept day received bad cramp thought implanting day later started getting nauseous back pain thought pregnant continued almost week got really sick boob hurt awful pain back point terrified 2 day late received period
21691,Guaifenesin / pseudoephedrine,cough and nasal congestion,tend get sinus infection least twice year thing help time musinex however first time taking able sleep decided take one pill every 6 hour instead 2 pill every 12 taking way allows breath still able sleep night miracle worker,8.0,"September 9, 2016",11,cough and nasal congestion tend get sinus infection least twice year thing help time musinex however first time taking able sleep decided take one pill every 6 hour instead 2 pill every 12 taking way allows breath still able sleep night miracle worker
67838,Plan B,emergency contraception,quickie n decided finish well immediately went 2 local pharmacy n bought plan b 1 step pilli took immediately2 week latertook pregnancy test n got world biggest positive small pill 50that 1st time year n half intercourse n last first son honestly believe pill ineffective want u think work n reality would never work alot woman dont know body ovulate fertile ejaculate n u u take pill n dont get preg pill supposed make u think worked buy never effective thank u,1.0,"September 23, 2016",10,emergency contraception quickie n decided finish well immediately went 2 local pharmacy n bought plan b 1 step pilli took immediately2 week latertook pregnancy test n got world biggest positive small pill 50that 1st time year n half intercourse n last first son honestly believe pill ineffective want u think work n reality would never work alot woman dont know body ovulate fertile ejaculate n u u take pill n dont get preg pill supposed make u think worked buy never effective thank u
144101,Etonogestrel,birth control,3 year worked contreceptive affective period 3 year wanted implant taken wait 12 month side effect sweating problem loss sex drive taken felt emotional day period felt human,10.0,"June 29, 2016",6,birth control 3 year worked contreceptive affective period 3 year wanted implant taken wait 12 month side effect sweating problem loss sex drive taken felt emotional day period felt human
21248,Focalin XR,adhd,daughter started taking focalin xr 15mg morning 10mg afternoon medicine seem helping behavior worse ever point handle almost hospitalized second time within 2 week span,2.0,"November 5, 2011",16,adhd daughter started taking focalin xr 15mg morning 10mg afternoon medicine seem helping behavior worse ever point handle almost hospitalized second time within 2 week span
53874,Immune globulin subcutaneous,primary immunodeficiency syndrome,hizentra one month imagine time work within month 2 sinus infection dealing one feel awful would like know long took people start feeling better one doc say 5 infusion another say much longer however energy infection comment helpful,2.0,"November 15, 2013",9,primary immunodeficiency syndrome hizentra one month imagine time work within month 2 sinus infection dealing one feel awful would like know long took people start feeling better one doc say 5 infusion another say much longer however energy infection comment helpful
173021,Clonazepam,bipolar disorde,bipolar 500mg lamictal 1200mg gabapentin prescribed klonopin prescribed take 10 two time day dont need often hysterical angry want hit someone tell happens sometimes take half usually work take whole one much handle dont use time sometimes even week wonderful control moment klonopin much better bipolar use xanax xanax effect,10.0,"April 13, 2013",54,bipolar disorde bipolar 500mg lamictal 1200mg gabapentin prescribed klonopin prescribed take 10 two time day dont need often hysterical angry want hit someone tell happens sometimes take half usually work take whole one much handle dont use time sometimes even week wonderful control moment klonopin much better bipolar use xanax xanax effect
212924,Tizanidine,muscle spasm,taking tizanidine 8 month read medical publication fibromyalgia caused chiari 1 malformation surgery adrenal adenoma excess cortisol bilateral peripheral neuropathy 6 damaged disk hiatal hernia narrow esophagus nervousacid stomach ibs severe pain upper leg muscle tight hamstring leg hadis effectively treated medication rls ehlersdanlos syndrome sublaxity double joint pot vasoconstriction raynaudslike foot see star hand head fluctuation bp tizanadine taken night 2 mg dosage help fall relaxing sleep storybook type dream compliment drug well imo,10.0,"June 14, 2015",68,muscle spasm taking tizanidine 8 month read medical publication fibromyalgia caused chiari 1 malformation surgery adrenal adenoma excess cortisol bilateral peripheral neuropathy 6 damaged disk hiatal hernia narrow esophagus nervousacid stomach ibs severe pain upper leg muscle tight hamstring leg hadis effectively treated medication rls ehlersdanlos syndrome sublaxity double joint pot vasoconstriction raynaudslike foot see star hand head fluctuation bp tizanadine taken night 2 mg dosage help fall relaxing sleep storybook type dream compliment drug well imo
74074,Ethinyl estradiol / norethindrone,birth control,ive birth control pill year half far pregnancy skin clear ive always lucky department hair actually feel thicker weight gain headache period usually 23 day long super light sometimes spot day thats used severe cramp prior getting birth control point prescribed muscle relaxant bad slight cramping day two week period everyones body different side effect pill,10.0,"September 16, 2011",13,birth control ive birth control pill year half far pregnancy skin clear ive always lucky department hair actually feel thicker weight gain headache period usually 23 day long super light sometimes spot day thats used severe cramp prior getting birth control point prescribed muscle relaxant bad slight cramping day two week period everyones body different side effect pill
55123,Bupropion / naltrexone,obesity,soon beginning contrave began feel really wonky couldnt sleep matter tried much wanted quit gave 6 week anyway like many medication thought side effect would pas didnt titrated doctor recommended month half later longer feel wonky still getting 23 hour sleep night son law year working hard change life even active surfer runner skateboarding he lost whole 12 pound worth,1.0,"March 20, 2016",8,obesity soon beginning contrave began feel really wonky couldnt sleep matter tried much wanted quit gave 6 week anyway like many medication thought side effect would pas didnt titrated doctor recommended month half later longer feel wonky still getting 23 hour sleep night son law year working hard change life even active surfer runner skateboarding he lost whole 12 pound worth
141562,Escitalopram,depression,loved lexapro approximately 5 year worked wonder made feel close normal recently past 6 month gone life altering event noticed depression coming back finally broke told doctor thought problem would correct changed pristq slight yawn lexapro sexual side effect less medication ever taken lexapro work work great run course time move,8.0,"May 24, 2013",69,depression loved lexapro approximately 5 year worked wonder made feel close normal recently past 6 month gone life altering event noticed depression coming back finally broke told doctor thought problem would correct changed pristq slight yawn lexapro sexual side effect less medication ever taken lexapro work work great run course time move
121573,Venlafaxine,postpartum depression,helped anxiety point didnt care started taking risk major mood swing full rage started self harming first time decade ive weaned start another medicine,1.0,"April 25, 2015",1,postpartum depression helped anxiety point didnt care started taking risk major mood swing full rage started self harming first time decade ive weaned start another medicine
84434,Ethinyl estradiol / norgestimate,birth control,birth control wonder stomach brand made sick forgot take 2 time throwing middle night pill upset stomach great havent noticed side effect maybe little moody time think thats period also weight change,9.0,"November 23, 2016",1,birth control birth control wonder stomach brand made sick forgot take 2 time throwing middle night pill upset stomach great havent noticed side effect maybe little moody time think thats period also weight change
113848,Amlodipine,high blood pressure,put 5mg dosage friday monday contacting doctor telling could take side effect migraine level headache lightheadedness dizziness racing heart suffer graf disease hypertension medication made worse would recommend,1.0,"November 3, 2017",7,high blood pressure put 5mg dosage friday monday contacting doctor telling could take side effect migraine level headache lightheadedness dizziness racing heart suffer graf disease hypertension medication made worse would recommend
217911,Strattera,adhd,prescribed medicine 40mg twice day read lot information deciding take 40 year old black female struggle many year school decided go back school also tried see difference take notice change ability focus earning 1st degree struggled school probably life strattera could sit study hour distracted went struggling earn c maybe b earning maybe b actually understood studying didnt feel like 34 thing time stopped taking ekg showed irregular heart beat side effect,10.0,"March 12, 2009",172,adhd prescribed medicine 40mg twice day read lot information deciding take 40 year old black female struggle many year school decided go back school also tried see difference take notice change ability focus earning 1st degree struggled school probably life strattera could sit study hour distracted went struggling earn c maybe b earning maybe b actually understood studying didnt feel like 34 thing time stopped taking ekg showed irregular heart beat side effect
7521,Xanax,anxiety,suffer complicated grief ptsd lost child severe mental illness almost six year ago anxiety roof right psychiatrist prescribed ativan nothing really 5 mg compared alprazolam generic xanax even splitting 5 mg pill help stop frantic behavior stuff addictive careful never go prescribed daily dose dont know difficult stop medication ever decide,8.0,"January 8, 2017",30,anxiety suffer complicated grief ptsd lost child severe mental illness almost six year ago anxiety roof right psychiatrist prescribed ativan nothing really 5 mg compared alprazolam generic xanax even splitting 5 mg pill help stop frantic behavior stuff addictive careful never go prescribed daily dose dont know difficult stop medication ever decide
199850,Varenicline,smoking cessation,dont think anything market effective champix get coarse tablet within 2 week cigarette taste vile desire anyway dont think giving get easier nicest tab take well worth using 30 day smoker would say dubious first work tried sort pill really effective,10.0,"January 2, 2017",16,smoking cessation dont think anything market effective champix get coarse tablet within 2 week cigarette taste vile desire anyway dont think giving get easier nicest tab take well worth using 30 day smoker would say dubious first work tried sort pill really effective
27692,Lexapro,generalized anxiety disorde,hi wanted share experience scared death take something may help something brain may need long story short diagnosed gadpanic seven year ago age 19 brother diagnosed severe psychiatric mental illness one changed life well family began full blown nocturnal panic attack depersonalization along extreme anxietypanic tried cbt changing diet meditationyoga journaling deep breathing etc nothing worked nothing helped overcome except lexapro currently rn believe brain need medication please dont scared ashamed need take something help,10.0,"October 8, 2017",65,generalized anxiety disorde hi wanted share experience scared death take something may help something brain may need long story short diagnosed gadpanic seven year ago age 19 brother diagnosed severe psychiatric mental illness one changed life well family began full blown nocturnal panic attack depersonalization along extreme anxietypanic tried cbt changing diet meditationyoga journaling deep breathing etc nothing worked nothing helped overcome except lexapro currently rn believe brain need medication please dont scared ashamed need take something help
181559,Prozac,depression,found prozac greatly helped intend continuing take medicine time drawback ive found even max dosage im still greatly affected illness going supplemented seroquel,8.0,"February 21, 2012",7,depression found prozac greatly helped intend continuing take medicine time drawback ive found even max dosage im still greatly affected illness going supplemented seroquel
113734,Acetaminophen / butalbital / caffeine,headache,lifetime debilitating headache pricey neurologist determined 2 type headache going though perhaps time severe tension headache well heachaches significant migraine component see aura tell way fioricet fundamental frontline treatment tension headache fioricet usually develop severe keep quiet dark room type much frequent without fioricet fully endorse case,10.0,"September 6, 2014",61,headache lifetime debilitating headache pricey neurologist determined 2 type headache going though perhaps time severe tension headache well heachaches significant migraine component see aura tell way fioricet fundamental frontline treatment tension headache fioricet usually develop severe keep quiet dark room type much frequent without fioricet fully endorse case
139141,Phentermine,weight loss,used pill past 9 year say best pill losing weight thing ever worked gain least 6070 pound pregnancy time child massive amount weight lose time take pill go right back size 4 within 45 month exercise tip taking long following always take way breakfasttake first thing morning really want get result dont eat carbs breakfast never go taking one day stopping gain back must wean slowly youll fine,10.0,"October 19, 2008",796,weight loss used pill past 9 year say best pill losing weight thing ever worked gain least 6070 pound pregnancy time child massive amount weight lose time take pill go right back size 4 within 45 month exercise tip taking long following always take way breakfasttake first thing morning really want get result dont eat carbs breakfast never go taking one day stopping gain back must wean slowly youll fine
222683,Topamax,seizure prevention,first started medication ok never told medicine cause memory loss really bad cant remember time took medicine place going life cant remember get please aware,3.0,"June 28, 2016",13,seizure prevention first started medication ok never told medicine cause memory loss really bad cant remember time took medicine place going life cant remember get please aware
184556,Hydroxyzine,allergic urticaria,hydroxyzine worked great allergic reaction fighting allergy 8 year tried everything form benedryl prescription allergy medicine nothing worked except hydroxyzine taking 4 month mild skin irritation since began taking drowsiness affected,10.0,"December 8, 2009",25,allergic urticaria hydroxyzine worked great allergic reaction fighting allergy 8 year tried everything form benedryl prescription allergy medicine nothing worked except hydroxyzine taking 4 month mild skin irritation since began taking drowsiness affected
21346,Zaleplon,insomnia,person turn racing thought night long enough fall asleep person asleep stay asleep need take empty stomach least merely light non fatty meal dinner eat mcdonalds night something like forget take five still fall asleep prescribed falling asleep main issue use need sleep big event next day eat light evening eat big lunch take empty near empty stomach two hour life zero half life take butt bed kick,7.0,"April 14, 2016",11,insomnia person turn racing thought night long enough fall asleep person asleep stay asleep need take empty stomach least merely light non fatty meal dinner eat mcdonalds night something like forget take five still fall asleep prescribed falling asleep main issue use need sleep big event next day eat light evening eat big lunch take empty near empty stomach two hour life zero half life take butt bed kick
183483,Cymbalta,anxiety,started take 30mg week ago many different medicine none work couple day feeling much better drove car hour last night first time 2 year ago got electrocuted 440 started getting worse panic attack could get bed day every medicine make none worked week cymbalta feel like im almost old self turned 25 2year old son thank cymbalta side effect sleep maybe hour tired,10.0,"May 30, 2011",30,anxiety started take 30mg week ago many different medicine none work couple day feeling much better drove car hour last night first time 2 year ago got electrocuted 440 started getting worse panic attack could get bed day every medicine make none worked week cymbalta feel like im almost old self turned 25 2year old son thank cymbalta side effect sleep maybe hour tired
49308,Ethinyl estradiol / levonorgestrel,birth control,birth control make incredibly nauseous miss day work due nausea birth control past realize taking evening best choice help also take food still nauseous feel like morning sickness pregnancy switching pillsenough said,1.0,"March 24, 2016",6,birth control birth control make incredibly nauseous miss day work due nausea birth control past realize taking evening best choice help also take food still nauseous feel like morning sickness pregnancy switching pillsenough said
119906,Losartan,high blood pressure,medication terrible running low grade fever dizzy spell ended er bp spike chest pain 39 stress test done taking 5 day last night er visit took clonodine bp fine daynever take medicine,2.0,"October 2, 2015",47,high blood pressure medication terrible running low grade fever dizzy spell ended er bp spike chest pain 39 stress test done taking 5 day last night er visit took clonodine bp fine daynever take medicine
18582,Alendronate,prevention of osteoporosis,give osteoporosis nothing worst could get take weekly dose today taking alendronate sodium 1 month feel sobad today taking decided read review omg identified never much pain bone joint jaw foot dry mouth sore eye company put product glad everyone posted reaction terrible drug,1.0,"April 7, 2017",19,prevention of osteoporosis give osteoporosis nothing worst could get take weekly dose today taking alendronate sodium 1 month feel sobad today taking decided read review omg identified never much pain bone joint jaw foot dry mouth sore eye company put product glad everyone posted reaction terrible drug
159498,Gabapentin enacarbil,restless legs syndrome,horizant given back sleep take one 600mg tablet dinnertime able rest without crazy leg arm movement ive suffered throughout night year wake feeling fine groggy tired thanks doc,10.0,"July 17, 2017",5,restless legs syndrome horizant given back sleep take one 600mg tablet dinnertime able rest without crazy leg arm movement ive suffered throughout night year wake feeling fine groggy tired thanks doc
101674,Methocarbamol,muscle spasm,started taking medicine feb 2015 fall already sciatica slipped disc med time yet 7 back spasm day methocarbamol 750 mg help even take two im moving three hope help yes family say dont remember alot stuff hope help,1.0,"March 28, 2015",22,muscle spasm started taking medicine feb 2015 fall already sciatica slipped disc med time yet 7 back spasm day methocarbamol 750 mg help even take two im moving three hope help yes family say dont remember alot stuff hope help
82367,Liraglutide,obesity,told lose 44lbs 3 month could ivf ive using victoza 35 week ive lost 14lbs took 06 first 2 day 12 ever since nausea lethargy first 4 day felt great ive working 5 6 day per week feeling strong wanted ask whether victoza sideeffects get second wind today feel terrible rather fatty meal yesterday lunch small portion felt ill almost instantly feeling headachy queasy fuzzy day today also think might fever healthy otherwise dont think anything victoza zero appetite today,9.0,"August 20, 2013",59,obesity told lose 44lbs 3 month could ivf ive using victoza 35 week ive lost 14lbs took 06 first 2 day 12 ever since nausea lethargy first 4 day felt great ive working 5 6 day per week feeling strong wanted ask whether victoza sideeffects get second wind today feel terrible rather fatty meal yesterday lunch small portion felt ill almost instantly feeling headachy queasy fuzzy day today also think might fever healthy otherwise dont think anything victoza zero appetite today
65786,Propranolol,anxiety,late 30 always confident person work construction industry worked way ladder executive role 7 year ago first panic attack prior presenting company fought way developed classic fear symptom moving forward would worry sick anxiety thinking next presentation 2 yr ago prescribed propranolol life changer pounding heart shortness breath take 30mg presentation 10mg stressful meeting need run 5mg morning calm stressful day thought needed change career one point anymore miracle med,10.0,"March 28, 2016",38,anxiety late 30 always confident person work construction industry worked way ladder executive role 7 year ago first panic attack prior presenting company fought way developed classic fear symptom moving forward would worry sick anxiety thinking next presentation 2 yr ago prescribed propranolol life changer pounding heart shortness breath take 30mg presentation 10mg stressful meeting need run 5mg morning calm stressful day thought needed change career one point anymore miracle med
151935,Chantix,smoking cessation,would recommend medication anyone doctor advised side effect really wanted quit smoked 22 year new grandson house side effect constipation something could deal always take medication meal wont feel sick learned first week quit 34 day medication 1 week suggests 12 week treatment knew ready anxiety mood swing insomnia come along nicotine withdrawal medication make much easier tolerate hang first three day worst make week dont turn back good luck,9.0,"October 5, 2011",6,smoking cessation would recommend medication anyone doctor advised side effect really wanted quit smoked 22 year new grandson house side effect constipation something could deal always take medication meal wont feel sick learned first week quit 34 day medication 1 week suggests 12 week treatment knew ready anxiety mood swing insomnia come along nicotine withdrawal medication make much easier tolerate hang first three day worst make week dont turn back good luck
128868,Phentermine,weight loss,last post lost 8lb 25 week starting weight 181lbs currently weigh 168 phentermine 6 week busy summer would usually gain weight however continued lose even though busy schedule make hard work every day currently 13 lb begin increase workout schedule busy anymore hoping lose another 1015lbs within next 8 week maybe,10.0,"July 16, 2014",34,weight loss last post lost 8lb 25 week starting weight 181lbs currently weigh 168 phentermine 6 week busy summer would usually gain weight however continued lose even though busy schedule make hard work every day currently 13 lb begin increase workout schedule busy anymore hoping lose another 1015lbs within next 8 week maybe
55983,Effexor,depression,find drug good dos go depending feeling put weight 225mg told supposed exceed 225mg go back 150mg summer usually go winter month,9.0,"June 4, 2008",27,depression find drug good dos go depending feeling put weight 225mg told supposed exceed 225mg go back 150mg summer usually go winter month
225221,Bupropion,major depressive disorde,bipolar disorder anxiety severe depression ptsd eating disorder 25 year old female ive taking wellbutrin 3 day lexapro ive tried lamictal abilify dont need go doctor put attempting suicide im trying go last option hospitalization ive read many positive comment feel difference already much energy im still sleeping lot migraine horrible thats really nothing new type medication 7th trial medication ive year one worked im trying really hard patient hope happy ending like,8.0,"November 13, 2015",49,major depressive disorde bipolar disorder anxiety severe depression ptsd eating disorder 25 year old female ive taking wellbutrin 3 day lexapro ive tried lamictal abilify dont need go doctor put attempting suicide im trying go last option hospitalization ive read many positive comment feel difference already much energy im still sleeping lot migraine horrible thats really nothing new type medication 7th trial medication ive year one worked im trying really hard patient hope happy ending like
215772,Copper,birth control,got paraguard inserted taiwan met husband im giving one star review got pregnant lucky u right anyways successful form birth control u deal u expat living abroad ultimately pregnancy ended miscarriage pretty common iud removed shitty situation wouldnt recommend iud others asked doctor could happened regularly get checked make sure place said must ultra fertile switched hormonal iud well see work u apparently effective,1.0,"December 5, 2016",3,birth control got paraguard inserted taiwan met husband im giving one star review got pregnant lucky u right anyways successful form birth control u deal u expat living abroad ultimately pregnancy ended miscarriage pretty common iud removed shitty situation wouldnt recommend iud others asked doctor could happened regularly get checked make sure place said must ultra fertile switched hormonal iud well see work u apparently effective
188821,Xeloda,"breast cancer, metastatic",ive xeloda 5 month extreme traveling pain woke 3am right hand felt like someone stabbed knife knife still lasted 3 day next left leg hip joint couldnt walk lot pain moved lasted 4 day next jaw joint painful swelling couldnt bite anythinganother 3 day episode pain horrible go scan two week see tumor marker went could inflammation xeloda causing could xeloda working cancer spreading know soon,6.0,"April 4, 2016",9,"breast cancer, metastatic ive xeloda 5 month extreme traveling pain woke 3am right hand felt like someone stabbed knife knife still lasted 3 day next left leg hip joint couldnt walk lot pain moved lasted 4 day next jaw joint painful swelling couldnt bite anythinganother 3 day episode pain horrible go scan two week see tumor marker went could inflammation xeloda causing could xeloda working cancer spreading know soon"
3963,Seroquel XR,bipolar disorde,really noticed negative difference comparing xr version regular seroquel took longer kick made drowsy work felt like drunk think taking 100200 mg went back regular seroquel 100200 mg put sleep fast made difference stabilizing mood without feeling drowsy function next day,4.0,"June 6, 2016",15,bipolar disorde really noticed negative difference comparing xr version regular seroquel took longer kick made drowsy work felt like drunk think taking 100200 mg went back regular seroquel 100200 mg put sleep fast made difference stabilizing mood without feeling drowsy function next day
123645,Skyla,birth control,iud inserted felt mild cramping spotting couple hour week bad cramp light headed almost everyday since insertion besides cramping skyla job,9.0,"April 7, 2017",0,birth control iud inserted felt mild cramping spotting couple hour week bad cramp light headed almost everyday since insertion besides cramping skyla job
221383,Dextromethorphan,cough,using delsym orange liquid suppresses cough taste way better dayquil robotussin syrup raging diarrhea lack appetite vertigo chill really worth cold reached point cold cough sneeze hard pee get choose pee poo,2.0,"November 22, 2016",1,cough using delsym orange liquid suppresses cough taste way better dayquil robotussin syrup raging diarrhea lack appetite vertigo chill really worth cold reached point cold cough sneeze hard pee get choose pee poo
43870,Acetaminophen / codeine,pain,chronic pain due endometriosis trust pleasant medication help may strong would like im ok something dont want rely pain med daughter however time great overwhelming pain take one ambien im cold upside met pocket deductible free till end year,7.0,"December 7, 2016",5,pain chronic pain due endometriosis trust pleasant medication help may strong would like im ok something dont want rely pain med daughter however time great overwhelming pain take one ambien im cold upside met pocket deductible free till end year
2865,Belbuca,chronic pain,prescribed medication rsd chronic pain ive medication approximately two half week nausea awful vomiting feeling seasick 24 hour day recalled pain management doctor explain side effect told would stay full 30 day recall day later get prescribed pill nausea two dos still vomited second day nausea medication bellvue co hopefully today better time dissolving film dissolve completely almost 75 patch taken far left looked like small piece gum either stuck teeth side inside cheek,1.0,"March 31, 2016",19,chronic pain prescribed medication rsd chronic pain ive medication approximately two half week nausea awful vomiting feeling seasick 24 hour day recalled pain management doctor explain side effect told would stay full 30 day recall day later get prescribed pill nausea two dos still vomited second day nausea medication bellvue co hopefully today better time dissolving film dissolve completely almost 75 patch taken far left looked like small piece gum either stuck teeth side inside cheek
206875,Duac,acne,product working pretty well right exception one old bump cleared face arm really well happy far,7.0,"August 24, 2009",6,acne product working pretty well right exception one old bump cleared face arm really well happy far
3719,Fioricet,headache,old medication hope never removed grandfather used take wasnt prescription father took take kill headache one dose within 20 minute sometimes may get sleepy take effect also believe happens due possibility hadnt slept well particular headache came first started taking fioricet feel light nausea dizziness get side effect also sure eat couple saltine take many medication headache possitive result get fiorocet,10.0,"January 9, 2016",37,headache old medication hope never removed grandfather used take wasnt prescription father took take kill headache one dose within 20 minute sometimes may get sleepy take effect also believe happens due possibility hadnt slept well particular headache came first started taking fioricet feel light nausea dizziness get side effect also sure eat couple saltine take many medication headache possitive result get fiorocet
152971,Doxycycline,acne,impressed doxycycline taking four month skin never looked worse ive sunburnt terribly gained weight bruised everywhere face pimple im coming day cant wait,3.0,"December 19, 2016",7,acne impressed doxycycline taking four month skin never looked worse ive sunburnt terribly gained weight bruised everywhere face pimple im coming day cant wait
129096,Levonorgestrel,emergency contraception,many like reading review read ur position thought life im teen thought pregnant happened oct 19 boyfriend sex 2 time 2 time ever obviously still nervous sadly condom broke didnt notice fact think broke 5 min stopped although didnt cum short time stopped super scared freaking bc im birth control could go soon 5 hr later took pill cramp back pain side effect pill worked got period today time best day ever work wait,10.0,"November 2, 2015",30,emergency contraception many like reading review read ur position thought life im teen thought pregnant happened oct 19 boyfriend sex 2 time 2 time ever obviously still nervous sadly condom broke didnt notice fact think broke 5 min stopped although didnt cum short time stopped super scared freaking bc im birth control could go soon 5 hr later took pill cramp back pain side effect pill worked got period today time best day ever work wait
31985,Miconazole,vaginal yeast infection,bad yeast infection day mom recommended inserted one day night treatment hit 100x pain itchiness cry dig going try different one,1.0,"June 6, 2015",13,vaginal yeast infection bad yeast infection day mom recommended inserted one day night treatment hit 100x pain itchiness cry dig going try different one
179443,Olanzapine,bipolar disorde,drug really helped depression irregular mood also helped stop restless leg syndrome however used quite slim 108 lb im getting chubby im afraid look scale also severe night sweat im 30 year old sudden ive passing gas frequently drug despite sideeffects wonderful ive able start working several month unemployment,8.0,"May 16, 2010",9,bipolar disorde drug really helped depression irregular mood also helped stop restless leg syndrome however used quite slim 108 lb im getting chubby im afraid look scale also severe night sweat im 30 year old sudden ive passing gas frequently drug despite sideeffects wonderful ive able start working several month unemployment
41591,Clonidine,opiate withdrawal,oxycodone 10 mg year 72 hour clean started taking clonidine first hour took 2 mg every 5 hour first 48 hour dropped back 1mg every 6 hour zero withdrawal symptom still problem sleeping downside make weak barely walk would take weak nasty withdrawal symptom day 61 year old hooked various opiate back 80 went many detox unit never easier 72 hour time would recommend anyone,8.0,"July 31, 2017",40,opiate withdrawal oxycodone 10 mg year 72 hour clean started taking clonidine first hour took 2 mg every 5 hour first 48 hour dropped back 1mg every 6 hour zero withdrawal symptom still problem sleeping downside make weak barely walk would take weak nasty withdrawal symptom day 61 year old hooked various opiate back 80 went many detox unit never easier 72 hour time would recommend anyone
126761,Dilaudid,chronic pain,severe chronic abdominal pain medication control pain dilaudid first given dilaudid iv hospital reaction morphine amazing less minute pain essentially gone iv dilaudid opinion greatest medicine ever invented take 4 mg tablet six time day pain keep pain 4 opposed 9 10 without really sensitive stomach dont get nauseated like pain med,9.0,"September 26, 2012",132,chronic pain severe chronic abdominal pain medication control pain dilaudid first given dilaudid iv hospital reaction morphine amazing less minute pain essentially gone iv dilaudid opinion greatest medicine ever invented take 4 mg tablet six time day pain keep pain 4 opposed 9 10 without really sensitive stomach dont get nauseated like pain med
207498,Suprep Bowel Prep Kit,bowel preparation,suprep work well read prior user comment started also helped monday friday exam started eating easier digest food drinking sport drink electrolyte thursday morning 2am started food routine alternating chicken broth cooked boiled fresh chicken carrot celery onion pepper purchased broth propel sugar free jello refrigerated grocery section lemonice bar green tea lemon juice honey didnt trouble drinking suprep directly try distract minor household task taking sip used cetophil tissue wipe added ointment neededtried rest dos,9.0,"February 6, 2017",18,bowel preparation suprep work well read prior user comment started also helped monday friday exam started eating easier digest food drinking sport drink electrolyte thursday morning 2am started food routine alternating chicken broth cooked boiled fresh chicken carrot celery onion pepper purchased broth propel sugar free jello refrigerated grocery section lemonice bar green tea lemon juice honey didnt trouble drinking suprep directly try distract minor household task taking sip used cetophil tissue wipe added ointment neededtried rest dos
2980,Alavert,urticaria,taking medication 10 year due multiple allergy take night cause drowsiness although personally found problem,10.0,"February 27, 2013",26,urticaria taking medication 10 year due multiple allergy take night cause drowsiness although personally found problem
14806,Ethinyl estradiol / norethindrone,birth control,first made sex drive nonexistent taking feel back normal better honestly made happier energized pharmacy tried change another one today way sister also take one love recommend friend looking start lower dose pill review negative remember lady everybody different reaction different doesnt work change one,8.0,"October 6, 2017",4,birth control first made sex drive nonexistent taking feel back normal better honestly made happier energized pharmacy tried change another one today way sister also take one love recommend friend looking start lower dose pill review negative remember lady everybody different reaction different doesnt work change one
47259,Creatine,not listed / othe,creatine recommended increase muscle tone female 51 118 lb took 100mg daily quickly developed horrible body odor described smelling like cleaned aquarium unfortunately could smell odor everybody able smell anonymous complaint gym finally good friend determined cause creatiine,1.0,"July 19, 2014",3,not listed / othe creatine recommended increase muscle tone female 51 118 lb took 100mg daily quickly developed horrible body odor described smelling like cleaned aquarium unfortunately could smell odor everybody able smell anonymous complaint gym finally good friend determined cause creatiine
127239,Disulfiram,alcohol dependence,used four week two year ago scaremongered side effect hospital counsellor still couldnt control drinking getting seriously dangerous state started back last saturday today day 6 pub lunch coffee felt need drink although felt craving trouble sleeping headache nothing untoward hope stay sober lot longer,10.0,"February 23, 2012",81,alcohol dependence used four week two year ago scaremongered side effect hospital counsellor still couldnt control drinking getting seriously dangerous state started back last saturday today day 6 pub lunch coffee felt need drink although felt craving trouble sleeping headache nothing untoward hope stay sober lot longer
117646,Nortriptyline,pain,taking nortriptline little month found helped several area life suffering headache 10 year due nerve trauma wisdom tooth extraction every medication sun usually strong narcotic several time real result also suffered chronic depression anxiety panic attack happened see doctor asked would willing try cant hurt thought grateful suggestion stopped taking narcotic anxietydepression medicine currently 50mg going start 60mg side effect dry mouth,10.0,"March 26, 2014",181,pain taking nortriptline little month found helped several area life suffering headache 10 year due nerve trauma wisdom tooth extraction every medication sun usually strong narcotic several time real result also suffered chronic depression anxiety panic attack happened see doctor asked would willing try cant hurt thought grateful suggestion stopped taking narcotic anxietydepression medicine currently 50mg going start 60mg side effect dry mouth
143182,Etonogestrel,birth control,everyone know scared implanon dont know ive mine year half ive best experience gotten pregnant,10.0,"April 13, 2017",5,birth control everyone know scared implanon dont know ive mine year half ive best experience gotten pregnant
229748,Ketamine,pain,taken oral ketamine 17 day miracle drug neuropathic pain started 10 mg daily 25 mg cap compounded pharmacy side effect wet mouth excessive salivation dizziness body adjusted quickly feeling two beer slight intoxication mild anxiety reward 3 point drop neuropathic pain level worth feel old arthritic pain much stronger 8 crp specific pain 45 oral metabolizes norketamine hydro norketamine 5 time stronger ketamine iv dosing high level get first pas metabolism level higher mg 15 mg going 20 mg ok doctor recommend patient severe nerve pain,10.0,"January 20, 2016",18,pain taken oral ketamine 17 day miracle drug neuropathic pain started 10 mg daily 25 mg cap compounded pharmacy side effect wet mouth excessive salivation dizziness body adjusted quickly feeling two beer slight intoxication mild anxiety reward 3 point drop neuropathic pain level worth feel old arthritic pain much stronger 8 crp specific pain 45 oral metabolizes norketamine hydro norketamine 5 time stronger ketamine iv dosing high level get first pas metabolism level higher mg 15 mg going 20 mg ok doctor recommend patient severe nerve pain
162121,Benzoyl peroxide,acne,daughter using past 10 day chestback acne fantastic easy apply 90 acne gone thing concern chest area red skin seems dried would highly recommend medicine,9.0,"May 14, 2010",25,acne daughter using past 10 day chestback acne fantastic easy apply 90 acne gone thing concern chest area red skin seems dried would highly recommend medicine
28756,Lexapro,depression,ive 10mg lexapro couple week feel much capable keeping check tough situation second time lexapro first year ago ultimately became failed marriage happily remarried supportive woman gad time though wife causing stress good thing think medicine working much effectively brings point unless change thing life life change,9.0,"August 18, 2010",47,depression ive 10mg lexapro couple week feel much capable keeping check tough situation second time lexapro first year ago ultimately became failed marriage happily remarried supportive woman gad time though wife causing stress good thing think medicine working much effectively brings point unless change thing life life change
64551,Sertraline,depression,started medicine 2 month ago recently past week experiencing strange dream dont know caused medication one im called buspirone,3.0,"March 14, 2016",4,depression started medicine 2 month ago recently past week experiencing strange dream dont know caused medication one im called buspirone
72610,Tramadol,ibromyalgia,rheumatologist started ultram week ago also take zoloft diagnosed fibromyalgia approximately 10 year ago tried several medicine rheumatologist concerned long term use tylenol advil kidney liver said would easier body helped lot much energy much reduced pain help go work regularly life family miss dose really moody weepy everyone know havent like far,10.0,"May 12, 2010",74,ibromyalgia rheumatologist started ultram week ago also take zoloft diagnosed fibromyalgia approximately 10 year ago tried several medicine rheumatologist concerned long term use tylenol advil kidney liver said would easier body helped lot much energy much reduced pain help go work regularly life family miss dose really moody weepy everyone know havent like far
217263,Clarithromycin,pneumonia,ive 500mg twice day pnumonia twice beforefeeling much better day 2 although energy level still pretty lowside effect grumblingpainful stomach ache horrible taste mouth plus go dizzy time forget thing,8.0,"July 3, 2016",14,pneumonia ive 500mg twice day pnumonia twice beforefeeling much better day 2 although energy level still pretty lowside effect grumblingpainful stomach ache horrible taste mouth plus go dizzy time forget thing
49994,Gabapentin,alcohol withdrawal,went gabapentin alcoholism troubled 10 year nothing including alcoholic anonymous barely worked read anecdotal information helped alcoholism went 600mg twice daily first thing helped take 1200mg twice daily find work great afterwards read study journal american medicine gabapentin alcohol dependance 2014 confirmed work well many people craving binge drinking medicine studied confirm work well site obvious help lot people struggling alcoholism along bipolar disorder call gabapentin happy pill also take away anxiety,10.0,"February 6, 2016",70,alcohol withdrawal went gabapentin alcoholism troubled 10 year nothing including alcoholic anonymous barely worked read anecdotal information helped alcoholism went 600mg twice daily first thing helped take 1200mg twice daily find work great afterwards read study journal american medicine gabapentin alcohol dependance 2014 confirmed work well many people craving binge drinking medicine studied confirm work well site obvious help lot people struggling alcoholism along bipolar disorder call gabapentin happy pill also take away anxiety
189900,Chantix,smoking cessation,pack day smoker 30 year copd using oxygen night exertionufffd used chantix 6 month per pulmonary doctor smoke free 1 year october longer use oxygen able give 7 month smoking never felt better life 52 wish known chantix long ago tried quit many time husband smokenicotine free nausea bothersome lasted 4 month well worth bother sickness,10.0,"August 30, 2008",26,smoking cessation pack day smoker 30 year copd using oxygen night exertionufffd used chantix 6 month per pulmonary doctor smoke free 1 year october longer use oxygen able give 7 month smoking never felt better life 52 wish known chantix long ago tried quit many time husband smokenicotine free nausea bothersome lasted 4 month well worth bother sickness
151515,Chantix,smoking cessation,im retired professional firefighter paramedic whole career smoked tried quit several time knew smoking bad health even paramedic school teacher would talking bad smoking id constantly looking clock waiting break could go smoke would run medical call people copd emphysema id vow going quit usual couldnt would go fire call fire first thing would light cigarette ongoing thing year year retiring heard new thing called chantix went doctor prescription amazing craving went away quit,10.0,"December 12, 2015",25,smoking cessation im retired professional firefighter paramedic whole career smoked tried quit several time knew smoking bad health even paramedic school teacher would talking bad smoking id constantly looking clock waiting break could go smoke would run medical call people copd emphysema id vow going quit usual couldnt would go fire call fire first thing would light cigarette ongoing thing year year retiring heard new thing called chantix went doctor prescription amazing craving went away quit
17433,Ethinyl estradiol / etonogestrel,birth control,past year ive tried 7 different birth control pill patchesyou name ive ive never true issue weight gain bc prone yeast infection got almost every week switching ring havent fantastic id definitely recommend,10.0,"March 8, 2017",5,birth control past year ive tried 7 different birth control pill patchesyou name ive ive never true issue weight gain bc prone yeast infection got almost every week switching ring havent fantastic id definitely recommend
197367,Paroxetine,anxiety and stress,within week two taking low dose paxil experienced constant migraine never problem headache extreme fatigue constipation doctor switched zoloft month paxil feel much better,4.0,"March 21, 2011",11,anxiety and stress within week two taking low dose paxil experienced constant migraine never problem headache extreme fatigue constipation doctor switched zoloft month paxil feel much better
8214,Zolpidem,insomnia,simple started taking ambien 2001 prescribed orthopedic md swollen knee could sleep found habit forming psychological professor trouble shutting mind night used daily since time never needed 510mg never sleep walk best work morning office class gone day run somewhere refill doesnt worry accept going sleep well dont sleep dont get anxious 71 still teaching full time sign weak bone earth would want stop taking ambien,10.0,"February 19, 2016",75,insomnia simple started taking ambien 2001 prescribed orthopedic md swollen knee could sleep found habit forming psychological professor trouble shutting mind night used daily since time never needed 510mg never sleep walk best work morning office class gone day run somewhere refill doesnt worry accept going sleep well dont sleep dont get anxious 71 still teaching full time sign weak bone earth would want stop taking ambien
166078,Levonorgestrel,birth control,getting skyla put felt like worst pain life insertion beyond painful gyno told cough screamed started cry pain excruciating im assuming like childbirth cramping afterward bad boyfriend carry door got iud period cramp bad couldnt stand since insertion ive cramp cramp gone period regular problem however dreading 3 month get replaced would best option long term,9.0,"January 24, 2017",1,birth control getting skyla put felt like worst pain life insertion beyond painful gyno told cough screamed started cry pain excruciating im assuming like childbirth cramping afterward bad boyfriend carry door got iud period cramp bad couldnt stand since insertion ive cramp cramp gone period regular problem however dreading 3 month get replaced would best option long term
199003,Depo-Provera,birth control,1 week receiving shot night sweat 5 day severe anxiety body ache like flu one month ive depo night sweat r away im pain foot knee odd thing instead gaining weight im loosing weight lost far 12 lb almost month im starting spot due period always come 20th getting cramping yet im going get depo night sweat n leg pain n minor headache dont like im 31 yr old mom 4 husband say since shot noticed n mood im certain depo causing craziness bodyim getting blood work done c thyroid,2.0,"April 18, 2016",6,birth control 1 week receiving shot night sweat 5 day severe anxiety body ache like flu one month ive depo night sweat r away im pain foot knee odd thing instead gaining weight im loosing weight lost far 12 lb almost month im starting spot due period always come 20th getting cramping yet im going get depo night sweat n leg pain n minor headache dont like im 31 yr old mom 4 husband say since shot noticed n mood im certain depo causing craziness bodyim getting blood work done c thyroid
30606,Miconazole,vaginal yeast infection,3rd time using monistat 3 day ovule past 5 year swear always clear yi relatively inexpensive easier going doctor get prescription reading review blow mind little ive never experienced extreme burning honest barely know insert right go bed absolutely discomfort issue maybe try prevent burning ovule dissolve absorb lying instead dripping sitting walking around youve experienced burning worried burning would say go doctor get oral diflucan vouch isnt always painful,10.0,"October 19, 2017",2,vaginal yeast infection 3rd time using monistat 3 day ovule past 5 year swear always clear yi relatively inexpensive easier going doctor get prescription reading review blow mind little ive never experienced extreme burning honest barely know insert right go bed absolutely discomfort issue maybe try prevent burning ovule dissolve absorb lying instead dripping sitting walking around youve experienced burning worried burning would say go doctor get oral diflucan vouch isnt always painful
114843,Diazepam,anxiety,given 5mg take 3 time per day anxiety ’ use day really necessary initially worked well extreme fatigue problem within week taking 2 3 day per week 2 dos sometimes would half tablet time helping hour two stopped taking withdrawal anxiety horrendous gp ’ even talk withdrawal ’ recommending anyone apart emergency use angry prescribed easily advice given,4.0,"October 12, 2017",1,anxiety given 5mg take 3 time per day anxiety ’ use day really necessary initially worked well extreme fatigue problem within week taking 2 3 day per week 2 dos sometimes would half tablet time helping hour two stopped taking withdrawal anxiety horrendous gp ’ even talk withdrawal ’ recommending anyone apart emergency use angry prescribed easily advice given
32227,Wellbutrin XL,adhd,wellbutrin several month amazed helped add anxiety sense overwhelmed much better however im finding 4 5 hour taking pill severe dizziness point feel like im going pas limb go completely limp almost feel like outofbody experience im losing control good since today happened driving car lasted hour subsided happened many time day ive desk working see doctor thursday hoping wont go side effect stimulant ive tried horrible,10.0,"January 18, 2010",64,adhd wellbutrin several month amazed helped add anxiety sense overwhelmed much better however im finding 4 5 hour taking pill severe dizziness point feel like im going pas limb go completely limp almost feel like outofbody experience im losing control good since today happened driving car lasted hour subsided happened many time day ive desk working see doctor thursday hoping wont go side effect stimulant ive tried horrible
148844,Mirena,abnormal uterine bleeding,awful inserted 3rd child november 2015 use birth control irregular period removed 3 month bled spotted every single day post removal still bleeding 2 week straight used device conjunction pill try stop spottingbleeding work im 4th pack still bled lowest dose pill iud string also poked partner sex ob shortened time removal tried several time take iud string short mirena taken market non stop bleeding worse ive ever experienced get iud,1.0,"February 10, 2016",6,abnormal uterine bleeding awful inserted 3rd child november 2015 use birth control irregular period removed 3 month bled spotted every single day post removal still bleeding 2 week straight used device conjunction pill try stop spottingbleeding work im 4th pack still bled lowest dose pill iud string also poked partner sex ob shortened time removal tried several time take iud string short mirena taken market non stop bleeding worse ive ever experienced get iud
20303,Macrobid,prevention of bladder infection,frequently reoccurring urinary tract infection almost 15 year tried pretty much every trick prevent avail discussing obgyn decided prescribe macrobid taken day intercourse order prevent getting another infection went getting infection every couple month one year half ran medication side effect change urine color effect quality life beyond wearing panty liner precautionary measure day taken ensure underwear get stained taking prevent infection life changer,10.0,"March 4, 2013",98,prevention of bladder infection frequently reoccurring urinary tract infection almost 15 year tried pretty much every trick prevent avail discussing obgyn decided prescribe macrobid taken day intercourse order prevent getting another infection went getting infection every couple month one year half ran medication side effect change urine color effect quality life beyond wearing panty liner precautionary measure day taken ensure underwear get stained taking prevent infection life changer
106138,Atomoxetine,adhd,im 32 year old male symptom adhd life chose treat type medication available seemed take something away personality finally reached point wife begged something started strattera due doctor recommendation ive 40mg 2 month notice major difference desire get floor play kid whereas seemed tedious boring find im tired end dayweek thought distracted noise seem adhd im still new drug thing could change really happy,10.0,"November 27, 2008",299,adhd im 32 year old male symptom adhd life chose treat type medication available seemed take something away personality finally reached point wife begged something started strattera due doctor recommendation ive 40mg 2 month notice major difference desire get floor play kid whereas seemed tedious boring find im tired end dayweek thought distracted noise seem adhd im still new drug thing could change really happy
194944,Levetiracetam,seizures,fiance using keppra xr since january 09 far seizure experienced side effect medication work would recommend keppra xr,10.0,"June 16, 2009",9,seizures fiance using keppra xr since january 09 far seizure experienced side effect medication work would recommend keppra xr
192570,Drospirenone / ethinyl estradiol,birth control,used beyaz great moved country switch yazmin company first month moody gotten big fight boyfriend smallest thing past couple week ive using pill dont feel like constantly going depression already depressionprone pill sure getting job done dont physical issue really though headache may pill overall moodiness isnt working im going switching yaz next month,5.0,"February 27, 2012",5,birth control used beyaz great moved country switch yazmin company first month moody gotten big fight boyfriend smallest thing past couple week ive using pill dont feel like constantly going depression already depressionprone pill sure getting job done dont physical issue really though headache may pill overall moodiness isnt working im going switching yaz next month
110002,Nexplanon,birth control,ive nexplanon implant week far fave started clearing used really irregular period rarely got like every 2 month actually lost weight week ive intense mood swing far worth,8.0,"May 23, 2016",5,birth control ive nexplanon implant week far fave started clearing used really irregular period rarely got like every 2 month actually lost weight week ive intense mood swing far worth
142568,Levonorgestrel,birth control,giving 9 insertion excruciating pain ive ever experienced took 1000 mg tylenol e guess took long kick turned blue almost passed insertion day insertion annoying cramp day later feel much better woke feeling brand new ive tried pill nexplanon hated since low dosage hormone sure going 20x better two give update several week,9.0,"August 25, 2017",2,birth control giving 9 insertion excruciating pain ive ever experienced took 1000 mg tylenol e guess took long kick turned blue almost passed insertion day insertion annoying cramp day later feel much better woke feeling brand new ive tried pill nexplanon hated since low dosage hormone sure going 20x better two give update several week
176632,Lorazepam,anxiety,medicine wonderful severe anxiety problem leaving literally sleepless finally went back doctor getting 8 hour sleep 3 day lunesta sleep aid kept added lorazepam said take sleeping pill night im like baby without care world still feel effect next day im much relaxed thing would definitely recommend someone similar problem mine,10.0,"July 25, 2010",17,anxiety medicine wonderful severe anxiety problem leaving literally sleepless finally went back doctor getting 8 hour sleep 3 day lunesta sleep aid kept added lorazepam said take sleeping pill night im like baby without care world still feel effect next day im much relaxed thing would definitely recommend someone similar problem mine
12243,Loryna,birth control,four different birth control pill past 2 year got loryna 6 month ago absolutely love completely gotten rid acne period 2 day little almost cramp pain used terrible breakout nothing would prevent help birth control cleared skin 2nd week maybe zit 3 4 usually go away right away birth control pill gave mood swing messed period made acne worse glad switched new doctor put best,10.0,"March 7, 2016",5,birth control four different birth control pill past 2 year got loryna 6 month ago absolutely love completely gotten rid acne period 2 day little almost cramp pain used terrible breakout nothing would prevent help birth control cleared skin 2nd week maybe zit 3 4 usually go away right away birth control pill gave mood swing messed period made acne worse glad switched new doctor put best
9217,Lo Loestrin Fe,birth control,obgyn prescribed took month little less made moody break acne hadnt broken year decrease sex drive completely stopped taking,1.0,"May 23, 2017",2,birth control obgyn prescribed took month little less made moody break acne hadnt broken year decrease sex drive completely stopped taking
207635,Suprep Bowel Prep Kit,bowel preparation,endo colonoscopy 730am started taking first dose 730pm night took hour work bit cramping nausea kept working next three hour took second dose 2am almost vomited due nausea spent next couple hour restroom second dose work faster hardest part taking much water within hour like worried actual procedure sedation dont procedure easiest good luck everyone,8.0,"June 24, 2016",18,bowel preparation endo colonoscopy 730am started taking first dose 730pm night took hour work bit cramping nausea kept working next three hour took second dose 2am almost vomited due nausea spent next couple hour restroom second dose work faster hardest part taking much water within hour like worried actual procedure sedation dont procedure easiest good luck everyone
42744,Xulane,birth control,occasionally got rash nothing time hydrocortisone couldnt fix loved convenience didnt love time fell reapply tape back overall work great busy lifestyle grad student mom 2,8.0,"December 14, 2016",6,birth control occasionally got rash nothing time hydrocortisone couldnt fix loved convenience didnt love time fell reapply tape back overall work great busy lifestyle grad student mom 2
224226,Levothyroxine,underactive thyroid,doctor switched monday tirosint levoxoryn 4 day going back old medicine thank god still cant go another day headache fatigue muscle ache ive levoxyl thinthroid levoxoryn none made feel horrible planning dealing see symptom would go away work payroll tax medicine making work real slow making error dont luxury wait see time feel better dont understand ive reading pure form levoxyl he giving dosage wouldnt mean he medicating havent talked yet,1.0,"January 26, 2017",20,underactive thyroid doctor switched monday tirosint levoxoryn 4 day going back old medicine thank god still cant go another day headache fatigue muscle ache ive levoxyl thinthroid levoxoryn none made feel horrible planning dealing see symptom would go away work payroll tax medicine making work real slow making error dont luxury wait see time feel better dont understand ive reading pure form levoxyl he giving dosage wouldnt mean he medicating havent talked yet
66377,Valacyclovir,cold sores,every time tell someone miracle medicine hoping listening get cold sore essential never leave home without use combination llysine reduce symptom getting one right feel tingle hoping still work sometimes getting rid nasty tough one 23 year old cold sore absolutely obsess try hide face much possible hope someday find cure virus meantime valtrex amazing,9.0,"October 11, 2013",65,cold sores every time tell someone miracle medicine hoping listening get cold sore essential never leave home without use combination llysine reduce symptom getting one right feel tingle hoping still work sometimes getting rid nasty tough one 23 year old cold sore absolutely obsess try hide face much possible hope someday find cure virus meantime valtrex amazing
30154,Klonopin,anxiety,high anxiety make blood pressure go sky high pulse rate stay 120 dr prescribed klonopin valium time try bring blood pressure pulse rate breathing bad hated small waiting room biggest fear driving since put 1mg 4 time day feel amazing sometimes still dont want leave house though,10.0,"July 15, 2013",53,anxiety high anxiety make blood pressure go sky high pulse rate stay 120 dr prescribed klonopin valium time try bring blood pressure pulse rate breathing bad hated small waiting room biggest fear driving since put 1mg 4 time day feel amazing sometimes still dont want leave house though
4964,Orsythia,birth control,ive pill year two year one better birth control ive taken recent time two month gap packet due insurance symptom kinda scary ive lost weight since taking pill ive bleeding 2 week ive feeling anxious depressed almost im sure blame pill maybe new job first time ive felt way also loss appetite ill start eating meal lose interest halfway get nauseous feeling ive also noticed energy level low,7.0,"November 3, 2016",4,birth control ive pill year two year one better birth control ive taken recent time two month gap packet due insurance symptom kinda scary ive lost weight since taking pill ive bleeding 2 week ive feeling anxious depressed almost im sure blame pill maybe new job first time ive felt way also loss appetite ill start eating meal lose interest halfway get nauseous feeling ive also noticed energy level low
129929,Levonorgestrel,birth control,mirena inserted daughter hurt first day nothing never felt ever since never period nice never problem besides could never feel string doctor told cut short accident,10.0,"March 9, 2015",11,birth control mirena inserted daughter hurt first day nothing never felt ever since never period nice never problem besides could never feel string doctor told cut short accident
70514,Flomax,benign prostatic hyperplasia,almost immediately elimination night time visit bathroomand accompanying discomfort urination could sleep night morning painful urination first night 2 encountered mild side effect including mild nasal congestion minor headache occasional back pain side effect went away day certainly manageable sensed immediate significant flow improvement strange 2 week flow improving erection issue except reduced semen care occassional multiple orgasmsa great trade give try month unless side effect unbearablebut keep mind post blog usually attract folk issue rather dont,9.0,"July 14, 2016",89,benign prostatic hyperplasia almost immediately elimination night time visit bathroomand accompanying discomfort urination could sleep night morning painful urination first night 2 encountered mild side effect including mild nasal congestion minor headache occasional back pain side effect went away day certainly manageable sensed immediate significant flow improvement strange 2 week flow improving erection issue except reduced semen care occassional multiple orgasmsa great trade give try month unless side effect unbearablebut keep mind post blog usually attract folk issue rather dont
52814,Elmiron,interstitial cystitis,taking elmiron 400 mg since august diagnosed interstitial cystitis cheat ic diet still mild moderate flareups painfree time able fairly normal sex life lost hair found digestive sideeffects mild,8.0,"March 4, 2015",45,interstitial cystitis taking elmiron 400 mg since august diagnosed interstitial cystitis cheat ic diet still mild moderate flareups painfree time able fairly normal sex life lost hair found digestive sideeffects mild
35285,Levofloxacin,bacterial infection,took levaquin 4 day week amoxicillin help spider bite last night broke severe hive taking steroid counteract antibiotic reason rated spider bite much better,7.0,"November 29, 2013",13,bacterial infection took levaquin 4 day week amoxicillin help spider bite last night broke severe hive taking steroid counteract antibiotic reason rated spider bite much better
142729,Levonorgestrel,birth control,ive kyleena 5 month insertion felt like pinch mild period cramping returned home serious cramping id ever rest night took three 200mg ibuprofen beforehand bled lightly 45 week insertion since ive one period lasted 7 day pretty light majority time compared birth control pill con cramping worse period longer recently breaking consistently pro pill take every night 5 year birth control sex drive returned,7.0,"August 6, 2017",3,birth control ive kyleena 5 month insertion felt like pinch mild period cramping returned home serious cramping id ever rest night took three 200mg ibuprofen beforehand bled lightly 45 week insertion since ive one period lasted 7 day pretty light majority time compared birth control pill con cramping worse period longer recently breaking consistently pro pill take every night 5 year birth control sex drive returned
204983,Toradol,pain,suffer specific family migraine light sound smell dont bother always baseline headache spike found topamax help keep baseline normal ill get spike ill take treximet 2 dose series often need second even rarer taking second im still suffering happen 1 2 year ill call let doctor office know need toradol shot say come within 15mins getting im 95 100 better side effect get injection right bicep im right handed use lot life saver else fails,10.0,"October 10, 2013",25,pain suffer specific family migraine light sound smell dont bother always baseline headache spike found topamax help keep baseline normal ill get spike ill take treximet 2 dose series often need second even rarer taking second im still suffering happen 1 2 year ill call let doctor office know need toradol shot say come within 15mins getting im 95 100 better side effect get injection right bicep im right handed use lot life saver else fails
22953,Apremilast,plaque psoriasis,otezla worked please read entire review little bit stomach ache week hour twice daily dos given drug several month due financial state first free otezla stopped 3 month psoriasis came back little worse talked dermatologist got reinstated skin slowly cleared like gratis product ended 3 month skin worse ever guess looking answer taking product success stopping trigger worse condition started really appreciate company giving product paying 123300 pmo impossible afford,7.0,"May 20, 2017",17,plaque psoriasis otezla worked please read entire review little bit stomach ache week hour twice daily dos given drug several month due financial state first free otezla stopped 3 month psoriasis came back little worse talked dermatologist got reinstated skin slowly cleared like gratis product ended 3 month skin worse ever guess looking answer taking product success stopping trigger worse condition started really appreciate company giving product paying 123300 pmo impossible afford
149210,Mirena,birth control,inserted 20 almost two year ago kid pain insertion ok hurt week rarely cramp got since get pretty bad one every month broke horribly julydec got better took medication skin acne left dark purple mark cheek barely disappearing gained 1015 lb year body dropped back weighed prevented pregnancy sex drive year mark thing going great four month ago apparently uterus lining getting worn iud bleeding month straight every day,5.0,"June 3, 2015",9,birth control inserted 20 almost two year ago kid pain insertion ok hurt week rarely cramp got since get pretty bad one every month broke horribly julydec got better took medication skin acne left dark purple mark cheek barely disappearing gained 1015 lb year body dropped back weighed prevented pregnancy sex drive year mark thing going great four month ago apparently uterus lining getting worn iud bleeding month straight every day
228533,Geodon,bipolar disorde,sleeping several day mayor maniac crisis ever started geodon magical side effect couldnt recommend better course experience,9.0,"October 10, 2014",45,bipolar disorde sleeping several day mayor maniac crisis ever started geodon magical side effect couldnt recommend better course experience
66314,Valacyclovir,cold sores,im 19 year old ive getting cold sore ever since youngthe last year would get couple time month sometimes new one every week ive taking valtrex month ive gotten 3 time major improvement sick immune system went away day im happy,9.0,"June 6, 2017",7,cold sores im 19 year old ive getting cold sore ever since youngthe last year would get couple time month sometimes new one every week ive taking valtrex month ive gotten 3 time major improvement sick immune system went away day im happy
185244,Harvoni,hepatitis c,12 week negative hcvhad tried 5 clinicals none worked retest 3 month side effect 2 transplant liver kidney hcv affect kidney per dr ccf,10.0,"April 26, 2015",45,hepatitis c 12 week negative hcvhad tried 5 clinicals none worked retest 3 month side effect 2 transplant liver kidney hcv affect kidney per dr ccf
92685,Ondansetron,nausea/vomiting,received medicine stadol migraine within 20 min vomited hadnt vomited migraine nausea got bed hour threw trying water sothis didnt work id never either two drug,3.0,"January 13, 2010",7,nausea/vomiting received medicine stadol migraine within 20 min vomited hadnt vomited migraine nausea got bed hour threw trying water sothis didnt work id never either two drug
42278,Dexilant,erosive esophagitis,given sample within two day symptom cleared insurance denied giving full prescription go protonix within 3 day taking protonix symptom returned dont know difference dexilant work,10.0,"August 22, 2010",70,erosive esophagitis given sample within two day symptom cleared insurance denied giving full prescription go protonix within 3 day taking protonix symptom returned dont know difference dexilant work
9840,Lo Loestrin Fe,birth control,taking 3 week light period whole time everyone else saying opposite im wondering result different maybe need give time body get use,7.0,"February 12, 2015",50,birth control taking 3 week light period whole time everyone else saying opposite im wondering result different maybe need give time body get use
181950,Glucose,dietary supplementation,diabetic insulin shot feel nauseous dizzy hypoglycemia condition blood sugar level drop always carry glucorade energy shot pocket chew tablet feel dizzy tab precise quantity glucose give almost instant relief glucorade life saviour,10.0,"September 15, 2016",1,dietary supplementation diabetic insulin shot feel nauseous dizzy hypoglycemia condition blood sugar level drop always carry glucorade energy shot pocket chew tablet feel dizzy tab precise quantity glucose give almost instant relief glucorade life saviour
203651,Benzocaine,cold sores,tried kind treatment cold sore none seem help found retre gel product great stop growth lesion start benzocaine help numb area help keep finger tongue away sore love product tell others ill use always,10.0,"January 18, 2011",23,cold sores tried kind treatment cold sore none seem help found retre gel product great stop growth lesion start benzocaine help numb area help keep finger tongue away sore love product tell others ill use always
186310,Desvenlafaxine,bipolar disorde,started taking medication conjunction lamictal although recommended psychiatrist suggested first day cut 50mg tablet half glad reading everyones review stomach upset headache decided might beneficial took 25mg 6 day upped 50mg slight stomach upset mild headache take soon wake later 8am seen huge reduction appetite binge eater sweet started 53 weighed 150lbs three week lost 4lbs stable since remember,9.0,"March 23, 2012",21,bipolar disorde started taking medication conjunction lamictal although recommended psychiatrist suggested first day cut 50mg tablet half glad reading everyones review stomach upset headache decided might beneficial took 25mg 6 day upped 50mg slight stomach upset mild headache take soon wake later 8am seen huge reduction appetite binge eater sweet started 53 weighed 150lbs three week lost 4lbs stable since remember
170242,Quetiapine,schizophrenia,using quetiapine 200 mg every day two year experienced headache one year consumption twice week guess migraine increase sweating keep taking medicine,6.0,"October 19, 2016",0,schizophrenia using quetiapine 200 mg every day two year experienced headache one year consumption twice week guess migraine increase sweating keep taking medicine
174213,Versed,light anesthesia,tried tell anesthesiologist sleep spends use oxygen nite 3 included major vein sensitive drug wouldnt listen put immediately oxygen blood level went 51 stayed level 5 minute would died hospital changed grrecords conguiding gasping air eye dr said jerked side side violently lucky time procedure didnt matter anes searched sheet blanket meter told eye dr come finger,1.0,"November 1, 2013",10,light anesthesia tried tell anesthesiologist sleep spends use oxygen nite 3 included major vein sensitive drug wouldnt listen put immediately oxygen blood level went 51 stayed level 5 minute would died hospital changed grrecords conguiding gasping air eye dr said jerked side side violently lucky time procedure didnt matter anes searched sheet blanket meter told eye dr come finger
23029,Methadone,opiate withdrawal,addicted opiate year eventually prescribed methadone relieve chronic pain combined opiate addiction medicine saved life allows keep steady job good mother girl good partner boyfriend longer wake every morning nagging thought ok going make another day there lot people tell negative information drug dont listen recommend talking doctor clinic staying narcotic anonymous,10.0,"June 13, 2017",10,opiate withdrawal addicted opiate year eventually prescribed methadone relieve chronic pain combined opiate addiction medicine saved life allows keep steady job good mother girl good partner boyfriend longer wake every morning nagging thought ok going make another day there lot people tell negative information drug dont listen recommend talking doctor clinic staying narcotic anonymous
194604,Gilenya,multiple sclerosis,gilenya little year wonderful medicine started medication second exacerbation less 7 month relapse past year enjoyed life little interference multiple sclerosis wanted share yes expensive worth know future hold u know gilenya currently medicine choice dread future embracing come thank novartis,9.0,"November 28, 2013",94,multiple sclerosis gilenya little year wonderful medicine started medication second exacerbation less 7 month relapse past year enjoyed life little interference multiple sclerosis wanted share yes expensive worth know future hold u know gilenya currently medicine choice dread future embracing come thank novartis
126755,Dilaudid,pain,went er sciatic nerve pressure severe pain multiple muscle spasm would stop 2 injection dilaudid effect tried 4mg oral dilaudid tablet effect likely effective pain reliever indicates pain reliever work doctor dont believe almost always refuse take pain medication think need studied,1.0,"February 20, 2009",23,pain went er sciatic nerve pressure severe pain multiple muscle spasm would stop 2 injection dilaudid effect tried 4mg oral dilaudid tablet effect likely effective pain reliever indicates pain reliever work doctor dont believe almost always refuse take pain medication think need studied
37913,Reclipsen,birth control,second month using reclipsen problem first month weight gain headache etc month far gained around 23 lb get anywhere close gaining 10 lb done birth control sure keep trying weigh choice ive pregnant least 4 time gained 23 lb pregnancy think gaining pound birth control okay compared gaining pregnant miscarriage yes im okay side effect reclipsen far,7.0,"August 1, 2013",2,birth control second month using reclipsen problem first month weight gain headache etc month far gained around 23 lb get anywhere close gaining 10 lb done birth control sure keep trying weigh choice ive pregnant least 4 time gained 23 lb pregnancy think gaining pound birth control okay compared gaining pregnant miscarriage yes im okay side effect reclipsen far
88774,Fluticasone,rhinitis,far tell allergic every particle air nose itchy sniffly 247 regardless season location stronger attack seemingly random get cold nose close entirely spend week completely miserable ive never felt noticeable improvement antihistamine cant generally taken longterm anyway ive doctor suggest regular nasal irrigation rinse particle ever made sniffly got prescription fluticasone month ago like magic could breathe easily almost immediately got better side effect finally felt think normal people must feel,10.0,"April 4, 2014",21,rhinitis far tell allergic every particle air nose itchy sniffly 247 regardless season location stronger attack seemingly random get cold nose close entirely spend week completely miserable ive never felt noticeable improvement antihistamine cant generally taken longterm anyway ive doctor suggest regular nasal irrigation rinse particle ever made sniffly got prescription fluticasone month ago like magic could breathe easily almost immediately got better side effect finally felt think normal people must feel
113841,Amlodipine,high blood pressure,worst drug ive ever tried reason im scared new drug made tachycardia heart speeding 200 bpm sitting still worse got walk around anything like couldnt sleep felt like running would stay bed propped laying made worse occasionally drift got exhausted couldnt stay awake anymore sleep lasted hour time woke doc increased dose saying needed get used made worse made take giving try three hellish week,1.0,"December 9, 2017",0,high blood pressure worst drug ive ever tried reason im scared new drug made tachycardia heart speeding 200 bpm sitting still worse got walk around anything like couldnt sleep felt like running would stay bed propped laying made worse occasionally drift got exhausted couldnt stay awake anymore sleep lasted hour time woke doc increased dose saying needed get used made worse made take giving try three hellish week
119579,Testosterone,"hypogonadism, male",using androgel 312 week 4 pump day 5 gram finding difference mood sex drive libido weight anything applying recommended yet nothing know number yet doctor prescribed phone hoping would help turn corner,3.0,"May 9, 2011",24,"hypogonadism, male using androgel 312 week 4 pump day 5 gram finding difference mood sex drive libido weight anything applying recommended yet nothing know number yet doctor prescribed phone hoping would help turn corner"
83352,Paxil,depression,significant weight gain experienced within month tough libido extremely difficult get medication without significant side effect dizziness nausea taking celexa would definitely go back purpose banishing depressionanxiety worked without side effect make want stop taking day,4.0,"March 10, 2009",26,depression significant weight gain experienced within month tough libido extremely difficult get medication without significant side effect dizziness nausea taking celexa would definitely go back purpose banishing depressionanxiety worked without side effect make want stop taking day
107655,Implanon,birth control,nervous trying implanon reading negative review went ahead anyway procedure quick practically painless spot tender day ugly bruise tiny scar nothing terrible started implanon period lasted 212 week give take bleeding minimal wasnt bad period ended nothing havent period since device inserted december 09 havent noticed weight gain unusual moodiness best birth control ive ever advice give chance dont let negative review scare away,10.0,"July 19, 2010",730,birth control nervous trying implanon reading negative review went ahead anyway procedure quick practically painless spot tender day ugly bruise tiny scar nothing terrible started implanon period lasted 212 week give take bleeding minimal wasnt bad period ended nothing havent period since device inserted december 09 havent noticed weight gain unusual moodiness best birth control ive ever advice give chance dont let negative review scare away
34784,Minocycline,acne,100mg monocycline week half shown improvement acne 8 year annoying never go away finally went dermatologist begged accutane started procedure said need another month get test done since acne improved ton dont even think need accutane,8.0,"August 20, 2014",15,acne 100mg monocycline week half shown improvement acne 8 year annoying never go away finally went dermatologist begged accutane started procedure said need another month get test done since acne improved ton dont even think need accutane
132391,Ativan,anxiety,overall great medication keep small dose use really need first try fighting anxiety doesnt help use medicine drug proven become addicting hope helped like suffering panic attack anxiety,9.0,"November 10, 2009",98,anxiety overall great medication keep small dose use really need first try fighting anxiety doesnt help use medicine drug proven become addicting hope helped like suffering panic attack anxiety
192556,Drospirenone / ethinyl estradiol,acne,reviewed january 2013 taking 9 month still like keep unpregnant acne significantly improved time break couple time around period cycle side effect enjoy monthly yeast infection tiredness eat yogurt take azo pill yeast infection seems work need figure tiredness need nap everyday sex drive also dropped feel mellowed little dont get irritated thing chill like,9.0,"August 1, 2013",8,acne reviewed january 2013 taking 9 month still like keep unpregnant acne significantly improved time break couple time around period cycle side effect enjoy monthly yeast infection tiredness eat yogurt take azo pill yeast infection seems work need figure tiredness need nap everyday sex drive also dropped feel mellowed little dont get irritated thing chill like
51728,Aczone,acne,wanted share aczone really work suffered acne since teen yr till im 39 yr young tried everything went dr 09052013 gave sample try im love awesome really see result zit pimple ever want call starting go away good luck search solution skin really work,10.0,"September 24, 2013",18,acne wanted share aczone really work suffered acne since teen yr till im 39 yr young tried everything went dr 09052013 gave sample try im love awesome really see result zit pimple ever want call starting go away good luck search solution skin really work
61735,Citalopram,depression,celexa prescribed mom 83 horrible side effect shaking hand tight shouldersmuscles lack appetite nausea tiredness trouble sleeping switched prozac side effect discontinuing extreme agitation weepiness enjoys knitting reading could either shaking hand,1.0,"February 26, 2016",4,depression celexa prescribed mom 83 horrible side effect shaking hand tight shouldersmuscles lack appetite nausea tiredness trouble sleeping switched prozac side effect discontinuing extreme agitation weepiness enjoys knitting reading could either shaking hand
37117,Vyvanse,adhd,son 6 started concerta seemed fine minimal complaint downside everyday around 7 would mood silly thing would pas vayvanse hulk mode would describe snappy angry became aggressive kid school never issue hated stuffed im beginning realize finding right med going huge task,1.0,"March 19, 2017",14,adhd son 6 started concerta seemed fine minimal complaint downside everyday around 7 would mood silly thing would pas vayvanse hulk mode would describe snappy angry became aggressive kid school never issue hated stuffed im beginning realize finding right med going huge task
31346,Miconazole,vaginal yeast infection,got generic 3 day pack external cream cant afford doc came looking find long bc going get 4 5 hr sleep never found answer saw review choice 1st wasnt bad 6 min severe itching wondered could safely scratch inside applicator didnt sorely tempted wasnt much pain maybe bc caught mine early reason fell asleep bc id awake long otherwise way could im hoping tomorrow better try come back post since real choice taking,3.0,"August 10, 2016",1,vaginal yeast infection got generic 3 day pack external cream cant afford doc came looking find long bc going get 4 5 hr sleep never found answer saw review choice 1st wasnt bad 6 min severe itching wondered could safely scratch inside applicator didnt sorely tempted wasnt much pain maybe bc caught mine early reason fell asleep bc id awake long otherwise way could im hoping tomorrow better try come back post since real choice taking
64071,Sertraline,social anxiety disorde,began taking zoloft march 2015 testing lexapro prozac samdd improved still lot trouble socializing suicidal thought decided quit taking also switched online schooling around jan 2016 noticed getting worse finally decided go back medication started 25mg change slowly began increasing current dose 100mg combined 515mg buspirone previously 25mg xanax worst ive ever nearly every side effect even suicidal thought panic attack thinking leaving home around people definitely switching something else soon,2.0,"April 4, 2017",11,social anxiety disorde began taking zoloft march 2015 testing lexapro prozac samdd improved still lot trouble socializing suicidal thought decided quit taking also switched online schooling around jan 2016 noticed getting worse finally decided go back medication started 25mg change slowly began increasing current dose 100mg combined 515mg buspirone previously 25mg xanax worst ive ever nearly every side effect even suicidal thought panic attack thinking leaving home around people definitely switching something else soon
38819,Esomeprazole,gerd,using nexium many year abdominal pain lot wind constant diarrhea loperamide control strict carbohydrate dairy caffeine diet working time june 2009,5.0,"June 1, 2009",17,gerd using nexium many year abdominal pain lot wind constant diarrhea loperamide control strict carbohydrate dairy caffeine diet working time june 2009
83771,Ethinyl estradiol / norgestimate,acne,broke pill 4 month straight acne way worse started birth control pill got acne horribly first week starting birth control would get least two pimple day cheek jaw pimple really big would hurt badly pimple went left face horrible acne scar ive trying clear past month pimple would clear around placebo pill week monthly cycle face beautiful clear month trisprintec skin cleared tremendously back confident,1.0,"December 1, 2017",0,acne broke pill 4 month straight acne way worse started birth control pill got acne horribly first week starting birth control would get least two pimple day cheek jaw pimple really big would hurt badly pimple went left face horrible acne scar ive trying clear past month pimple would clear around placebo pill week monthly cycle face beautiful clear month trisprintec skin cleared tremendously back confident
18129,Ethinyl estradiol / etonogestrel,birth control,using nuvaring almost year noticed 5 month ago side effect itchy redness swelling discharge severely uncomfortable vaginally changed soap gone doctor cream everything go away really think ring bit depressed sure ring going ask doctor change mirena longer take side effect,4.0,"October 15, 2011",1,birth control using nuvaring almost year noticed 5 month ago side effect itchy redness swelling discharge severely uncomfortable vaginally changed soap gone doctor cream everything go away really think ring bit depressed sure ring going ask doctor change mirena longer take side effect
19971,Macrobid,urinary tract infection,avoid medication cost although may cause side effect one many unlucky one experienced terrible problem never problem antibiotic except sulfa drug medication left nauseated vomiting dealing chill hour shaking hard couldnt move terrible headache havent taken dose 12 hour doctor suggestion headache going away took 8 hour shaking stop one point bad thought going go er two dos well worse sulfa reaction,1.0,"May 26, 2017",8,urinary tract infection avoid medication cost although may cause side effect one many unlucky one experienced terrible problem never problem antibiotic except sulfa drug medication left nauseated vomiting dealing chill hour shaking hard couldnt move terrible headache havent taken dose 12 hour doctor suggestion headache going away took 8 hour shaking stop one point bad thought going go er two dos well worse sulfa reaction
51416,Azithromycin,bronchitis,im completely 5 dos better far second time taking time day 2 really bad stomach cramp thought related illness got next day taking zithromax knew medicine researched online recommended eat yogurt take acidophilus pill zpack ran got helped tremendously,7.0,"December 1, 2011",15,bronchitis im completely 5 dos better far second time taking time day 2 really bad stomach cramp thought related illness got next day taking zithromax knew medicine researched online recommended eat yogurt take acidophilus pill zpack ran got helped tremendously
232118,Itraconazole,histoplasmosis,itraconazole literally saved life life threatening case pulmonary histoplasmosis disseminating liver thankfully infectious disease doctor caught time started pulsating dose itraconazole hospital stayed maintenance dose 100 mg 2 year got zero side effect bit tired worth highly recommend drug histo patient,10.0,"October 18, 2016",3,histoplasmosis itraconazole literally saved life life threatening case pulmonary histoplasmosis disseminating liver thankfully infectious disease doctor caught time started pulsating dose itraconazole hospital stayed maintenance dose 100 mg 2 year got zero side effect bit tired worth highly recommend drug histo patient
27016,Ultram,pain,ultram50 relieved neck pain arthritis made much alert removing fog pain instead drowsy side effect mentioned literature however switched generic tramadol experienced severe itching,10.0,"January 4, 2011",24,pain ultram50 relieved neck pain arthritis made much alert removing fog pain instead drowsy side effect mentioned literature however switched generic tramadol experienced severe itching
115943,Divalproex sodium,migraine prevention,migraine 20 year frequency increased 1520 migraine month would go away imitrex amerge would finally went see neurologist migraine specialist tried several medicine work recently prescribed divalproex sodium 500 mg one migraine 4 week gained 5 lb life without almost daily terrible pain worth possible related weight gain life changing,10.0,"October 18, 2012",12,migraine prevention migraine 20 year frequency increased 1520 migraine month would go away imitrex amerge would finally went see neurologist migraine specialist tried several medicine work recently prescribed divalproex sodium 500 mg one migraine 4 week gained 5 lb life without almost daily terrible pain worth possible related weight gain life changing
70166,Triumeq,hiv infection,started taking triumeq almost two year diagnosis gave drug 910 ive never taken another started medicine month sick immunity loss viral load rising cd4 falling fast due lifestyle choice getting medicine hard decision one would make time id sooner within time undetectable immunity doubled dr told wouldnt work quick pleasantly surprised number year still undetectable 9 month pregnant healthy baby boy would recommend drug anyone hiv offered doctor side effect include upset stomach,9.0,"September 1, 2016",17,hiv infection started taking triumeq almost two year diagnosis gave drug 910 ive never taken another started medicine month sick immunity loss viral load rising cd4 falling fast due lifestyle choice getting medicine hard decision one would make time id sooner within time undetectable immunity doubled dr told wouldnt work quick pleasantly surprised number year still undetectable 9 month pregnant healthy baby boy would recommend drug anyone hiv offered doctor side effect include upset stomach
186589,Desvenlafaxine,anxiety,given medication test sort abusive relationship issue blood pressure sky high doctor gave blood pressure medication gave pristiq mean calming seeing would help lower blood pressure say within first week taking medicine new person helped lot people even notice new happier call happy pill people really see happy energy level much better really good product ran sample asking doctor prescribe permanently,10.0,"December 22, 2009",34,anxiety given medication test sort abusive relationship issue blood pressure sky high doctor gave blood pressure medication gave pristiq mean calming seeing would help lower blood pressure say within first week taking medicine new person helped lot people even notice new happier call happy pill people really see happy energy level much better really good product ran sample asking doctor prescribe permanently
27758,Lexapro,depression,ive zoloft sertraline past lexapro find equally effective real difference side effect insomnia dry mouth yawningjaw clenching first couple week unpleasant transient anxiety level started improve couple week didnt notice major improvement mood 68 week took 3 month reach full effect definitely helped intend stay long term also tried valdoxan agomelatine past absolutely nothing went backwards ssri seem work better,8.0,"June 23, 2017",17,depression ive zoloft sertraline past lexapro find equally effective real difference side effect insomnia dry mouth yawningjaw clenching first couple week unpleasant transient anxiety level started improve couple week didnt notice major improvement mood 68 week took 3 month reach full effect definitely helped intend stay long term also tried valdoxan agomelatine past absolutely nothing went backwards ssri seem work better
16285,Ethinyl estradiol / norethindrone,menstrual disorders,take birth control severe menstrual cramp job cramp light period however extremely emotional drowsy time didnt feel like didnt want around anyone littlest thing pissed soon period felt different thats knew could take also got bad acne may due stress knowing feeling like took one month feel like taking please talk physician told mine mentioned drug known make patient depressed,10.0,"April 21, 2016",1,menstrual disorders take birth control severe menstrual cramp job cramp light period however extremely emotional drowsy time didnt feel like didnt want around anyone littlest thing pissed soon period felt different thats knew could take also got bad acne may due stress knowing feeling like took one month feel like taking please talk physician told mine mentioned drug known make patient depressed
228064,Etonogestrel,birth control,best birth control done pill depo yaz got implanon may 14 2008 still get period every month craziness sex drive increased actually scheduled get next month insurance,10.0,"April 2, 2011",0,birth control best birth control done pill depo yaz got implanon may 14 2008 still get period every month craziness sex drive increased actually scheduled get next month insurance
130937,Levonorgestrel,birth control,mirena 6 month im 20 year old never pregnant insertion painfulnothing like ever felt stomach thought maybe giving birth feel seriously considered child couple day got inserted lower right pelvic area hurt lot localized pain sharp gave 6 month body get used result pain lower right area never went away experienced depressing thought loss motivation sex drive upside didnt gain weight end got mirena removed 2 day ago,3.0,"December 29, 2010",6,birth control mirena 6 month im 20 year old never pregnant insertion painfulnothing like ever felt stomach thought maybe giving birth feel seriously considered child couple day got inserted lower right pelvic area hurt lot localized pain sharp gave 6 month body get used result pain lower right area never went away experienced depressing thought loss motivation sex drive upside didnt gain weight end got mirena removed 2 day ago
152625,Lortab,pain,lortab god send 6 major abdominal surgery 7 month last one july 08 still lot pain take 1 x 5500 every morning 1 late afternoon take edge also wind house cleaning,10.0,"May 24, 2009",28,pain lortab god send 6 major abdominal surgery 7 month last one july 08 still lot pain take 1 x 5500 every morning 1 late afternoon take edge also wind house cleaning
186471,Desvenlafaxine,depression,im 30 yr old male zoloft 5 year gained 40lbs couldnt ejaculate cymbalta nasty side effect couple month psych doctor let try pristiq loved hadhave awful anxiety panic attack depression anxiety depression medicine worked quick im 7th month 50mg day last week seemed dwindle little sure depression anxiety started coming back doctor upped dosage 100mg day im hoping wont let say pristiq best 3 antidepressantsanxiety medicine tried thanks good luck,9.0,"December 6, 2010",12,depression im 30 yr old male zoloft 5 year gained 40lbs couldnt ejaculate cymbalta nasty side effect couple month psych doctor let try pristiq loved hadhave awful anxiety panic attack depression anxiety depression medicine worked quick im 7th month 50mg day last week seemed dwindle little sure depression anxiety started coming back doctor upped dosage 100mg day im hoping wont let say pristiq best 3 antidepressantsanxiety medicine tried thanks good luck
227507,Etonogestrel,birth control,implanon inserted second child almost 3 year absolutely love ive maybe 7 short period 3 year yes give headache occasionally another child would actually wanting get another one little moody relax time help lot experienced decreased sex drive thing hubby fortunate would recommend anyone better birth control thats opinion ive tried almost every kind think give 10,10.0,"November 28, 2012",2,birth control implanon inserted second child almost 3 year absolutely love ive maybe 7 short period 3 year yes give headache occasionally another child would actually wanting get another one little moody relax time help lot experienced decreased sex drive thing hubby fortunate would recommend anyone better birth control thats opinion ive tried almost every kind think give 10
94564,Abilify,bipolar disorde,taking abilify 10 year cause weight gain sexual desire swing manic depression continue manageable take drug cold turkey caused many psychotic episode disappeared returning drug sad movie longer make cry dont great joyful moment either dont stagger around like lithium hypertension always controlled 3 antihypertensive im taking,7.0,"September 21, 2016",9,bipolar disorde taking abilify 10 year cause weight gain sexual desire swing manic depression continue manageable take drug cold turkey caused many psychotic episode disappeared returning drug sad movie longer make cry dont great joyful moment either dont stagger around like lithium hypertension always controlled 3 antihypertensive im taking
169147,Vilazodone,depression,lot additional stress added last 4 year death parent lot hurtful thing parent spouse cheating everyday thing like stress young child school sport etc year tried every antidepressant either didnt work made feel like zombie always made sex drive go zero given every prescription taken anything almost year energy didnt take much get annoyed aggravated people including kid didnt feel lot joy doctor tried viibryd feel great great energy dont lose temper kid husband still sex drive,10.0,"September 7, 2011",693,depression lot additional stress added last 4 year death parent lot hurtful thing parent spouse cheating everyday thing like stress young child school sport etc year tried every antidepressant either didnt work made feel like zombie always made sex drive go zero given every prescription taken anything almost year energy didnt take much get annoyed aggravated people including kid didnt feel lot joy doctor tried viibryd feel great great energy dont lose temper kid husband still sex drive
132990,Loestrin 24 Fe,birth control,loestrin 24 fe 2 month im active busy lifestyle pill made feel like lunatic felt like verge cry time really depressed really anxious really tired serious mood swing headache breast tenderness acne also made starving like permanent pm didnt want work didnt want socialize gained maybe 5lbs thats probably working eating way make heavy crampy period light short breast noticeably bigger birth control different everyone im tune cycle im ovulating sensitive shift hormone one right,1.0,"November 15, 2012",17,birth control loestrin 24 fe 2 month im active busy lifestyle pill made feel like lunatic felt like verge cry time really depressed really anxious really tired serious mood swing headache breast tenderness acne also made starving like permanent pm didnt want work didnt want socialize gained maybe 5lbs thats probably working eating way make heavy crampy period light short breast noticeably bigger birth control different everyone im tune cycle im ovulating sensitive shift hormone one right
63844,Sertraline,depression,taking sertraline 3 month changed life prescribed anxiety led depression hesitant take bad experience cipralex 7 yr ago emotion loss inhibition doc said less side effect prescribed 50mg 1st week horrible nausea spaced twitching etc libido 0 anorgasmia like youre depressed enough noticed improvement energy week thing felt lighter able think clearly steady improvement 3 month depression gone anxiety normal level still feel emotion best part big came back 8 week,9.0,"November 4, 2017",10,depression taking sertraline 3 month changed life prescribed anxiety led depression hesitant take bad experience cipralex 7 yr ago emotion loss inhibition doc said less side effect prescribed 50mg 1st week horrible nausea spaced twitching etc libido 0 anorgasmia like youre depressed enough noticed improvement energy week thing felt lighter able think clearly steady improvement 3 month depression gone anxiety normal level still feel emotion best part big came back 8 week
92669,Ondansetron,nausea/vomiting,period first day usually absolutely unbearable would hugging toilet moment woke went bed almost 3 day straight mom doctor set zofran seriously incredible pill ever taken within 10 minute stomach settled im ready take day,9.0,"March 16, 2011",13,nausea/vomiting period first day usually absolutely unbearable would hugging toilet moment woke went bed almost 3 day straight mom doctor set zofran seriously incredible pill ever taken within 10 minute stomach settled im ready take day
119983,Losartan,high blood pressure,ive taking losartan less month still side effect immediately taking feel dizzy warmer usual thirsty bloated tired rapid heartbeat thump headache blurry vision also gained 7 pound havent changed diet wayand im active im going back doctor next week see there something else take instead,7.0,"August 22, 2013",196,high blood pressure ive taking losartan less month still side effect immediately taking feel dizzy warmer usual thirsty bloated tired rapid heartbeat thump headache blurry vision also gained 7 pound havent changed diet wayand im active im going back doctor next week see there something else take instead
155134,Metronidazole,giardiasis,returned india started terrible diarrhea within day continued two week went doctor lost 14 pound two week doctor also gave cipro within 12 hour diarrhea stopped started feel better miracle drug sure must longer could gone without admitted hospital,9.0,"May 21, 2016",3,giardiasis returned india started terrible diarrhea within day continued two week went doctor lost 14 pound two week doctor also gave cipro within 12 hour diarrhea stopped started feel better miracle drug sure must longer could gone without admitted hospital
167206,Levonorgestrel,birth control,read many review painful insertion would got really worked nervous went see doctor im happy say wasnt littlest bit painful 26 child granted really bad cramp get period part reason needed birth control pain pinch nothing felt like mild period cramp 30 second felt completely fine cramping pain afterwards took 800mg ibuprofen 30 minute think helped lot would rate 210 pain scale pain pressure mild cramping,10.0,"April 23, 2016",5,birth control read many review painful insertion would got really worked nervous went see doctor im happy say wasnt littlest bit painful 26 child granted really bad cramp get period part reason needed birth control pain pinch nothing felt like mild period cramp 30 second felt completely fine cramping pain afterwards took 800mg ibuprofen 30 minute think helped lot would rate 210 pain scale pain pressure mild cramping
155621,Metronidazole,bacterial vaginitis,pill work good taking 3 day symptom gone suffering bacterial vaginitis year ignored got checked everything else except bv thought something normal got pregnant started lot stomach pain discharge told doctor prescribed medicine say medication work wonder,10.0,"November 27, 2013",28,bacterial vaginitis pill work good taking 3 day symptom gone suffering bacterial vaginitis year ignored got checked everything else except bv thought something normal got pregnant started lot stomach pain discharge told doctor prescribed medicine say medication work wonder
97035,Ambien,insomnia,ambien huge help horrible hot flash whenever try fall asleep end awake night take half ambien able fall asleep feel tired next day grateful medication helped quality life substantially ive never experienced side effect others mention simply fall asleep,10.0,"February 27, 2014",72,insomnia ambien huge help horrible hot flash whenever try fall asleep end awake night take half ambien able fall asleep feel tired next day grateful medication helped quality life substantially ive never experienced side effect others mention simply fall asleep
42922,Xulane,birth control,2 year really good consistent light period major period symptom liked one major drawback sex drive essentially disappeared get risk 7 year relationship desire intimate,8.0,"July 9, 2015",3,birth control 2 year really good consistent light period major period symptom liked one major drawback sex drive essentially disappeared get risk 7 year relationship desire intimate
219665,Taytulla,birth control,switch minastrin 24 fe taytulla last month minastrin 24 fe covered insurance anymore taytulla either however coupon drop price tremendously taytualla bio equivalent loestrin 24 fe used take loestrin 24 fe discontinued felt bit better taytulla loestrin 24 fe worked wonder taytulla less month first week experienced headache sure stress work pill eventually subsided breast tender nothing crazy painful im starting pill get period update later time let know go,10.0,"March 13, 2017",19,birth control switch minastrin 24 fe taytulla last month minastrin 24 fe covered insurance anymore taytulla either however coupon drop price tremendously taytualla bio equivalent loestrin 24 fe used take loestrin 24 fe discontinued felt bit better taytulla loestrin 24 fe worked wonder taytulla less month first week experienced headache sure stress work pill eventually subsided breast tender nothing crazy painful im starting pill get period update later time let know go
71147,Viberzi,irritable bowel syndrome,medicine life changer ive tried absolutely everything thing control loose stool diarrhea without making constipated honestly miracle especially work travel lot always stressful wouldnt eat long period time scared accident would give ten expensive luckily saving program find thats well worth 1000 month sure anyone could afford,8.0,"October 19, 2016",20,irritable bowel syndrome medicine life changer ive tried absolutely everything thing control loose stool diarrhea without making constipated honestly miracle especially work travel lot always stressful wouldnt eat long period time scared accident would give ten expensive luckily saving program find thats well worth 1000 month sure anyone could afford
119139,Zoloft,depression,started 50mg zoloft around 8 9 month ago helped lot recently went got dosage upped 100mg due traumatic thing became depressed three month ago feel lot better 100 better none less never really noticed side effect except gritting teeth night think make little drowsy far sexual side effect ive none unlike previous two medication tried,7.0,"April 20, 2009",47,depression started 50mg zoloft around 8 9 month ago helped lot recently went got dosage upped 100mg due traumatic thing became depressed three month ago feel lot better 100 better none less never really noticed side effect except gritting teeth night think make little drowsy far sexual side effect ive none unlike previous two medication tried
72965,Ethinyl estradiol / norethindrone,birth control,ive lo loesteinfe since nov 2014 ive liking far afraid breakout since always clear skin life good thing skin still clear havent gained drastic amount weight even though dont eat right time thats good recommend exercise eat right downside ive feeling mood swing depressed still pill ive felt change month im normally upbeat stress free recommend worrying breaking gaining much weight,5.0,"May 17, 2015",3,birth control ive lo loesteinfe since nov 2014 ive liking far afraid breakout since always clear skin life good thing skin still clear havent gained drastic amount weight even though dont eat right time thats good recommend exercise eat right downside ive feeling mood swing depressed still pill ive felt change month im normally upbeat stress free recommend worrying breaking gaining much weight
142429,Levonorgestrel,birth control,year would say ’ awesome contraceptive boyfriend never use protection far good thing serious problem side effect horrible pain twice month literally feel paralyzing ’ left side iud ’ gone doctor many time say nothing wrong pain severe make sure explore iud brand make decision get one crazy insurance ’ change length iud mine 4 5 year give 10 star getting pregnant 0 insane pain feel monthly,7.0,"October 14, 2017",5,birth control year would say ’ awesome contraceptive boyfriend never use protection far good thing serious problem side effect horrible pain twice month literally feel paralyzing ’ left side iud ’ gone doctor many time say nothing wrong pain severe make sure explore iud brand make decision get one crazy insurance ’ change length iud mine 4 5 year give 10 star getting pregnant 0 insane pain feel monthly
115613,Drixoral Cold and Allergy,allergic rhinitis,also used drixoral since available prescription bring back please lucky enough find local store still supply drixoral,10.0,"August 28, 2008",21,allergic rhinitis also used drixoral since available prescription bring back please lucky enough find local store still supply drixoral
97975,Nexplanon,birth control,ive nexplanon 14 month period since son sudden two week ago started spotting never really got heavy enough pad used panty liner lasted 10 day stopped last saturday september 5th yesterday im start time heavier choice wear pad went er morning thought something wrong said everything normal probably breakthrough bleeding im pissed went year without period gyno told likely wouldnt get one loved im trying stick month see regulates im removed,8.0,"September 12, 2015",3,birth control ive nexplanon 14 month period since son sudden two week ago started spotting never really got heavy enough pad used panty liner lasted 10 day stopped last saturday september 5th yesterday im start time heavier choice wear pad went er morning thought something wrong said everything normal probably breakthrough bleeding im pissed went year without period gyno told likely wouldnt get one loved im trying stick month see regulates im removed
145883,Qsymia,weight loss,im seven week full dose ive lost 15 pound started 202lbs 187lbs say like others ive plateaued last two week weight going pound two im going hold see move time ive always eaten well active working 56 time week really option left im going keep right thing hope scale start moving 150 month expensive 15 pound beat blank,8.0,"May 9, 2013",45,weight loss im seven week full dose ive lost 15 pound started 202lbs 187lbs say like others ive plateaued last two week weight going pound two im going hold see move time ive always eaten well active working 56 time week really option left im going keep right thing hope scale start moving 150 month expensive 15 pound beat blank
59011,Divalproex sodium,migraine prevention,depakote still miracle drug migraine used get one almost every day small one every month,9.0,"March 25, 2008",91,migraine prevention depakote still miracle drug migraine used get one almost every day small one every month
75833,Temazepam,insomnia,previously using ambien couple year found either got sleep within half hour time didnt work night big problem didnt keep asleep 3 4 hour time ive using temazepam three week first great id asleep within 15 minute sleep 7 8 hour straight something else going im sleeping 10 12 hour stretch waking feeling woozy obviously need get doctor,7.0,"December 5, 2013",48,insomnia previously using ambien couple year found either got sleep within half hour time didnt work night big problem didnt keep asleep 3 4 hour time ive using temazepam three week first great id asleep within 15 minute sleep 7 8 hour straight something else going im sleeping 10 12 hour stretch waking feeling woozy obviously need get doctor
76098,Portia,birth control,ive taking portia 8 month well first started taking birth control would go month month without period 7months longest since taking portia acne gotten much better first 3 month lost 20 lb negative effect,10.0,"December 29, 2015",5,birth control ive taking portia 8 month well first started taking birth control would go month month without period 7months longest since taking portia acne gotten much better first 3 month lost 20 lb negative effect
202055,Benzoyl peroxide / clindamycin,acne,ive never written review anything face flawless high school would break nothing major 25 started suffering acne located primarily jawline awful spent small fortune product nothing worked finally went doctor prescribed benzaclin amazing three week today exactly face clear little itching first slathered much use spot treatment work great,8.0,"September 29, 2017",3,acne ive never written review anything face flawless high school would break nothing major 25 started suffering acne located primarily jawline awful spent small fortune product nothing worked finally went doctor prescribed benzaclin amazing three week today exactly face clear little itching first slathered much use spot treatment work great
26908,Insulin degludec,"diabetes, type 1",diabetic 50 year forty year used regular nph insulin never problem a1c reading mid 6 time new doctor come along want diabetic conform textbook example decided insulin old fashioned outdated change tresiba couple week sugar would drop around 100 200 point midnight 8 morning make sure sugar 225 midnight wake 40 50 320 8 hour later 84 stuff scary,1.0,"September 20, 2017",5,"diabetes, type 1 diabetic 50 year forty year used regular nph insulin never problem a1c reading mid 6 time new doctor come along want diabetic conform textbook example decided insulin old fashioned outdated change tresiba couple week sugar would drop around 100 200 point midnight 8 morning make sure sugar 225 midnight wake 40 50 320 8 hour later 84 stuff scary"
38314,Chlorhexidine,gingivitis,much pain discomfort problem serious dry mouth perhaps sjogrens tongue always sore burning gum hurt dentist gave try greatest thing didnt give unpleasant taste anything less pain fresh mouth,10.0,"March 28, 2012",66,gingivitis much pain discomfort problem serious dry mouth perhaps sjogrens tongue always sore burning gum hurt dentist gave try greatest thing didnt give unpleasant taste anything less pain fresh mouth
54775,Bupropion / naltrexone,obesity,bad experience contrave first day took started itch take allergy pill help started becoming light headed blurry vision upset stomach second pill didnt work may allergic whats pay pocket insurance cover waste money,1.0,"March 9, 2017",16,obesity bad experience contrave first day took started itch take allergy pill help started becoming light headed blurry vision upset stomach second pill didnt work may allergic whats pay pocket insurance cover waste money
31674,Miconazole,vaginal yeast infection,like many felt burning itching im taking 3 day cream im currently third night taking without doubt last night worst however feeling much better regard yi itchy today felt ten time better yes cream burn itch long run made feel much better suck go,8.0,"February 17, 2016",3,vaginal yeast infection like many felt burning itching im taking 3 day cream im currently third night taking without doubt last night worst however feeling much better regard yi itchy today felt ten time better yes cream burn itch long run made feel much better suck go
178422,Duloxetine,ibromyalgia,good one able wean additional nerve pain medication starting also take depression suffer chronic nerve pain daily,8.0,"November 3, 2008",52,ibromyalgia good one able wean additional nerve pain medication starting also take depression suffer chronic nerve pain daily
106384,Implanon,birth control,used implanon 6 year 2 insertion effective loved worry birth control long period time reason removed would heavy period month time period half time implanon removed noticed face clear lost small amount weight friend implanon removed due complete lack period couldnt stand irregular implanon seems big effect period,9.0,"July 30, 2016",5,birth control used implanon 6 year 2 insertion effective loved worry birth control long period time reason removed would heavy period month time period half time implanon removed noticed face clear lost small amount weight friend implanon removed due complete lack period couldnt stand irregular implanon seems big effect period
10790,Mononessa,birth control,originally lo loestrin fe made bleed like crazy started pill stopped pro weird bleeding normal period con feel like going crazy emotional wreck normally calm person feel like cry every minute mention sex drive completely gone birth control isnt going stick condom,7.0,"October 18, 2016",4,birth control originally lo loestrin fe made bleed like crazy started pill stopped pro weird bleeding normal period con feel like going crazy emotional wreck normally calm person feel like cry every minute mention sex drive completely gone birth control isnt going stick condom
85992,Ethinyl estradiol / norgestimate,birth control,taking birth control two year never got sick havent gotten pregnant sexually active past year make kind mood sex work,9.0,"October 12, 2012",5,birth control taking birth control two year never got sick havent gotten pregnant sexually active past year make kind mood sex work
66348,Valacyclovir,"herpes simplex, suppression",get cold sore bad upper lip doctor even surprised bad get prescribed valtrex 1000 mg love take away pain overnight help speed process fast ive also found catch cold sore soon enough take normal dose doesnt appear medicine absolute god send would definitely recommend anyone struggle similar symptom know awful herpes simplex,10.0,"October 1, 2015",24,"herpes simplex, suppression get cold sore bad upper lip doctor even surprised bad get prescribed valtrex 1000 mg love take away pain overnight help speed process fast ive also found catch cold sore soon enough take normal dose doesnt appear medicine absolute god send would definitely recommend anyone struggle similar symptom know awful herpes simplex"
170311,Quetiapine,bipolar disorde,42 yr old woman adhd along bipolar depression also coming 8 yr taking pain medication every day norcos well percocets getting 300 month ive pain med 4 mth far good fog cleared pain med diagnosis come full blast taking 2mg xanax 350mg soma along 300mg trazadone night still couldnt sleep thanks new doctor im 1mg xanax along 100mg seroquel night within hour im asleep mean good sleep dream getting thru night etc finger crossed stay thats way,9.0,"July 4, 2016",30,bipolar disorde 42 yr old woman adhd along bipolar depression also coming 8 yr taking pain medication every day norcos well percocets getting 300 month ive pain med 4 mth far good fog cleared pain med diagnosis come full blast taking 2mg xanax 350mg soma along 300mg trazadone night still couldnt sleep thanks new doctor im 1mg xanax along 100mg seroquel night within hour im asleep mean good sleep dream getting thru night etc finger crossed stay thats way
38403,Phenazopyridine,interstitial cystitis,pain interstitial cystitis hit awful one two dos fantastic medicine always either eliminates pain make barely noticeable dont need daily need want hand best thing find trust pain interstitial cystitis also consider safe side effect,10.0,"December 13, 2011",47,interstitial cystitis pain interstitial cystitis hit awful one two dos fantastic medicine always either eliminates pain make barely noticeable dont need daily need want hand best thing find trust pain interstitial cystitis also consider safe side effect
33227,Microgestin Fe 1 / 20,birth control,pill almost month however started period two week early ill chalk always irregular hormone trying balance dont really complaint except night nausea literally soon sun go im sick stomach like gunna tough since insurance doesnt want cover anything else anyone idea help nausea,8.0,"March 1, 2017",2,birth control pill almost month however started period two week early ill chalk always irregular hormone trying balance dont really complaint except night nausea literally soon sun go im sick stomach like gunna tough since insurance doesnt want cover anything else anyone idea help nausea
25486,Finasteride,androgenetic alopecia,23 started noticing bit hairline recession 21 hair slightly thinning around temple never front 1 month 1mg propecia daily think affected temple area front hair started thinning last couple week bright lighting see pretty far back onto scalp looking front look like temple year ago scary dont think noticeably shedding anymore used cant run finger hair without getting least couple hair overall definitely lost hair accelerated rate hopefully initial shed,5.0,"February 10, 2016",5,androgenetic alopecia 23 started noticing bit hairline recession 21 hair slightly thinning around temple never front 1 month 1mg propecia daily think affected temple area front hair started thinning last couple week bright lighting see pretty far back onto scalp looking front look like temple year ago scary dont think noticeably shedding anymore used cant run finger hair without getting least couple hair overall definitely lost hair accelerated rate hopefully initial shed
14901,Ethinyl estradiol / norethindrone,birth control,ive little month first pack little rough spotting night time nausea bloating breast tenderness felt tired anxiety usual blah never breakout tho skin prone hormonal zit however month went got better starting second pack zero side effect hopefully stay way im satisfied far,9.0,"August 19, 2017",3,birth control ive little month first pack little rough spotting night time nausea bloating breast tenderness felt tired anxiety usual blah never breakout tho skin prone hormonal zit however month went got better starting second pack zero side effect hopefully stay way im satisfied far
135012,Dapsone,acne,aczone worked better anything else tried cystic hormonal breakout chin jawline feel work quickly help prevent new acne forming twice daily use side effect nondrying,10.0,"October 30, 2015",13,acne aczone worked better anything else tried cystic hormonal breakout chin jawline feel work quickly help prevent new acne forming twice daily use side effect nondrying
93636,Morphine,chronic pain,ir sr er morphine great terrible reaction extended release im taking 15mg 2 hour interval ive working pain yet still hurt know higher dose better morphine sulfate ir going okay,9.0,"July 10, 2013",35,chronic pain ir sr er morphine great terrible reaction extended release im taking 15mg 2 hour interval ive working pain yet still hurt know higher dose better morphine sulfate ir going okay
192120,Drospirenone / ethinyl estradiol,acne,okay started yaz really bad cystic acne would go away matter well irregular heavy period went doctor put work well yes acne worse ever couple month though pretty much gone away good period much lighter regular except missed one didnt end well three month heard canada alone many people died thrombosis directly linked use yaz discontinuing end month great acne gone miracle cure pimple something ive decided isnt worth life,6.0,"June 18, 2016",8,acne okay started yaz really bad cystic acne would go away matter well irregular heavy period went doctor put work well yes acne worse ever couple month though pretty much gone away good period much lighter regular except missed one didnt end well three month heard canada alone many people died thrombosis directly linked use yaz discontinuing end month great acne gone miracle cure pimple something ive decided isnt worth life
191215,Pentasa,"crohn's disease, maintenance",drug pentasa worst drug ever taken sever vomiting least 20 time space 3 to4 hr sever diarrheoa even worse occurred every 20 minute less sometimes bloody aware ofso people warned drug crap really,1.0,"May 4, 2016",14,"crohn's disease, maintenance drug pentasa worst drug ever taken sever vomiting least 20 time space 3 to4 hr sever diarrheoa even worse occurred every 20 minute less sometimes bloody aware ofso people warned drug crap really"
109953,Nexplanon,birth control,got birth control november 2014 definitely dont recommend yeah stop becoming pregnant made bad mood swing worse depression already stomach always hurting ive period rind 2 month would stop day start back next ive gained 20 pound since got energy ever b12 dont help neither oh im never happy cant get happy unless im daughter sometimes small thing make another mood swing dont recommend,1.0,"May 13, 2016",2,birth control got birth control november 2014 definitely dont recommend yeah stop becoming pregnant made bad mood swing worse depression already stomach always hurting ive period rind 2 month would stop day start back next ive gained 20 pound since got energy ever b12 dont help neither oh im never happy cant get happy unless im daughter sometimes small thing make another mood swing dont recommend
199071,Depo-Provera,abnormal uterine bleeding,depo year stopped couple reason overall great ive bc year pcos forgetting take pill time started stopped read online cause permanent infertility mentioned side effect terrified pro •no acne even 120° weather ac didnt single pimple amazing •not remember •effectiveness •increased sex drive also happened progestin pill mini pill con •i utis •very irregular period didnt bleed id occasional breakthrough bleeding without warning,8.0,"March 29, 2016",5,abnormal uterine bleeding depo year stopped couple reason overall great ive bc year pcos forgetting take pill time started stopped read online cause permanent infertility mentioned side effect terrified pro •no acne even 120° weather ac didnt single pimple amazing •not remember •effectiveness •increased sex drive also happened progestin pill mini pill con •i utis •very irregular period didnt bleed id occasional breakthrough bleeding without warning
199094,Depo-Provera,abnormal uterine bleeding,got shot first time december 2015 4 week post partum time first week ok began spotting eventually lead heavy bleeding bleeding going 3 monthsi still bleeding told morning march 9 2016 dont see change need go emergency room,1.0,"March 9, 2016",5,abnormal uterine bleeding got shot first time december 2015 4 week post partum time first week ok began spotting eventually lead heavy bleeding bleeding going 3 monthsi still bleeding told morning march 9 2016 dont see change need go emergency room
215343,Senna,constipation,senna work best taken every day dont like taking pill every day need incorporate life dont take every single day get backed usually take 3 however didnt take 3 day due stupidity feel bloated backed took 4 tonight gurgling like dont know nasty cant get thru head take every day key senna 2 cent worth,8.0,"November 19, 2017",0,constipation senna work best taken every day dont like taking pill every day need incorporate life dont take every single day get backed usually take 3 however didnt take 3 day due stupidity feel bloated backed took 4 tonight gurgling like dont know nasty cant get thru head take every day key senna 2 cent worth
50464,Gabapentin,migraine,started headache everyday boom migraine topamax kept upping would wake headache go bed one horrible migraine lasted 6 week added gabapentin currently take 1600 mg 200 mg topamax gabapentin saved experience side effect like word issue mood without couldnt go store even sun glass without throwing leave job ten yr disabled side effect go outside pain manageable,9.0,"March 16, 2013",65,migraine started headache everyday boom migraine topamax kept upping would wake headache go bed one horrible migraine lasted 6 week added gabapentin currently take 1600 mg 200 mg topamax gabapentin saved experience side effect like word issue mood without couldnt go store even sun glass without throwing leave job ten yr disabled side effect go outside pain manageable
37272,Vyvanse,adhd,14 year old daughter taking vyvanse since 2010 current dosage 50mg first couple year believe medication good fit daughter however opinion need change also thanks obmacare effective 1116 paying copayment 197 40 unbelievable vyvanse release generic 2023,2.0,"March 22, 2016",11,adhd 14 year old daughter taking vyvanse since 2010 current dosage 50mg first couple year believe medication good fit daughter however opinion need change also thanks obmacare effective 1116 paying copayment 197 40 unbelievable vyvanse release generic 2023
153982,Vivitrol,opiate dependence,ive opiate addict 7yrs first became addicted oc everywhere year later struggled find oxycotin shortly changed oc op struggled wanted tried suboxone didnt work migraine issue joined methadone clinic became functioning addict methadone 3 yr kept clean drug throughout time methadone still addict subox methadone opiods found institute many across country called rapid detox pretty pain free end ur detox got vivitrol inplant saved marriage,8.0,"February 25, 2016",53,opiate dependence ive opiate addict 7yrs first became addicted oc everywhere year later struggled find oxycotin shortly changed oc op struggled wanted tried suboxone didnt work migraine issue joined methadone clinic became functioning addict methadone 3 yr kept clean drug throughout time methadone still addict subox methadone opiods found institute many across country called rapid detox pretty pain free end ur detox got vivitrol inplant saved marriage
171491,Wellbutrin,depression,starting wellbutrin didnt notice effect week 5 week 9 feel much better self image self confidence skyrocketed libido increased much optimistic happy honestly cant say enough positive thing wellbutrin,9.0,"March 20, 2014",223,depression starting wellbutrin didnt notice effect week 5 week 9 feel much better self image self confidence skyrocketed libido increased much optimistic happy honestly cant say enough positive thing wellbutrin
95755,Sertraline,panic disorde,would panic attack would cut avoid feeling nervous anxious thing couldnt control pretty much great experience zoloft taking 100mgs day panic attack would feeling panic much less intense year decided longer wanted taking anti depressant weaned first week took 75mg 50 25 end first full week zoloft part feel fine think medicine help noticed smoking habit started come back desire cigarette zoloft minimal,9.0,"October 19, 2014",27,panic disorde would panic attack would cut avoid feeling nervous anxious thing couldnt control pretty much great experience zoloft taking 100mgs day panic attack would feeling panic much less intense year decided longer wanted taking anti depressant weaned first week took 75mg 50 25 end first full week zoloft part feel fine think medicine help noticed smoking habit started come back desire cigarette zoloft minimal
1414,Sumatriptan,migraine,sufferer thought bad headache attack later began doubt told gp headache could actually migraine attack given sumatriptan tablet see would help combating onset headache stop together preventing headache developing migraine used suffer full blown migraine time time twice month less severe attack soon begin feel kind eye neck strain light sensitivity know going okay ask gp sumatriptan medication highly recommended,10.0,"June 6, 2009",3,migraine sufferer thought bad headache attack later began doubt told gp headache could actually migraine attack given sumatriptan tablet see would help combating onset headache stop together preventing headache developing migraine used suffer full blown migraine time time twice month less severe attack soon begin feel kind eye neck strain light sensitivity know going okay ask gp sumatriptan medication highly recommended
213610,Tioconazole,vaginal yeast infection,last night mild symptom morning went store purchased 1 day inserted ovule fine hour two later fire wipe help didnt dare use cream dont understand whats going know help medication made mild symptom worse please use pain even shower cool bath morning making visit local urgent care,1.0,"July 12, 2017",2,vaginal yeast infection last night mild symptom morning went store purchased 1 day inserted ovule fine hour two later fire wipe help didnt dare use cream dont understand whats going know help medication made mild symptom worse please use pain even shower cool bath morning making visit local urgent care
183465,Cymbalta,depression,cymbalta given life back finally feel like loving caring freespirited person forgotten finally function important getting 40 college feel like walking miracle cant believe today pill could literally save life close suicide violent depressed wanted die im finally happy sad cymbalta low review people withdrawing im sure difficult take away much help might rest life know,10.0,"July 5, 2011",40,depression cymbalta given life back finally feel like loving caring freespirited person forgotten finally function important getting 40 college feel like walking miracle cant believe today pill could literally save life close suicide violent depressed wanted die im finally happy sad cymbalta low review people withdrawing im sure difficult take away much help might rest life know
217267,Clarithromycin,sinusitis,chronic sinisitis 20 year typically getting 23 sinus infection per year reduce rubble least 10 day know better point try yet another antibiotic nothing work anymore except levaquin build resistance im big trouble ever get pneumonia third night row starting clarithromycin nauseous gassy utterly uncomfortableim taking another dose calling doctor sticking natural remedy doesnt work look like ill paying pocket surgery since sinus scan came back normal,1.0,"December 2, 2016",5,sinusitis chronic sinisitis 20 year typically getting 23 sinus infection per year reduce rubble least 10 day know better point try yet another antibiotic nothing work anymore except levaquin build resistance im big trouble ever get pneumonia third night row starting clarithromycin nauseous gassy utterly uncomfortableim taking another dose calling doctor sticking natural remedy doesnt work look like ill paying pocket surgery since sinus scan came back normal
51807,Orapred,dermatitis,4 year old prescribed rash covering entire body determined contact dermatitis allergic reaction something either eaten touched medicine cleared rash day,10.0,"June 13, 2008",28,dermatitis 4 year old prescribed rash covering entire body determined contact dermatitis allergic reaction something either eaten touched medicine cleared rash day
94492,Abilify,bipolar disorde,didnt notice big difference ablify feel level headed also feel indecisive dizzy restlessness 10 mg 3 month restlessness bad couldnt sit still,5.0,"June 26, 2017",7,bipolar disorde didnt notice big difference ablify feel level headed also feel indecisive dizzy restlessness 10 mg 3 month restlessness bad couldnt sit still
148174,Norethindrone,birth control,switched combined pill norabe four month ago doctor said couldnt take estrogen chest pain migraine pill 100 effective mood swing migraine however bad side effect excessive hair shedding mean normal excessive bloating even without carb intake also cramping hardly bleeding spotting period never time feel symptom pm overall pill effective excessive hair loss,5.0,"August 27, 2015",16,birth control switched combined pill norabe four month ago doctor said couldnt take estrogen chest pain migraine pill 100 effective mood swing migraine however bad side effect excessive hair shedding mean normal excessive bloating even without carb intake also cramping hardly bleeding spotting period never time feel symptom pm overall pill effective excessive hair loss
223226,Estradiol,postmenopausal symptoms,using another hrt total hysterectomy went without 5 year hot flash night sweat really bad asked doctor lower dose night sweat gone breast tenderness bothersome staining clothes havent felt anymore energy,6.0,"February 2, 2010",6,postmenopausal symptoms using another hrt total hysterectomy went without 5 year hot flash night sweat really bad asked doctor lower dose night sweat gone breast tenderness bothersome staining clothes havent felt anymore energy
58100,Acetaminophen / hydrocodone,pain,taking hydrocodone 10650 2 year neck lower back pain break tablet half take needed take edge pain noticed take least bit many cause constipation medicine make feel like concentrate,8.0,"August 21, 2009",3,pain taking hydrocodone 10650 2 year neck lower back pain break tablet half take needed take edge pain noticed take least bit many cause constipation medicine make feel like concentrate
62175,Citalopram,depression,female 23 side effect awful go away experienced nausea insomnia weight gain libido death difficulty achieving orgasm nausea insomnia went away 152 week nausea almost made stop taking medication glad didnt though side effect gone week 8 patient medication worked wonder feel motivated excited future dont run away problem side note may experienced weight gain eating regularly began taking weight gain wasnt drastic though look healthy ive lost sallow complexion overall adjustment period brutal well worth good luck,10.0,"December 16, 2013",37,depression female 23 side effect awful go away experienced nausea insomnia weight gain libido death difficulty achieving orgasm nausea insomnia went away 152 week nausea almost made stop taking medication glad didnt though side effect gone week 8 patient medication worked wonder feel motivated excited future dont run away problem side note may experienced weight gain eating regularly began taking weight gain wasnt drastic though look healthy ive lost sallow complexion overall adjustment period brutal well worth good luck
124166,Skyla,birth control,skyla put 31616 insertion experienced worst cramping ive ever felt got hot sweat almost passed felt miserable cramp next day bad bloating first 2 month period lasted 8 day heavy since got almost 3 month ago gained 15 pound still using workout eating plan also boyfriend tell sex feel wire poking kind hurt felt slightly bloated since placement skyla thought would wait till 6 month marker point sick feeling way gaining weight removed tomorrow going back pill ive past 3 year,2.0,"May 3, 2016",2,birth control skyla put 31616 insertion experienced worst cramping ive ever felt got hot sweat almost passed felt miserable cramp next day bad bloating first 2 month period lasted 8 day heavy since got almost 3 month ago gained 15 pound still using workout eating plan also boyfriend tell sex feel wire poking kind hurt felt slightly bloated since placement skyla thought would wait till 6 month marker point sick feeling way gaining weight removed tomorrow going back pill ive past 3 year
97651,Methimazole,hyperthyroidism,1 first 45 day rough nausea cleared 2 take evening shortly get home work medication least two hour done recommendation pharmacist always food 3 getting blood work done require basis make sure nothing else going blood stream 4 exercising eating small balanced meal drink plenty water 5 swelling itching issue far 6 heart rate energetic,8.0,"December 28, 2016",6,hyperthyroidism 1 first 45 day rough nausea cleared 2 take evening shortly get home work medication least two hour done recommendation pharmacist always food 3 getting blood work done require basis make sure nothing else going blood stream 4 exercising eating small balanced meal drink plenty water 5 swelling itching issue far 6 heart rate energetic
9334,Lo Loestrin Fe,birth control,ive pill almost two year 23 month originally prescribed clear acne love shorter period far good pregnancy prevention problem ive missed two period one april 2016 one november 2016 scare hey pregnant never weird side effect,8.0,"January 23, 2017",5,birth control ive pill almost two year 23 month originally prescribed clear acne love shorter period far good pregnancy prevention problem ive missed two period one april 2016 one november 2016 scare hey pregnant never weird side effect
64571,Sertraline,social anxiety disorde,hi everyone ive recently offered good job insurance industry training bank staff insurance product presentation different people every day insurance specialist never present stranger let alone present new bank new people every day im day 3 new role first day went shaky okay second day went alot better morning social anxiety got better choked presentation morning word came wrong started shaking sweating get glass water couldnt continue felt embarrassed crowd people listening expert blamed asthma,5.0,"February 3, 2016",10,social anxiety disorde hi everyone ive recently offered good job insurance industry training bank staff insurance product presentation different people every day insurance specialist never present stranger let alone present new bank new people every day im day 3 new role first day went shaky okay second day went alot better morning social anxiety got better choked presentation morning word came wrong started shaking sweating get glass water couldnt continue felt embarrassed crowd people listening expert blamed asthma
204832,Toradol,pain,fibromyalgia severe pain work pain come back hard core flare ups sure took edge pain made functional also herniated disc back year ago took pain away almost instantly say yes toradol,10.0,"June 2, 2016",17,pain fibromyalgia severe pain work pain come back hard core flare ups sure took edge pain made functional also herniated disc back year ago took pain away almost instantly say yes toradol
189441,Oxycodone,pain,oxycodone relatively effective relieving moderate pain somewhat fast acting relief come within reasonable amount time side pain relief last long side effect difficult tolerate dizziness nausea associated taking medication actually last longer pain relief,4.0,"August 6, 2011",6,pain oxycodone relatively effective relieving moderate pain somewhat fast acting relief come within reasonable amount time side pain relief last long side effect difficult tolerate dizziness nausea associated taking medication actually last longer pain relief
107856,Ethinyl estradiol / norelgestromin,birth control,switched pill trouble taking time every day loved patch convenient wore two year admit boob grew cup size gained 10 lb time bf like little chubb fine lol never nausea problem kinda shocked review ill admit would pmslike mood swing time changed patch never shake sweating actually really love birth control rarely notice side effect period became lighter heavy bleeding pain patch lasted 3 day regular schedule highly recommend,9.0,"March 9, 2017",9,birth control switched pill trouble taking time every day loved patch convenient wore two year admit boob grew cup size gained 10 lb time bf like little chubb fine lol never nausea problem kinda shocked review ill admit would pmslike mood swing time changed patch never shake sweating actually really love birth control rarely notice side effect period became lighter heavy bleeding pain patch lasted 3 day regular schedule highly recommend
130042,Levonorgestrel,emergency contraception,partner minor slip scared baby theyre pretty expensive went get plan b 28 hour incident scared didnt work immediate side effect safe say 4 day taking pill cramp day 5th day started bleeding 34 day 46 spent well worth work,10.0,"December 29, 2014",36,emergency contraception partner minor slip scared baby theyre pretty expensive went get plan b 28 hour incident scared didnt work immediate side effect safe say 4 day taking pill cramp day 5th day started bleeding 34 day 46 spent well worth work
171158,Lessina,endometriosis,ive taking lessina less 2 month pelvic floor myaliga ive horrible experience far end first pack around 2 white pill started period first 2 day fine fact im constantly pain 3rd day terrible went 6 pad bunch clot mind ive never clot period go er give iv fluid pain medication pain much worse usually period get told bc switched right away also suffer depression ive havent able pick ive many bcs nothing help,1.0,"November 24, 2017",0,endometriosis ive taking lessina less 2 month pelvic floor myaliga ive horrible experience far end first pack around 2 white pill started period first 2 day fine fact im constantly pain 3rd day terrible went 6 pad bunch clot mind ive never clot period go er give iv fluid pain medication pain much worse usually period get told bc switched right away also suffer depression ive havent able pick ive many bcs nothing help
107068,Implanon,birth control,got implanon inserted late november last year everything fine 8 month able lose weight fine diet exercise experience moodiness side effect read online occasional spotting actual period four week ago started bleeding week went slowed seemed started like month im really considering getting removed first really loved im tired bleeding,6.0,"September 23, 2012",1,birth control got implanon inserted late november last year everything fine 8 month able lose weight fine diet exercise experience moodiness side effect read online occasional spotting actual period four week ago started bleeding week went slowed seemed started like month im really considering getting removed first really loved im tired bleeding
50440,Gabapentin,ibromyalgia,side effect cluster headache get worse dont stick every 8 hr dosage im frustrated one neurologist pop treating nerve damage another neurologist say pain muscular cant explain tingling arm leg considering tapering gabapentin 3x 300 mg based 2nd neorolgist pain unbearable,8.0,"October 2, 2012",38,ibromyalgia side effect cluster headache get worse dont stick every 8 hr dosage im frustrated one neurologist pop treating nerve damage another neurologist say pain muscular cant explain tingling arm leg considering tapering gabapentin 3x 300 mg based 2nd neorolgist pain unbearable
95196,Guanfacine,adhd,8 year old daughter taking medication 4 month although seen good improvement behavior weight gain substantial gained 10 lb 4 month incredibly unhealthy blood pressure also low side unfortunately u cant risk bad side effect even though seen positive behavior change,5.0,"April 13, 2015",46,adhd 8 year old daughter taking medication 4 month although seen good improvement behavior weight gain substantial gained 10 lb 4 month incredibly unhealthy blood pressure also low side unfortunately u cant risk bad side effect even though seen positive behavior change
38023,Adipex-P,weight loss,adipex 2010 started 272 lb amazed much weight lost every week buy new pant jeansetc every week averaged 812 lb lost per week lost 126lbs 5 month active exercised everyday didnt craving food find eating lead headache mood change eat,10.0,"August 15, 2016",100,weight loss adipex 2010 started 272 lb amazed much weight lost every week buy new pant jeansetc every week averaged 812 lb lost per week lost 126lbs 5 month active exercised everyday didnt craving food find eating lead headache mood change eat
140953,Escitalopram,generalized anxiety disorde,42 year old male married 2 kid drug alcohol history anxiety depression prior incident several month ago wrongly diagnosed throat cancer turn fine cancer free fear leaving family without husbandfather sent tail spin filled anxiety depression worst part stopped sleeping md put xanax 5mg ambien 10mg made thing worse finally went shrink put 10 mg lexapro take morning lex given strength get 2 med completely 1 month bumped 20 mg 6 week anxiety gone depression gone im sleeping naturally,10.0,"March 7, 2016",66,generalized anxiety disorde 42 year old male married 2 kid drug alcohol history anxiety depression prior incident several month ago wrongly diagnosed throat cancer turn fine cancer free fear leaving family without husbandfather sent tail spin filled anxiety depression worst part stopped sleeping md put xanax 5mg ambien 10mg made thing worse finally went shrink put 10 mg lexapro take morning lex given strength get 2 med completely 1 month bumped 20 mg 6 week anxiety gone depression gone im sleeping naturally
194806,Levetiracetam,epilepsy,first episode 12 month side effect get decrease appetite forget minor thing headache couldnt tell wrong time age 12 year old 2nd episode sleep found crawling parent room couldnt walk talk correctly went hospital diagnosed epilepsy cause seizure enlarge blood vessel right side brain started 750mg levetiracetam episode missed 13 day medicine 19 year old april taking 500mg levetiracetam theyre lowering dos get older,7.0,"December 20, 2016",3,epilepsy first episode 12 month side effect get decrease appetite forget minor thing headache couldnt tell wrong time age 12 year old 2nd episode sleep found crawling parent room couldnt walk talk correctly went hospital diagnosed epilepsy cause seizure enlarge blood vessel right side brain started 750mg levetiracetam episode missed 13 day medicine 19 year old april taking 500mg levetiracetam theyre lowering dos get older
100533,Desogestrel / ethinyl estradiol,birth control,started apri five month ago always suffered terrible ovarian cyst theyre starting finally decrease lost twenty pound ive taking pill without changing diet exercise im pregnant ever sex drive cant eat anymore small meal twice day absolutely dairy stomach handle never problem dairy apri also get terrible headache constantly tired positive negative pill,5.0,"January 23, 2013",15,birth control started apri five month ago always suffered terrible ovarian cyst theyre starting finally decrease lost twenty pound ive taking pill without changing diet exercise im pregnant ever sex drive cant eat anymore small meal twice day absolutely dairy stomach handle never problem dairy apri also get terrible headache constantly tired positive negative pill
187456,Monistat 3-Day Combination Pack,vaginal yeast infection,2 antibiotic 8 pill day 10 day mrsa taking pharmacist advice got probiotic yogurt monistat 3 prefilled treatment problem 5 week later get another yi decided take thing day 1 fine day 2 today feeling like vagina fire ive got 830 class im 130 wont finishing treatment ill stick probiotic yogurt medicated wipe found burn burning go away much faster monistat,3.0,"January 25, 2016",1,vaginal yeast infection 2 antibiotic 8 pill day 10 day mrsa taking pharmacist advice got probiotic yogurt monistat 3 prefilled treatment problem 5 week later get another yi decided take thing day 1 fine day 2 today feeling like vagina fire ive got 830 class im 130 wont finishing treatment ill stick probiotic yogurt medicated wipe found burn burning go away much faster monistat
205364,Pristiq,depression,5 week broke hive prednisone also take lamictal took didnt know med causing issue start itching get dr right away,3.0,"November 28, 2015",13,depression 5 week broke hive prednisone also take lamictal took didnt know med causing issue start itching get dr right away
20456,Vimpat,seizures,daughter diagnosed epilepsy started keppra seizure doctor added vimpat given sample pack first see taking 4 week seems well main problem 30 day supply cost insurance 774 told generic available amazes drug company people,8.0,"February 28, 2017",18,seizures daughter diagnosed epilepsy started keppra seizure doctor added vimpat given sample pack first see taking 4 week seems well main problem 30 day supply cost insurance 774 told generic available amazes drug company people
179765,Adapalene / benzoyl peroxide,acne,wanted find product people actually found working head comparison searched little bit came epiduo time lot acne skin helped clear skin slowly slowly made life lot easier,10.0,"January 12, 2016",0,acne wanted find product people actually found working head comparison searched little bit came epiduo time lot acne skin helped clear skin slowly slowly made life lot easier
86154,Magnesium sulfate / potassium sulfate / sodium sulfate,bowel preparation,honestly terribly offended taste tasted like salty grape koolaide use lemon slice drink highly recommend walking around treatment help move along get rid bloating never nausea like 10 year ago bad,9.0,"April 19, 2015",21,bowel preparation honestly terribly offended taste tasted like salty grape koolaide use lemon slice drink highly recommend walking around treatment help move along get rid bloating never nausea like 10 year ago bad
218053,Amoxicillin / clavulanate,strep throat,dr thought strep looking throat felt like swallowing glass got 500mg amoxicillin 3xday within 24hrs could swallow fever went away however day 5 medication pretty bad nausea raging yeast infection frequent loose stool abdominal cramp pretty bad youre start taking probiotic yogurt immediately im playing around,6.0,"September 20, 2017",4,strep throat dr thought strep looking throat felt like swallowing glass got 500mg amoxicillin 3xday within 24hrs could swallow fever went away however day 5 medication pretty bad nausea raging yeast infection frequent loose stool abdominal cramp pretty bad youre start taking probiotic yogurt immediately im playing around
168350,Rizatriptan,migraine,ive headache since little got college progressed intense migraine tried imitrex various painkilling drug without relief thankful doctor prescribed drug life saving relief migraine include nausea excruciating pain sensitivity light sound motion well dizziness take maxalt along 200 mg celebrex 2 extra strength tylenol soon get feel onset migraine work 30 minute sometimes little longer wait long take anyone suffering would strongly recommend talking doctor another wrote well worth copay,10.0,"December 29, 2009",13,migraine ive headache since little got college progressed intense migraine tried imitrex various painkilling drug without relief thankful doctor prescribed drug life saving relief migraine include nausea excruciating pain sensitivity light sound motion well dizziness take maxalt along 200 mg celebrex 2 extra strength tylenol soon get feel onset migraine work 30 minute sometimes little longer wait long take anyone suffering would strongly recommend talking doctor another wrote well worth copay
152677,Furosemide,edema,took first dose furosemide yesterday morning1 x 20mg tablet 600am take medicine fell asleep woke 1115am felt tipsey restless twitch tingling hand finger also dry mouth thirsty housework ive done last 3 month put together suffer chronic back pain chronic sciatica even though great deal pain couldnt stop cleaning today still dont feel quite right every muscle scream protest move,3.0,"August 16, 2009",21,edema took first dose furosemide yesterday morning1 x 20mg tablet 600am take medicine fell asleep woke 1115am felt tipsey restless twitch tingling hand finger also dry mouth thirsty housework ive done last 3 month put together suffer chronic back pain chronic sciatica even though great deal pain couldnt stop cleaning today still dont feel quite right every muscle scream protest move
109833,Nexplanon,birth control,love issue got second baby started getting period monthly stopped breast feeding started lose weight issue working great,10.0,"July 7, 2016",4,birth control love issue got second baby started getting period monthly stopped breast feeding started lose weight issue working great
98751,Nexplanon,birth control,really love nexplanon zero worry ive since june 2012 gotten period since also right putting really wanted lose weight managed lose 20 pound problem whatsoever complaint made skin oily even funny entire life ive perfect skin acne forehead nexplanon really depends whats important getting pregnant getting acne,8.0,"October 7, 2013",7,birth control really love nexplanon zero worry ive since june 2012 gotten period since also right putting really wanted lose weight managed lose 20 pound problem whatsoever complaint made skin oily even funny entire life ive perfect skin acne forehead nexplanon really depends whats important getting pregnant getting acne
115691,Secukinumab,plaque psoriasis,went costentyx miscommunication amount time needed embril started 5 week dose continued 6 month time psoriasis completely clear side effect horrendous hive hotspot breakout psoriasis arm leg exczema hand foot two week following injection would itch breakout hive customer support non existent managed find information u support fianally went october 2015 still dealt side effect exczema itching spoke nurse impress knowledge drug embril much better support line,4.0,"February 1, 2017",0,plaque psoriasis went costentyx miscommunication amount time needed embril started 5 week dose continued 6 month time psoriasis completely clear side effect horrendous hive hotspot breakout psoriasis arm leg exczema hand foot two week following injection would itch breakout hive customer support non existent managed find information u support fianally went october 2015 still dealt side effect exczema itching spoke nurse impress knowledge drug embril much better support line
21877,Guaifenesin / pseudoephedrine,cough and nasal congestion,coughing several week went doctor prescribed antibiotic mucinex dm took first tablet drank lot water immediately coughing productive highly recommend mucinex dm,10.0,"May 2, 2009",9,cough and nasal congestion coughing several week went doctor prescribed antibiotic mucinex dm took first tablet drank lot water immediately coughing productive highly recommend mucinex dm
142,Medroxyprogesterone,endometriosis,get shot tried ruin life heavy sporadic bleeding mood swing depression headache body ache sex drive terrible cramp littleno emotion almost everything 2 shot want get back normal,2.0,"December 2, 2015",9,endometriosis get shot tried ruin life heavy sporadic bleeding mood swing depression headache body ache sex drive terrible cramp littleno emotion almost everything 2 shot want get back normal
181786,Prozac,depression,started take medicine 2 day ago although feel good seem calm experienced vomiting normal also overweight husband complaining snoring last two day happy said snoring longer let see happens,8.0,"November 25, 2010",5,depression started take medicine 2 day ago although feel good seem calm experienced vomiting normal also overweight husband complaining snoring last two day happy said snoring longer let see happens
143391,Etonogestrel,birth control,dont recommend know everyones body react different least mine reacted negatively period 6 month started breast pain discharge always tired oh gosh acne finally damn painful process take since really hard find,1.0,"February 15, 2017",1,birth control dont recommend know everyones body react different least mine reacted negatively period 6 month started breast pain discharge always tired oh gosh acne finally damn painful process take since really hard find
232160,Lorazepam,panic disorde,always take ativan mildtomoderate panic problem become addictive try use method anxiety reach ativan,9.0,"January 13, 2017",26,panic disorde always take ativan mildtomoderate panic problem become addictive try use method anxiety reach ativan
49333,Ethinyl estradiol / levonorgestrel,birth control,took pill year worked really well although sometimes missed 13 pill month first half year didnt affect mood dramatically later boyfriend noticed really irritated little thing depression almost made hurt also realized felt angry picking hour late couldnt calm mind knew okay wanted forgive anger inside didnt budge effective pill change dosage since putting relationship danger,10.0,"March 5, 2016",8,birth control took pill year worked really well although sometimes missed 13 pill month first half year didnt affect mood dramatically later boyfriend noticed really irritated little thing depression almost made hurt also realized felt angry picking hour late couldnt calm mind knew okay wanted forgive anger inside didnt budge effective pill change dosage since putting relationship danger
52142,Adipex-P,weight loss,overweight life tried every diet known man someone told lost weight adipex thought lose saw doctor week ago 8911 today 1 week since started taking proud say lost 74 lb 1 week amazing wish would known year ago 74 lb came without exercizing week im going start working little see happens havent excited anything long time share honestly best diet pill ever pill one reason overweight let get healthy even affordable love,10.0,"August 16, 2011",20,weight loss overweight life tried every diet known man someone told lost weight adipex thought lose saw doctor week ago 8911 today 1 week since started taking proud say lost 74 lb 1 week amazing wish would known year ago 74 lb came without exercizing week im going start working little see happens havent excited anything long time share honestly best diet pill ever pill one reason overweight let get healthy even affordable love
9321,Lo Loestrin Fe,birth control,old gyno recommended pill took pill four month took religiously became pregnant could give pill 010 would,1.0,"December 6, 2016",4,birth control old gyno recommended pill took pill four month took religiously became pregnant could give pill 010 would
69061,Medroxyprogesterone,birth control,limited option seizure med med responded well pill 3rd depo provera shot feel like completely different person worst sex drive panic attack daily hair started falling literally sit room depressed im working vision changed upper back pain neck pain tired time miss girl used injection bloodwork perfect ive several test done drug poison cant wait march decline never get,1.0,"February 1, 2016",7,birth control limited option seizure med med responded well pill 3rd depo provera shot feel like completely different person worst sex drive panic attack daily hair started falling literally sit room depressed im working vision changed upper back pain neck pain tired time miss girl used injection bloodwork perfect ive several test done drug poison cant wait march decline never get
9842,Lo Loestrin Fe,birth control,pill great im super sensitive birth control pill one ive ever felt normal would definitely recommend anyone breakthrough bleeding first month seems cleared actual period really amazing also indeed experience aca obama care made affordable paying high pocket price called insurance told needed doctor call tell one need would cover 0 month thank god definitely check insurance pharmacist full helpful information,10.0,"February 9, 2015",18,birth control pill great im super sensitive birth control pill one ive ever felt normal would definitely recommend anyone breakthrough bleeding first month seems cleared actual period really amazing also indeed experience aca obama care made affordable paying high pocket price called insurance told needed doctor call tell one need would cover 0 month thank god definitely check insurance pharmacist full helpful information
210045,Linzess,"constipation, chronic",taking product three day worst side effect make feel tired cant take morning started trying night cant wake well beat pain started impacted could barely bend,7.0,"July 24, 2017",10,"constipation, chronic taking product three day worst side effect make feel tired cant take morning started trying night cant wake well beat pain started impacted could barely bend"
67854,Plan B,emergency contraception,condom mishap guy dating im birth control missed pill week worried wasnt protected took pill 16 hour incident side effect day extremely anxious waited period two week away 3 day abdominal cramping felt like bad period cramp went away around day 6 point skin broke acne continued taking seasonique birth control time finally 16 day incident period started took several pregnancy test make sure sure helpful pill long run good lesson really diligent bc pill,9.0,"September 5, 2016",5,emergency contraception condom mishap guy dating im birth control missed pill week worried wasnt protected took pill 16 hour incident side effect day extremely anxious waited period two week away 3 day abdominal cramping felt like bad period cramp went away around day 6 point skin broke acne continued taking seasonique birth control time finally 16 day incident period started took several pregnancy test make sure sure helpful pill long run good lesson really diligent bc pill
98699,Nexplanon,birth control,nexplanon implant month seriously love saved much money nuvaring used didnt bruise got implanted sore day period random bleeding worried side effect im pleased ive birth control 4 year 2 year pill 2 year nuvaring nexplanon much convenient,10.0,"December 12, 2013",10,birth control nexplanon implant month seriously love saved much money nuvaring used didnt bruise got implanted sore day period random bleeding worried side effect im pleased ive birth control 4 year 2 year pill 2 year nuvaring nexplanon much convenient
227996,Etonogestrel,birth control,ive implanon almost 2 month first 2 week got period day im still bleeding day light day heavy day enough bleeding light tampon point im still bleeding biggest complaint implanon im hoping itll stop eventually side effect ive gotten occasional killer headache 800mg motrin take away fact think feel one coming right cant complain much every birth control ive failed hence 2 kid,7.0,"November 4, 2010",0,birth control ive implanon almost 2 month first 2 week got period day im still bleeding day light day heavy day enough bleeding light tampon point im still bleeding biggest complaint implanon im hoping itll stop eventually side effect ive gotten occasional killer headache 800mg motrin take away fact think feel one coming right cant complain much every birth control ive failed hence 2 kid
137111,Isotretinoin,acne,highly encourage anyone struggling acne ask dermatologist accutane ive struggled mild persistent acne year placed antibiotic almost two year trying topical treatment antibiotic worked month still breakout finished 6 month round accutane honestly love drug skin flawless happier ever side effect deal dry lip wasnt bad skin never felt dry actually feel softer,10.0,"September 24, 2015",8,acne highly encourage anyone struggling acne ask dermatologist accutane ive struggled mild persistent acne year placed antibiotic almost two year trying topical treatment antibiotic worked month still breakout finished 6 month round accutane honestly love drug skin flawless happier ever side effect deal dry lip wasnt bad skin never felt dry actually feel softer
76046,Benadryl,allergic rhinitis,good antihistamine cause drowsiness work quickly shrink nasal swelling better choice take newer antihistamine day help ton night wear pollen still bad,8.0,"May 23, 2016",4,allergic rhinitis good antihistamine cause drowsiness work quickly shrink nasal swelling better choice take newer antihistamine day help ton night wear pollen still bad
31006,Miconazole,vaginal yeast infection,omg never buy ever im itching burning bad unbearable used monistat 7 honestly al rather deal infection use stuff omg,1.0,"March 25, 2017",7,vaginal yeast infection omg never buy ever im itching burning bad unbearable used monistat 7 honestly al rather deal infection use stuff omg
14891,Ethinyl estradiol / norethindrone,birth control,ive birth control month needless say nightmare clear skin starting entire month ive cystic pimple along jaw line neck pimple around mouth chin boob swelled lot always hurt mood swing horrendous top bled 212 week straight sorry dont patience wait 3 month longer kind stuff level ill discontinuing,3.0,"August 23, 2017",1,birth control ive birth control month needless say nightmare clear skin starting entire month ive cystic pimple along jaw line neck pimple around mouth chin boob swelled lot always hurt mood swing horrendous top bled 212 week straight sorry dont patience wait 3 month longer kind stuff level ill discontinuing
58789,Azelaic acid,rosacea,acne rosecea like call type rosecea emotional rosecea cheek stay little pink time get hot embarrassed mad pretty much emotion except happy face neck get bright red didnt get acne rosecea probably 24 30 awful cant presentation work without panicking know face throat get bright red tried orecea doryx photo laser beam treatment mirvaso success mirvaso actually made worse helping week finally went new dermatologist prescribed finaceaand love face much less red acne almost gone try,9.0,"June 7, 2015",32,rosacea acne rosecea like call type rosecea emotional rosecea cheek stay little pink time get hot embarrassed mad pretty much emotion except happy face neck get bright red didnt get acne rosecea probably 24 30 awful cant presentation work without panicking know face throat get bright red tried orecea doryx photo laser beam treatment mirvaso success mirvaso actually made worse helping week finally went new dermatologist prescribed finaceaand love face much less red acne almost gone try
122950,Ethinyl estradiol / norgestrel,birth control,started taking cryselle higher dose pill like trisprintec made throw first cryselle made nausea go away lost weight week started pretty severe mood swing started getting worst acne ive ever got huge pimple facethe long lasting painful one great experience,5.0,"August 12, 2015",0,birth control started taking cryselle higher dose pill like trisprintec made throw first cryselle made nausea go away lost weight week started pretty severe mood swing started getting worst acne ive ever got huge pimple facethe long lasting painful one great experience
109162,Nexplanon,birth control,worst birth control option available nexplanon arm six month six month nightmare suffered terrible anxiety also started problem lactose temporarily questioned lactose intolerant would randomly cry alone sparked adult acne trouble breathing sometimes honestly horrible confusing experience sure effective sense prevents pregnancy better option nexplanon,1.0,"March 22, 2017",2,birth control worst birth control option available nexplanon arm six month six month nightmare suffered terrible anxiety also started problem lactose temporarily questioned lactose intolerant would randomly cry alone sparked adult acne trouble breathing sometimes honestly horrible confusing experience sure effective sense prevents pregnancy better option nexplanon
106356,Implanon,birth control,gave benefit doubt 2 session worth prevent pregnancy risk never bleeding dont know yall scared crap sex drive vanished got 1020 lb weight gained course 4 12 year finally got still bleedingnot sure screwed good luck lady,1.0,"March 17, 2017",3,birth control gave benefit doubt 2 session worth prevent pregnancy risk never bleeding dont know yall scared crap sex drive vanished got 1020 lb weight gained course 4 12 year finally got still bleedingnot sure screwed good luck lady
229919,Flurazepam,insomnia,hysterectomy suffering sleep doctor gave ambien work first night sleepless night returned day ago gave dalmane couldnt happier sleeping night however slight headache morning,10.0,"April 14, 2010",61,insomnia hysterectomy suffering sleep doctor gave ambien work first night sleepless night returned day ago gave dalmane couldnt happier sleeping night however slight headache morning
127394,Disulfiram,alcohol dependence,sober month sober month case many month time feel different recent bout alcohol quantity consumed frequency drinking episode increased tremendously cognitive function physicalmental state taken downward spiral wasnt able keep job facilitate healthy relationship around spoke doctor antabuse reluctance able obtain prescription faithful taking pill every day craving minimal knowing option drink isnt physically possible chief contributor attempt sobriety,10.0,"March 27, 2016",83,alcohol dependence sober month sober month case many month time feel different recent bout alcohol quantity consumed frequency drinking episode increased tremendously cognitive function physicalmental state taken downward spiral wasnt able keep job facilitate healthy relationship around spoke doctor antabuse reluctance able obtain prescription faithful taking pill every day craving minimal knowing option drink isnt physically possible chief contributor attempt sobriety
209414,Zomig,migraine,recently gone headache specialist thinking one going help migraine constant tension headache gave zomig really work first time tried wasnt 100 sure headache migraine since felt different one ive always experienced wasnt throbbing front back one side really hurt bad one side pleasantly surprised maybe different kind migraine since weaned excedrin 2 year tramadol use couple day ago bothersome headache intensity 2 day turned normal migraine accustomed zomig took care,10.0,"February 20, 2014",13,migraine recently gone headache specialist thinking one going help migraine constant tension headache gave zomig really work first time tried wasnt 100 sure headache migraine since felt different one ive always experienced wasnt throbbing front back one side really hurt bad one side pleasantly surprised maybe different kind migraine since weaned excedrin 2 year tramadol use couple day ago bothersome headache intensity 2 day turned normal migraine accustomed zomig took care
85304,Ethinyl estradiol / norgestimate,acne,got prescribed 16 hormonal acne effective birth control nice bonus though 25 month blotchy mess become crystalclearasice skin 4 year mostly clear thought problem probably fixed went 20 thought giving headache quitting nightmare 17 day period evened every 2 week started break like volcanic range gained weight let go 3 year thinking would stop finally decided id get back month ago skin bad side wear 60 headscarf hide clearing way far headache nausea,9.0,"July 25, 2015",3,acne got prescribed 16 hormonal acne effective birth control nice bonus though 25 month blotchy mess become crystalclearasice skin 4 year mostly clear thought problem probably fixed went 20 thought giving headache quitting nightmare 17 day period evened every 2 week started break like volcanic range gained weight let go 3 year thinking would stop finally decided id get back month ago skin bad side wear 60 headscarf hide clearing way far headache nausea
118280,Naltrexone,opiate dependence,ive using opiate 8 yr past 3 heavy iv heroin user least 10 different program relapsing every time im considered chronic relapser time chose vivitrol shot got 5 day ago day released rehab guarantee wasnt would high early craving mind clear definitely going get whole year insurance goin pay side effect maybe small common one look nothing complain shit yall aint one bad thinggo get,10.0,"March 18, 2015",76,opiate dependence ive using opiate 8 yr past 3 heavy iv heroin user least 10 different program relapsing every time im considered chronic relapser time chose vivitrol shot got 5 day ago day released rehab guarantee wasnt would high early craving mind clear definitely going get whole year insurance goin pay side effect maybe small common one look nothing complain shit yall aint one bad thinggo get
94814,Abilify,depression,take 4mg abilify 60 mg cymbalta life couldnt better enjoy thing also take focalin adhd help tremendously also im like new person,10.0,"April 28, 2012",46,depression take 4mg abilify 60 mg cymbalta life couldnt better enjoy thing also take focalin adhd help tremendously also im like new person
13317,Amphetamine / dextroamphetamine,adhd,adhd long remember first real memory altar boy would go church could never concentrate supposed would forget pretty much everything sort walking thing zombie every time serve mass rework everything brain went year school couldnt pay attention would actually ask question two three time find adderall later life young available taking 15 milligram instant release twice day life changed better able concentrate first time covrd in 20,10.0,"October 28, 2016",29,adhd adhd long remember first real memory altar boy would go church could never concentrate supposed would forget pretty much everything sort walking thing zombie every time serve mass rework everything brain went year school couldnt pay attention would actually ask question two three time find adderall later life young available taking 15 milligram instant release twice day life changed better able concentrate first time covrd in 20
154493,Clopidogrel,heart attack,taking plavix day came market unique clotting problem heart doctor plavix 325 mg aspirin daily developed atrial fibrillation put warfarin also started bleeding problem took warfarin fine plavix aspirin clot problem encountered,10.0,"September 13, 2011",140,heart attack taking plavix day came market unique clotting problem heart doctor plavix 325 mg aspirin daily developed atrial fibrillation put warfarin also started bleeding problem took warfarin fine plavix aspirin clot problem encountered
84870,Ethinyl estradiol / norgestimate,birth control,ive trinessa month ive positive experience period time acne going away spotting weight gain slight nausea start taking pill went away quickly also prevents pregnancy would recommend little cost generic ortho tri cyclen,10.0,"March 21, 2016",3,birth control ive trinessa month ive positive experience period time acne going away spotting weight gain slight nausea start taking pill went away quickly also prevents pregnancy would recommend little cost generic ortho tri cyclen
83566,Levocetirizine,allergies,taking xyzal 10 day first couple day thought finally found answer chronic cough allergy symptom helped sleep night without coughing day fifth sixth day started severe muscle ache joint pain entire body mother 88 year old feel like describes body pain last day trying decide worth pain fatigue morning 10th day top joint pain muscle ache tiredness oh crazy vivid dream felt wanting cry several time today thats im done,1.0,"April 10, 2017",25,allergies taking xyzal 10 day first couple day thought finally found answer chronic cough allergy symptom helped sleep night without coughing day fifth sixth day started severe muscle ache joint pain entire body mother 88 year old feel like describes body pain last day trying decide worth pain fatigue morning 10th day top joint pain muscle ache tiredness oh crazy vivid dream felt wanting cry several time today thats im done
114247,Nicotine,smoking cessation,im 7months pregnant smoking 1 pack day smoked 26 year happy babyso went doctor pleaded help quit doctor helped putting nicorette inhalator wow im even craving fag feel lot better cloud nine moment 2 day without fag love x side effect,5.0,"June 18, 2016",14,smoking cessation im 7months pregnant smoking 1 pack day smoked 26 year happy babyso went doctor pleaded help quit doctor helped putting nicorette inhalator wow im even craving fag feel lot better cloud nine moment 2 day without fag love x side effect
20299,Cambia,migraine,given sample doctor suffered headache 247 last 18 month one dose got first relief ive ever since injury causing headache miracle,10.0,"May 4, 2013",27,migraine given sample doctor suffered headache 247 last 18 month one dose got first relief ive ever since injury causing headache miracle
17869,Ethinyl estradiol / etonogestrel,birth control,ive birth control twenty year went back two year ago help heavy period tendonitis caused low estrogen still break bleeding period every 19 day strong pill asked switched ring ive nuvaring two month break bleeding period started two day removing ring light unfortunately side effect great bad back ache abdominal tenderness diarrhea break out along jaw upper back hairline vaginal irritation headache occasional low grade fever abdominal pain sex lack energy lack concentration im extremely cranky,7.0,"November 3, 2013",11,birth control ive birth control twenty year went back two year ago help heavy period tendonitis caused low estrogen still break bleeding period every 19 day strong pill asked switched ring ive nuvaring two month break bleeding period started two day removing ring light unfortunately side effect great bad back ache abdominal tenderness diarrhea break out along jaw upper back hairline vaginal irritation headache occasional low grade fever abdominal pain sex lack energy lack concentration im extremely cranky
140175,Asenapine,bipolar disorde,took drug antidepressant causing horrible mood swing work well quickly side effect awful problem would really intense episode heavy breathingheartbeat twitching would barely able move hopefully get used go away great medication really helped mood mental clarity,7.0,"December 11, 2014",14,bipolar disorde took drug antidepressant causing horrible mood swing work well quickly side effect awful problem would really intense episode heavy breathingheartbeat twitching would barely able move hopefully get used go away great medication really helped mood mental clarity
94016,Trintellix,major depressive disorde,started med september 2015 30 psychotropic medication past twenty year manage mdd anxiety 30ish ect treatment well also regular cbt therapy nothing working couple month however started trintellix saw improvement within month decade depressive episode never got remission partial remission isnt complete remission ive dealt fact may card havent active suicidal thought year point hadnt gone without suicidal thought month drug life saver side effect,10.0,"November 12, 2016",70,major depressive disorde started med september 2015 30 psychotropic medication past twenty year manage mdd anxiety 30ish ect treatment well also regular cbt therapy nothing working couple month however started trintellix saw improvement within month decade depressive episode never got remission partial remission isnt complete remission ive dealt fact may card havent active suicidal thought year point hadnt gone without suicidal thought month drug life saver side effect
208018,Suprep Bowel Prep Kit,bowel preparation,second colonoscopy first time using surprep given pill last time didnt like product extremely nauseating effect took first dose 500pm yesterday took 10 minute kick medicine didnt taste bad orange gatorade however experienced terrible heart burn acid reflux nausea began feel back normal 300am second dose even begin explain nausea time debilitating ready get eat,1.0,"December 30, 2013",9,bowel preparation second colonoscopy first time using surprep given pill last time didnt like product extremely nauseating effect took first dose 500pm yesterday took 10 minute kick medicine didnt taste bad orange gatorade however experienced terrible heart burn acid reflux nausea began feel back normal 300am second dose even begin explain nausea time debilitating ready get eat
133028,Loestrin 24 Fe,1</span> users found this comment helpful.,took four month loved gain weight missed maybe twice get sick took 2 next day break acne first wasnt best took wasnt bad felt sick first week started never knowledge abnormal mood swing first couple month spot throughout month figured body getting used stop taking 75 insurance month,10.0,"July 9, 2012",1,1</span> users found this comment helpful. took four month loved gain weight missed maybe twice get sick took 2 next day break acne first wasnt best took wasnt bad felt sick first week started never knowledge abnormal mood swing first couple month spot throughout month figured body getting used stop taking 75 insurance month
40208,Amiodarone,arrhythmia,amiodrone two month prescribe doctor baja mexico loss weight anxiety back u discover sent thyroid skyrocket loss weight general poor quality life thyroid retested four week recommended see neurologist due possible parkinson ban drug,1.0,"June 7, 2015",36,arrhythmia amiodrone two month prescribe doctor baja mexico loss weight anxiety back u discover sent thyroid skyrocket loss weight general poor quality life thyroid retested four week recommended see neurologist due possible parkinson ban drug
125470,Dulcolax,constipation,took 2 dulcolax mild constipation 5 hour later hit severe abdominal pain sweating 45 minute first time used leave emergency room subsided daughter read review dulcolax found several people affected way would definitely stay away product relieve constipation morning,1.0,"May 9, 2013",49,constipation took 2 dulcolax mild constipation 5 hour later hit severe abdominal pain sweating 45 minute first time used leave emergency room subsided daughter read review dulcolax found several people affected way would definitely stay away product relieve constipation morning
74897,Keppra,new daily persistent headache,ive using 1500 mg keppra three year achy head mri dr found cerebellar atrophy long take 750mg dose time absolutely problem anymore achy head ive lived life til age 48 wake late worth ill wake awful headache doesnt go away 12 hour take keppra also take 750mg bed achy head past thanks keppra,10.0,"February 5, 2010",24,new daily persistent headache ive using 1500 mg keppra three year achy head mri dr found cerebellar atrophy long take 750mg dose time absolutely problem anymore achy head ive lived life til age 48 wake late worth ill wake awful headache doesnt go away 12 hour take keppra also take 750mg bed achy head past thanks keppra
70599,Flomax,benign prostatic hyperplasia,started taking almost week 1st thing noticed weak orgasm little semen penis largely flaccid flow improved hope dribble improves within next week semen orgasm issue though,4.0,"December 4, 2009",95,benign prostatic hyperplasia started taking almost week 1st thing noticed weak orgasm little semen penis largely flaccid flow improved hope dribble improves within next week semen orgasm issue though
103146,Estarylla,abnormal uterine bleeding,started taking pill severe menstrual cramp ive take lot ibuprofen daily manage pain hopefully decrease amount clot passing sorrytmii know throughout period large numerous painful pleased result one month clotting pm symptom significantly decreased cramp manageable able function like normal person work cycle apprehensive estarylla birth control bad review lifesaver sticking pill forever ever amen,10.0,"June 7, 2017",2,abnormal uterine bleeding started taking pill severe menstrual cramp ive take lot ibuprofen daily manage pain hopefully decrease amount clot passing sorrytmii know throughout period large numerous painful pleased result one month clotting pm symptom significantly decreased cramp manageable able function like normal person work cycle apprehensive estarylla birth control bad review lifesaver sticking pill forever ever amen
211710,Lamotrigine,bipolar disorde,lamictal life saver started 18 4 year unsuccessful treatment plus 23 year emotional instability treated started lamictal finally felt like person always supposed grow get morning woozies increase dose worsening symptom less remission minimal side effect generally effective stand alone maintenance drug,9.0,"May 25, 2017",30,bipolar disorde lamictal life saver started 18 4 year unsuccessful treatment plus 23 year emotional instability treated started lamictal finally felt like person always supposed grow get morning woozies increase dose worsening symptom less remission minimal side effect generally effective stand alone maintenance drug
10927,Terbinafine,"onychomycosis, toenail",embarrassed go barefoot ten toe infected brown tint fed decided something heard lamisil research medicine concern side effect live damage went laser treatment ten toe 5 month change toenail look disappointed went back dr said lamisil work best infection much thought tired condition decided go lamisil still concerned side effect dr ordered 1st liver test came back good go almost 3 month medicine couldnt happier brown tint almost gone new nail growing side effect,9.0,"May 21, 2014",157,"onychomycosis, toenail embarrassed go barefoot ten toe infected brown tint fed decided something heard lamisil research medicine concern side effect live damage went laser treatment ten toe 5 month change toenail look disappointed went back dr said lamisil work best infection much thought tired condition decided go lamisil still concerned side effect dr ordered 1st liver test came back good go almost 3 month medicine couldnt happier brown tint almost gone new nail growing side effect"
195240,Hydrocodone / ibuprofen,pain,back problem first pill relieved pain also restored ability physical relationship could see could addictive take really needed,10.0,"July 29, 2009",19,pain back problem first pill relieved pain also restored ability physical relationship could see could addictive take really needed
209537,Levsin SL,irritable bowel syndrome,irritable bowel syndrome know seem pop time sublingual medication work quickly stop spasm colon physician explains slows action colon antidiarrheal completely stop action colon dont want stop action colon,9.0,"November 18, 2012",45,irritable bowel syndrome irritable bowel syndrome know seem pop time sublingual medication work quickly stop spasm colon physician explains slows action colon antidiarrheal completely stop action colon dont want stop action colon
1596,Eluxadoline,irritable bowel syndrome,suffered severe ibsd past 5 year continuing get worse seemed like tried everything still bad day good cut gluten dairy coffee pretty much every possible trigger cut diet levsin three time daily also still take immodium could take three immodium still would stop diarrhea would last entire day even taking medication wit end doctor try viberzi end december put 75 mg twice daily far fantastic much improved went two week straight without episode diarrhea year since ive gone long,9.0,"February 1, 2017",17,irritable bowel syndrome suffered severe ibsd past 5 year continuing get worse seemed like tried everything still bad day good cut gluten dairy coffee pretty much every possible trigger cut diet levsin three time daily also still take immodium could take three immodium still would stop diarrhea would last entire day even taking medication wit end doctor try viberzi end december put 75 mg twice daily far fantastic much improved went two week straight without episode diarrhea year since ive gone long
206970,Felbamate,epilepsy,started taking felbatol october 1995 several medication nothing would stop seizure even combination medicine april 1996 almost seizure free 17 yr seizure free one unless experienced imagine change life,10.0,"October 12, 2013",13,epilepsy started taking felbatol october 1995 several medication nothing would stop seizure even combination medicine april 1996 almost seizure free 17 yr seizure free one unless experienced imagine change life
56741,Elavil,migraine prevention,ive migraine since 21 69 absolutely horrible debilitating migraine sometimes lasting several day neurologist started elavil recently still head pain severe bearable life beginning something look forward even going visit one son arizona something havent done number year,5.0,"October 18, 2011",20,migraine prevention ive migraine since 21 69 absolutely horrible debilitating migraine sometimes lasting several day neurologist started elavil recently still head pain severe bearable life beginning something look forward even going visit one son arizona something havent done number year
186354,Desvenlafaxine,ibromyalgia,bad side effect 2 week starting medicine tolerated fairly well couple month 50mg 100 mg raise blood pressure libido issue like efexxor nothing fibromyalgia took week stop coming pristiq worse starting nasty headache everyday also made hair fall alarming rate handful hair stopped falling month stopped pristiq,4.0,"January 9, 2012",13,ibromyalgia bad side effect 2 week starting medicine tolerated fairly well couple month 50mg 100 mg raise blood pressure libido issue like efexxor nothing fibromyalgia took week stop coming pristiq worse starting nasty headache everyday also made hair fall alarming rate handful hair stopped falling month stopped pristiq
221147,Drysol,hyperhidrosis,stuff really work right underarm would sweat almost instantly would leave biggest stain since using drysol stopped downside badly burn burn itch badly first apply result good temporary burn almost worth,9.0,"February 8, 2016",9,hyperhidrosis stuff really work right underarm would sweat almost instantly would leave biggest stain since using drysol stopped downside badly burn burn itch badly first apply result good temporary burn almost worth
173723,Brexpiprazole,major depressive disorde,medicine two week already notice difference able sleep night cry much outlook life starting look better take along wellbutrin please make affordable everyone,8.0,"December 4, 2015",75,major depressive disorde medicine two week already notice difference able sleep night cry much outlook life starting look better take along wellbutrin please make affordable everyone
110939,Acetaminophen / butalbital / caffeine / codeine,headache,medication help take 23 pill complete resolution migraine codeine ingredient help put sleep sleep migraine,8.0,"March 29, 2015",6,headache medication help take 23 pill complete resolution migraine codeine ingredient help put sleep sleep migraine
51737,Aczone,acne,im early 20 dealing acne since secondary school nothing worked oral cream gel week half ago went new dermatologist prescribed aczone deciding gave go full week im noticing improvement realized still larger bump smaller bump basically diminished look toward continuing use product,9.0,"May 1, 2013",16,acne im early 20 dealing acne since secondary school nothing worked oral cream gel week half ago went new dermatologist prescribed aczone deciding gave go full week im noticing improvement realized still larger bump smaller bump basically diminished look toward continuing use product
91863,Lyrica,neuropathic pain,taking lyrica spinal cord injury started 75 mg daily seem stop severe burning foot memory problem blurred vision dr upped med 150 mg 2x daily sure im going react ill report back week two brain left,4.0,"May 8, 2017",20,neuropathic pain taking lyrica spinal cord injury started 75 mg daily seem stop severe burning foot memory problem blurred vision dr upped med 150 mg 2x daily sure im going react ill report back week two brain left
47291,Certolizumab,ankylosing spondylitis,say experience medication enbrel humira simponi cimzia positive odd reason body continually rejecting end uncommon rare side effect stop using seems reach 3 month mark side effect start showing last trial cimzia began symptom past month research doctor told symptom cimziathis last injection took 3 day ago given terrible swelling foot lower leg loss nowseems nothing else canadian market,2.0,"December 11, 2016",3,ankylosing spondylitis say experience medication enbrel humira simponi cimzia positive odd reason body continually rejecting end uncommon rare side effect stop using seems reach 3 month mark side effect start showing last trial cimzia began symptom past month research doctor told symptom cimziathis last injection took 3 day ago given terrible swelling foot lower leg loss nowseems nothing else canadian market
73546,Ethinyl estradiol / norethindrone,birth control,medication 3 month didnt great experience one first two week extremely nauseous died breast sore grew small b full c time sex drive dramatically decreased became moody never really stopped starting different birth control end cycle relieved giving two prevent pregnancy made period regular,2.0,"July 29, 2013",9,birth control medication 3 month didnt great experience one first two week extremely nauseous died breast sore grew small b full c time sex drive dramatically decreased became moody never really stopped starting different birth control end cycle relieved giving two prevent pregnancy made period regular
6778,Beyaz,birth control,ive taking beyaz week great side effect ive really problem intense craving none side effect clearer skin increased libido problem slightest would say starting take beyaz wonderful choice,7.0,"February 5, 2012",5,birth control ive taking beyaz week great side effect ive really problem intense craving none side effect clearer skin increased libido problem slightest would say starting take beyaz wonderful choice
36117,Coreg,heart failure,work well congestive heart failure chf however started using year ago discovered coreg may cause painful peripheral neuropathy diabetic developed neuropathy guess doctor caused coreg,8.0,"December 24, 2014",43,heart failure work well congestive heart failure chf however started using year ago discovered coreg may cause painful peripheral neuropathy diabetic developed neuropathy guess doctor caused coreg
222140,Rozerem,insomnia,took three night gave seemed keep longer usual worst part dizzy next day almost like vertigo usually go laying standing position room spin three night since ive taken medication side effect gotten better,1.0,"December 18, 2015",31,insomnia took three night gave seemed keep longer usual worst part dizzy next day almost like vertigo usually go laying standing position room spin three night since ive taken medication side effect gotten better
22514,Nuedexta,pseudobulbar affect,finally dad diagnosed dementiaalzeihmers went aggressive behavior tried hurt risperidone helped aggression constant yelling cry started lot trial doctor prescribed nuedexta took away yelling cry alert thinking clearer truly happy able visit enjoy time together,10.0,"May 8, 2013",46,pseudobulbar affect finally dad diagnosed dementiaalzeihmers went aggressive behavior tried hurt risperidone helped aggression constant yelling cry started lot trial doctor prescribed nuedexta took away yelling cry alert thinking clearer truly happy able visit enjoy time together
203599,Zyban,smoking cessation,started smoking age 9 smoking alot age 13 started driving 18 wheeler age 23 four five pack day depending whether work 23 24 hour day dec 1999 took zyban think month remember made little nut time well violent understand change addictive center brain changed personality well second week relapsed one day none seventeen year one cigarette still wanted one awhile never enough light one wish done sooner lung went copd make mistake would long dead quit coffee full phlegm day,10.0,"January 25, 2017",34,smoking cessation started smoking age 9 smoking alot age 13 started driving 18 wheeler age 23 four five pack day depending whether work 23 24 hour day dec 1999 took zyban think month remember made little nut time well violent understand change addictive center brain changed personality well second week relapsed one day none seventeen year one cigarette still wanted one awhile never enough light one wish done sooner lung went copd make mistake would long dead quit coffee full phlegm day
144997,Etonogestrel,birth control,implanon inserted 2010 17 year old insertion procedure fine experienced little spotting first 6 week normal period virtually side effect 3years loved contraception much immediately put second one 3 year kept second implanon 2 year decided take beginning get unpredictable bleeding could last couple week mood became low felt body telling enough however overall delighted experience implanon 5 year didnt need worry pregnancy period also recommended many friend,9.0,"December 1, 2015",6,birth control implanon inserted 2010 17 year old insertion procedure fine experienced little spotting first 6 week normal period virtually side effect 3years loved contraception much immediately put second one 3 year kept second implanon 2 year decided take beginning get unpredictable bleeding could last couple week mood became low felt body telling enough however overall delighted experience implanon 5 year didnt need worry pregnancy period also recommended many friend
129216,Levonorgestrel,birth control,skyla inserted friday removed following monday cramp pain afterwards chill diarrhea dizziness unbearably nauseous anxiety chart one worst weekend life really wanted work didnt,1.0,"October 5, 2015",1,birth control skyla inserted friday removed following monday cramp pain afterwards chill diarrhea dizziness unbearably nauseous anxiety chart one worst weekend life really wanted work didnt
208426,Oseltamivir,influenza,flu came nowhere saturday chill headache worst also cough earache body ache temp 102 spent weekend bed sure would survive went dr monday tested positive flu started tamiflu zpak tuesday feeling much better expensive regret cost worked pay copay many year since flu much worse could imagine would pay whole 80 needed,9.0,"September 24, 2013",11,influenza flu came nowhere saturday chill headache worst also cough earache body ache temp 102 spent weekend bed sure would survive went dr monday tested positive flu started tamiflu zpak tuesday feeling much better expensive regret cost worked pay copay many year since flu much worse could imagine would pay whole 80 needed
132921,Loestrin 24 Fe,birth control,loved pill reason stopped way busy take time every day birth control implant gain weight acne well ive always bad acne even birth control secretly hoping would clear definitely get worse weight gain etc lightened cycle fist year afterwards would regularly get period every month would never get take test worried towards end year horrible taking time day would even forget take back protection still never pregnant loved pill,10.0,"September 11, 2015",7,birth control loved pill reason stopped way busy take time every day birth control implant gain weight acne well ive always bad acne even birth control secretly hoping would clear definitely get worse weight gain etc lightened cycle fist year afterwards would regularly get period every month would never get take test worried towards end year horrible taking time day would even forget take back protection still never pregnant loved pill
210228,Linzess,"constipation, chronic",experienced chronic constipation since diagnosed systemic lupus 15 year ago tried nearly every counter remedy shortterm relief 185 mg linzess month happy actually work maybe soon decide great drug relieve constipation far stimulates bowel movement 23 daysweek often within 2 hour taking drug empty stomach day bloated constipated full gas,6.0,"January 13, 2016",20,"constipation, chronic experienced chronic constipation since diagnosed systemic lupus 15 year ago tried nearly every counter remedy shortterm relief 185 mg linzess month happy actually work maybe soon decide great drug relieve constipation far stimulates bowel movement 23 daysweek often within 2 hour taking drug empty stomach day bloated constipated full gas"
224408,Levothyroxine,"hypothyroidism, after thyroid removal",surgeon took charge synthroid medicine big mistake saw endocrinologist found correct dosage felt better took 18 month find correct dosage take 02mg monfri add 005mg weekend work many problem got right dose surgeon said synthroid wrong extreme fatigue sleeping 10 hour per night 1 hour afternoon trouble remembering thing well inability concentrate balance frequently missed step curb walking well often feeling like going black faint never correct dose everything much better,9.0,"March 29, 2011",128,"hypothyroidism, after thyroid removal surgeon took charge synthroid medicine big mistake saw endocrinologist found correct dosage felt better took 18 month find correct dosage take 02mg monfri add 005mg weekend work many problem got right dose surgeon said synthroid wrong extreme fatigue sleeping 10 hour per night 1 hour afternoon trouble remembering thing well inability concentrate balance frequently missed step curb walking well often feeling like going black faint never correct dose everything much better"
220379,Loestrin 24 Fe,birth control,started taking loestrin pregnancy prevention two year ago virtually side effect birth control lowest dose hormone control nausea huge problem previous birth control skin look great weight gain cramping bloating pm hormone regulated period disappeared 6 month breast get bigger full cup size maybe half found sentimental thing make cry easier pill importantly though birth control prevents pregnancy take everyday time 30 minute never scare two year,9.0,"March 20, 2012",1,birth control started taking loestrin pregnancy prevention two year ago virtually side effect birth control lowest dose hormone control nausea huge problem previous birth control skin look great weight gain cramping bloating pm hormone regulated period disappeared 6 month breast get bigger full cup size maybe half found sentimental thing make cry easier pill importantly though birth control prevents pregnancy take everyday time 30 minute never scare two year
67533,Plan B,emergency contraception,18 year old girl made stupid mistake boyfriend never unprotected sex november 3rd got period october 28 finishing period day unprotected sex ran get plan b hour accident googled everything plan b saw apparently 165 pound weight limit really scared cause im,4.0,"November 5, 2017",0,emergency contraception 18 year old girl made stupid mistake boyfriend never unprotected sex november 3rd got period october 28 finishing period day unprotected sex ran get plan b hour accident googled everything plan b saw apparently 165 pound weight limit really scared cause im
161573,Remeron,depression,medication magic bullet anxiety wise depression wise slept extremely well anxiety plummeted would definitely stayed werent atrocious weight gain normally 110 lb within 15 month 130lbs time wasnt eating much normal skateboarding canoeing running yet still putting weight happiest yet fattest ever drug lovehate relationship decided go couldnt tolerate weight shame since extremely effective otherwise oh well,9.0,"March 24, 2017",46,depression medication magic bullet anxiety wise depression wise slept extremely well anxiety plummeted would definitely stayed werent atrocious weight gain normally 110 lb within 15 month 130lbs time wasnt eating much normal skateboarding canoeing running yet still putting weight happiest yet fattest ever drug lovehate relationship decided go couldnt tolerate weight shame since extremely effective otherwise oh well
158535,Methylphenidate,adhd,ive half adhd medication list either made worse added tic first medication gave started taking concerta two year ago remember improving school greatly work fast help lot,10.0,"May 2, 2014",61,adhd ive half adhd medication list either made worse added tic first medication gave started taking concerta two year ago remember improving school greatly work fast help lot
121922,Venlafaxine,hot flashes,ovary removed hot flash bad one every hour could get decent night sleepthe doctor said flash got bad could try antidepressant need thought month said okay ill try lowest dose 8 year done hot flash dont know dont want find side benefit also took edge stress worrying recommend every woman cant take hormone hot flash try side effect loss appetite make sure doctor check liver function yearly,10.0,"March 27, 2012",163,hot flashes ovary removed hot flash bad one every hour could get decent night sleepthe doctor said flash got bad could try antidepressant need thought month said okay ill try lowest dose 8 year done hot flash dont know dont want find side benefit also took edge stress worrying recommend every woman cant take hormone hot flash try side effect loss appetite make sure doctor check liver function yearly
207944,Suprep Bowel Prep Kit,bowel preparation,big deal people doesnt taste great salted cherry come mind certainly unbearable started 5pm drank slowly first movement within 30 minute even finished bloating watery movement next hour every half hour definitely bloating nothing awful headache used baby wipe ad ointment didnt even need soreness,9.0,"October 12, 2014",38,bowel preparation big deal people doesnt taste great salted cherry come mind certainly unbearable started 5pm drank slowly first movement within 30 minute even finished bloating watery movement next hour every half hour definitely bloating nothing awful headache used baby wipe ad ointment didnt even need soreness
56400,Humira,psoriatic arthritis,started taking humira 2008 covered 80 body took humira least 8 week improvement plaque psoriasis although noticed big improvement arthritis pain stiffness cleared within 2 year widespread finally regularly two year addition methotrexate without feel knee hand 5 spot happy side effect 1 time liver function affected easily fixed lesser dose methotrexate,9.0,"March 11, 2014",23,psoriatic arthritis started taking humira 2008 covered 80 body took humira least 8 week improvement plaque psoriasis although noticed big improvement arthritis pain stiffness cleared within 2 year widespread finally regularly two year addition methotrexate without feel knee hand 5 spot happy side effect 1 time liver function affected easily fixed lesser dose methotrexate
17581,Ethinyl estradiol / etonogestrel,birth control,ive nuvaring 5 month pretty good got different partner initially experienced bleeding beginning hard sex bigger guy ive blead quite bit say totally feel doesnt feel best tried sex didnt bleed still take something every time sex 3 hour time constraint per 24 hour fun plus though like dont take pill everyday however also explaining guy might feel something foreplay also funnest,5.0,"September 15, 2016",2,birth control ive nuvaring 5 month pretty good got different partner initially experienced bleeding beginning hard sex bigger guy ive blead quite bit say totally feel doesnt feel best tried sex didnt bleed still take something every time sex 3 hour time constraint per 24 hour fun plus though like dont take pill everyday however also explaining guy might feel something foreplay also funnest
222166,Rozerem,insomnia,taken least 10 time expensive worked 1 10 dos trying avoid caffeine aspirin difficult see work better,2.0,"January 24, 2011",24,insomnia taken least 10 time expensive worked 1 10 dos trying avoid caffeine aspirin difficult see work better
223778,Depakote ER,bipolar disorde,honestly medicine saved life went multiple long lasting episode mania none ya still get thought im relaxed able make conscious choice im negative side affect hair loss temporary worth nothing better feeling like control medicine dont scared ask doctor,10.0,"April 27, 2016",20,bipolar disorde honestly medicine saved life went multiple long lasting episode mania none ya still get thought im relaxed able make conscious choice im negative side affect hair loss temporary worth nothing better feeling like control medicine dont scared ask doctor
10693,Spironolactone,high blood pressure,im 46 year old female spironolactone 2 year high blood pressure year half doctor took couple month great blood pressure thought avid exercising diet change id able regulate blood pressure immediately shot dangerous level back spironolactone immediately also immediately took blood pressure back safe level unless something else come along guess im life count blessing job two noticeable sideeffects negative positive slight drowsiness keep water retention bay problem previously,8.0,"January 23, 2013",87,high blood pressure im 46 year old female spironolactone 2 year high blood pressure year half doctor took couple month great blood pressure thought avid exercising diet change id able regulate blood pressure immediately shot dangerous level back spironolactone immediately also immediately took blood pressure back safe level unless something else come along guess im life count blessing job two noticeable sideeffects negative positive slight drowsiness keep water retention bay problem previously
96284,Sertraline,depression,ive taking zoloft 6 month nowbegan 25mg worked 75 mg im person hate medicine tapered 50 mg tried go back 25 mg unfortunately symptom came back racing pulse anxiety im back 50 mg feel even keel humbling admit need medication dislike make feel dependent also realize job lost 510 pound since starting first week fog suffered horrible headache nausea per doctor word symptom subside ive single panic attack since starting zoloft,9.0,"February 14, 2011",66,depression ive taking zoloft 6 month nowbegan 25mg worked 75 mg im person hate medicine tapered 50 mg tried go back 25 mg unfortunately symptom came back racing pulse anxiety im back 50 mg feel even keel humbling admit need medication dislike make feel dependent also realize job lost 510 pound since starting first week fog suffered horrible headache nausea per doctor word symptom subside ive single panic attack since starting zoloft
157396,Guaifenesin,ibromyalgia,guaifenesin almost 20 year using protocol dr st amand founded life saver able get health stamen back shape closely following instruction recommendation able maintain executive working position later able caregiver two family member highly recommend drug protocol,10.0,"August 14, 2016",39,ibromyalgia guaifenesin almost 20 year using protocol dr st amand founded life saver able get health stamen back shape closely following instruction recommendation able maintain executive working position later able caregiver two family member highly recommend drug protocol
219754,Amitriptyline,anxiety and stress,many year resistant taking medication anxiety watched mother bipolar try many type medication without success anxiety constant racing thought hypochondria worry kid etc stress actually causing physical pain even tense sleep woke every morning feeling like fight elavil life changing started 10mg bumped 25mg couple week side effect experience drowsiness take night big deal sometimes weird dream ease day longer stressrelated pain quality life vastly improved,10.0,"February 24, 2017",88,anxiety and stress many year resistant taking medication anxiety watched mother bipolar try many type medication without success anxiety constant racing thought hypochondria worry kid etc stress actually causing physical pain even tense sleep woke every morning feeling like fight elavil life changing started 10mg bumped 25mg couple week side effect experience drowsiness take night big deal sometimes weird dream ease day longer stressrelated pain quality life vastly improved
211015,Carisoprodol,muscle spasm,medicine helping neck spasm bulging disc rhuematoid arthritis gouty arthritis chronic pain really help also like say give shot work,8.0,"July 30, 2011",37,muscle spasm medicine helping neck spasm bulging disc rhuematoid arthritis gouty arthritis chronic pain really help also like say give shot work
43439,Hydromorphone,pain,given post breast cyst biopsy least helped severe pain doctor want take dilaudid motrin 800 hopefully get relief,3.0,"May 7, 2015",6,pain given post breast cyst biopsy least helped severe pain doctor want take dilaudid motrin 800 hopefully get relief
84739,Ethinyl estradiol / norgestimate,birth control,worst birth control ever ortho tri cyclen lo year 2 insurance chose tri lo sprintec generic brand pharmacist told exact thing wasnt felt fine first pack right second pack started get anxiety attack nowhere would sitting couch heart would start racing felt like couldnt breath diagnosed interstitial cystitis 3 year ago completely made flare top upset time reason would recommend birth control anyone,1.0,"June 15, 2016",7,birth control worst birth control ever ortho tri cyclen lo year 2 insurance chose tri lo sprintec generic brand pharmacist told exact thing wasnt felt fine first pack right second pack started get anxiety attack nowhere would sitting couch heart would start racing felt like couldnt breath diagnosed interstitial cystitis 3 year ago completely made flare top upset time reason would recommend birth control anyone
70622,Flomax,urinary tract stones,seems like miracle pain kidney stone ureter first stone tried given several quite significant bout pain 45 mm stone passed couple day starting additional pain since used two stone turned 3 34 mm passed essentially pain starting flomax 3 stone passed essentially pain taking flomax total 6 pill flomax used,10.0,"March 17, 2012",98,urinary tract stones seems like miracle pain kidney stone ureter first stone tried given several quite significant bout pain 45 mm stone passed couple day starting additional pain since used two stone turned 3 34 mm passed essentially pain starting flomax 3 stone passed essentially pain taking flomax total 6 pill flomax used
81029,Hypercare,hyperhidrosis,product changed life used hide sweat underarms black refuse buy anything black love new look new confidence,10.0,"July 1, 2012",3,hyperhidrosis product changed life used hide sweat underarms black refuse buy anything black love new look new confidence
86714,Glycerin,constipation,work one hour half later able pas nothing else confusing used year ago worked great,1.0,"June 8, 2016",3,constipation work one hour half later able pas nothing else confusing used year ago worked great
139313,Armodafinil,shift work sleep disorde,always total skeptic med butoh god first time user medication took 500mg dose around 6 hour ago 1010 rush since unbelievable feeling basically top gun alert ninja readiness shaking slightly anticipation similar experience damn good mdcapfrom ive told long work shift 1617 hour seems unbelievable feel good conclusion shift total madness think potential abuse medication must astronomical note apparently moderate dopaminergic effect certainly feel extent,10.0,"October 4, 2016",2,shift work sleep disorde always total skeptic med butoh god first time user medication took 500mg dose around 6 hour ago 1010 rush since unbelievable feeling basically top gun alert ninja readiness shaking slightly anticipation similar experience damn good mdcapfrom ive told long work shift 1617 hour seems unbelievable feel good conclusion shift total madness think potential abuse medication must astronomical note apparently moderate dopaminergic effect certainly feel extent
210565,Maxzide,edema,used take hydrochlorothiazide alone maxzide night day difference take first time 2 hour later lost possibly 5 6 pound water see ab wow suffer fluid retension uncontrolled hashimotos,10.0,"December 17, 2014",40,edema used take hydrochlorothiazide alone maxzide night day difference take first time 2 hour later lost possibly 5 6 pound water see ab wow suffer fluid retension uncontrolled hashimotos
30133,Klonopin,anxiety,done full arsenal antidepressant minimal resolution sadgad generally healthy 48 year old male mysteriously 2 year ago developed intense gadsad terrified flop sweat meeting avoidance social gatheringsinteraction nonstop anxiousness handful panic attack recommendation therapist gp reluctantly prescribed clonazepan klonopin 1 mg 2 x day full 1 mg made bit glassy eyed dull reducing 05 mg morning handle workrelated anxiety 1mg night bed success close goofy outgoing person anxiety kicked fullforce bravo found right mix finally,10.0,"August 20, 2014",155,anxiety done full arsenal antidepressant minimal resolution sadgad generally healthy 48 year old male mysteriously 2 year ago developed intense gadsad terrified flop sweat meeting avoidance social gatheringsinteraction nonstop anxiousness handful panic attack recommendation therapist gp reluctantly prescribed clonazepan klonopin 1 mg 2 x day full 1 mg made bit glassy eyed dull reducing 05 mg morning handle workrelated anxiety 1mg night bed success close goofy outgoing person anxiety kicked fullforce bravo found right mix finally
33948,Junel Fe 1 / 20,birth control,myometomy 7 year ago relief experiencing abdominal pain heavy bleeding blood clot cramping menstrual cycle fast forward 7 year later symptomsabdominal pain heavy bleeding blood clot cramping knew fibroid grew back extensive testing ultrasound confirmed doctor said fibroid outside uterine wall inside gave option surgery birth control chose birth control put junel 120 far little cramping blood clot abdominal pain mind still take ibuprofen im physically outgoing bed ridden curled ball,10.0,"December 3, 2014",10,birth control myometomy 7 year ago relief experiencing abdominal pain heavy bleeding blood clot cramping menstrual cycle fast forward 7 year later symptomsabdominal pain heavy bleeding blood clot cramping knew fibroid grew back extensive testing ultrasound confirmed doctor said fibroid outside uterine wall inside gave option surgery birth control chose birth control put junel 120 far little cramping blood clot abdominal pain mind still take ibuprofen im physically outgoing bed ridden curled ball
147464,Alprazolam,anxiety,ive tried everything nothing else ever worked anxiety depression sweaty palm lack energy etc consider xanax miracle drug misuse many people really need hard time obtaining wrong believe someone medical history anxiety depression denied help need nothing else work ive switched valium klonipin buspar zoloft paxil lexapro etc suffer worse truly beneficial medicine need,10.0,"May 28, 2010",12,anxiety ive tried everything nothing else ever worked anxiety depression sweaty palm lack energy etc consider xanax miracle drug misuse many people really need hard time obtaining wrong believe someone medical history anxiety depression denied help need nothing else work ive switched valium klonipin buspar zoloft paxil lexapro etc suffer worse truly beneficial medicine need
174498,Abreva,herpes simplex,tried first time wednesday afternoon sore rapidly starting friday night tiny dry speck also worked weird unknown irritation face quickest remember one resolve applied tiny bit probably every hour whenever became aware worked well,10.0,"July 29, 2017",4,herpes simplex tried first time wednesday afternoon sore rapidly starting friday night tiny dry speck also worked weird unknown irritation face quickest remember one resolve applied tiny bit probably every hour whenever became aware worked well
11465,Pramipexole,restless legs syndrome,made rls tolerable year gradually made worse saw study called augmentation low dose quit taking couple week im better drug,1.0,"June 1, 2016",11,restless legs syndrome made rls tolerable year gradually made worse saw study called augmentation low dose quit taking couple week im better drug
30422,Klonopin,anxiety,klonopin totally reduced general anxiety especially social situation communicating others somewhat sedating also make decent sleep aid although ive better one overall great though better ativan opinion take 1 3 mg daily,10.0,"October 11, 2009",28,anxiety klonopin totally reduced general anxiety especially social situation communicating others somewhat sedating also make decent sleep aid although ive better one overall great though better ativan opinion take 1 3 mg daily
198184,Metoprolol,high blood pressure,started taking toprol xl 100mg one week ago blood pressure pulse much better 12575 75 pulse compared 160100 100 pulse problem noticing sleep sleeping sound toss turn night something guess get use keeping calmer heart racing head pounding hbp 12 year tried many kind medication hoping new cardiologist right track,9.0,"March 11, 2008",167,high blood pressure started taking toprol xl 100mg one week ago blood pressure pulse much better 12575 75 pulse compared 160100 100 pulse problem noticing sleep sleeping sound toss turn night something guess get use keeping calmer heart racing head pounding hbp 12 year tried many kind medication hoping new cardiologist right track
33438,Microgestin Fe 1 / 20,birth control,taking pill almost year half sex boyfriend 34 time week pregnancy scare ever switched pill deposhot dont recommend depo see depos continuous period bleeding would stop within 2 day pill completely normal sometimes skip 23 month period pill pack decide go period pretty heavy cramp side effect boob getting bigger little sore,10.0,"November 8, 2015",5,birth control taking pill almost year half sex boyfriend 34 time week pregnancy scare ever switched pill deposhot dont recommend depo see depos continuous period bleeding would stop within 2 day pill completely normal sometimes skip 23 month period pill pack decide go period pretty heavy cramp side effect boob getting bigger little sore
82262,Liraglutide,obesity,22 year old struggling weight year 58 appear obese weight say otherwise doctor finally tried saxenda cry office every month got weighed always gaining another pound 3 started saxenda 1 week ago today 11lbs appetite ever started slim fast shake seeing wasnt hungry little none side effect except little fatigue dry mouth wait see next week bring recommended 100,10.0,"September 28, 2015",21,obesity 22 year old struggling weight year 58 appear obese weight say otherwise doctor finally tried saxenda cry office every month got weighed always gaining another pound 3 started saxenda 1 week ago today 11lbs appetite ever started slim fast shake seeing wasnt hungry little none side effect except little fatigue dry mouth wait see next week bring recommended 100
219690,Taytulla,birth control,bc 4 year generally pill different generic name move lot last moved got new doctor recommended taytulla new told “ older version ” birth control one great day light period etc well first month side effect period 23 day second month period like 1 maybe 2 day super light 3rd month ’ even get period never skipped period ’ miss pill freaking took 2 pregnancy test negative called doctor said normal pill “ ” ’ switching back bc ’ feel like buying test every month,4.0,"October 5, 2017",3,birth control bc 4 year generally pill different generic name move lot last moved got new doctor recommended taytulla new told “ older version ” birth control one great day light period etc well first month side effect period 23 day second month period like 1 maybe 2 day super light 3rd month ’ even get period never skipped period ’ miss pill freaking took 2 pregnancy test negative called doctor said normal pill “ ” ’ switching back bc ’ feel like buying test every month
55075,Bupropion / naltrexone,obesity,im 36 yearold female 58 224 lb week 2 contrave weight loss yet im hopefula little nausea dizziness last week seems subsiding bit week,5.0,"May 18, 2016",14,obesity im 36 yearold female 58 224 lb week 2 contrave weight loss yet im hopefula little nausea dizziness last week seems subsiding bit week
141634,Escitalopram,anxiety,anti depressant 10 year still cant believe tried paxil currently take 10 mg lexapro still feel well find running help anything fear day running much im 40 otherwise good health feel pretty lousy almost every single day happy read people well medication get dizzinesslightheaded still optimistic one day looking back nightmare disbelief,4.0,"April 5, 2012",13,anxiety anti depressant 10 year still cant believe tried paxil currently take 10 mg lexapro still feel well find running help anything fear day running much im 40 otherwise good health feel pretty lousy almost every single day happy read people well medication get dizzinesslightheaded still optimistic one day looking back nightmare disbelief
124581,Skyla,birth control,little 2 month first month non stop spotting lot along really bad cramp finally stopped got first official period since getting skyla along serious period sypmtoms feeling extreme exhaustion week half period began spotting next 2 week insane mood swing gas minor crampsperiod symptom birth control obviously working change going come cost,9.0,"November 14, 2014",7,birth control little 2 month first month non stop spotting lot along really bad cramp finally stopped got first official period since getting skyla along serious period sypmtoms feeling extreme exhaustion week half period began spotting next 2 week insane mood swing gas minor crampsperiod symptom birth control obviously working change going come cost
191221,Pentasa,ulcerative colitis,newly diagnosed really helped feel normal far good struggle amount pill needed though right im taking 4 morning 4 night,9.0,"October 17, 2015",1,ulcerative colitis newly diagnosed really helped feel normal far good struggle amount pill needed though right im taking 4 morning 4 night
5567,Bonine,motion sickness,bonine game changer husband 28 ft boat husband love offshore fishing get terrible sea sickness even less foot tried dramamine never worked would green less hour discovered bonine god sent took 1 pill chewable lasted day fishing mention rough sea 2 12 3 foot amazing im sold definitely bonine fan game changer stuff truly work,10.0,"September 24, 2017",3,motion sickness bonine game changer husband 28 ft boat husband love offshore fishing get terrible sea sickness even less foot tried dramamine never worked would green less hour discovered bonine god sent took 1 pill chewable lasted day fishing mention rough sea 2 12 3 foot amazing im sold definitely bonine fan game changer stuff truly work
196592,Letrozole,breast cance,ive taking femara little 5 month yet experience side effect whatsoever id warned hot flash night sweat joint pain muscle pain far nothing two smallish tumor one breast caught early 4 month ultrasound theyve decreased 50 ill nipplesparing mastectomy 2 week diem flap reconstructionthe grossest part whole episode opinionfollowed radiation chemo healthy mostly vegetarian diet ton walking im 69 56 135 far consider luckiest cancer patient anywhere maybe ill start feeling sick point yet hang lady,10.0,"May 15, 2017",33,breast cance ive taking femara little 5 month yet experience side effect whatsoever id warned hot flash night sweat joint pain muscle pain far nothing two smallish tumor one breast caught early 4 month ultrasound theyve decreased 50 ill nipplesparing mastectomy 2 week diem flap reconstructionthe grossest part whole episode opinionfollowed radiation chemo healthy mostly vegetarian diet ton walking im 69 56 135 far consider luckiest cancer patient anywhere maybe ill start feeling sick point yet hang lady
52061,Adipex-P,weight loss,ive adipex 6 day lost 12 pound im really happy ive constant diarrhea every day since become dehydrated cautious side effect,6.0,"April 16, 2014",124,weight loss ive adipex 6 day lost 12 pound im really happy ive constant diarrhea every day since become dehydrated cautious side effect
231619,Trazodone,anxiety,dose 150mg night first week weird dream persisted second week weird dream stopped felt third week anxiety gone three year ago manage return mild anxiety walking one two hour day,9.0,"July 4, 2015",98,anxiety dose 150mg night first week weird dream persisted second week weird dream stopped felt third week anxiety gone three year ago manage return mild anxiety walking one two hour day
81096,Hypercare,hyperhidrosis,first would like say medical condition known many people think awful suffered hyperhidrosis since high school unable wear whatever wanted stuck baggy sweatshirt black tee figured id grow job physical one sweating going interview enough applied last night didnt start sweating 2pm today put deodorant direction 4pm going try tonight happier use upload future comment see many thought think needed,9.0,"October 26, 2010",1,hyperhidrosis first would like say medical condition known many people think awful suffered hyperhidrosis since high school unable wear whatever wanted stuck baggy sweatshirt black tee figured id grow job physical one sweating going interview enough applied last night didnt start sweating 2pm today put deodorant direction 4pm going try tonight happier use upload future comment see many thought think needed
24988,Lipitor,high cholesterol,took lipitor 5 year kept lipid control well developed severe leg aching muscle cramp especially night went within week reaction disappeared,7.0,"August 27, 2013",247,high cholesterol took lipitor 5 year kept lipid control well developed severe leg aching muscle cramp especially night went within week reaction disappeared
135742,Percocet,pain,given tonsillectomy month ago sure pain medicine could cut intensity felt like mediocre better nothing though,6.0,"April 1, 2017",4,pain given tonsillectomy month ago sure pain medicine could cut intensity felt like mediocre better nothing though
214509,Tioconazole,vaginal yeast infection,love product put around 12pm today 11pm day feel sooo much better itch bearable burning sat lot discharge totally unnoticeable would use product sure recommend 100,10.0,"July 10, 2015",7,vaginal yeast infection love product put around 12pm today 11pm day feel sooo much better itch bearable burning sat lot discharge totally unnoticeable would use product sure recommend 100
140634,Escitalopram,generalized anxiety disorde,drug year significantly improved depression anxiety also helped sleep took night made nauseous unfortunately also contributed weight gain switched prozac made big difference zoloft prozac gave fog think happy medium,9.0,"December 7, 2016",15,generalized anxiety disorde drug year significantly improved depression anxiety also helped sleep took night made nauseous unfortunately also contributed weight gain switched prozac made big difference zoloft prozac gave fog think happy medium
228026,Etonogestrel,birth control,implanon year loved first side effect bam like 6 month noticed bald spot head started get bigger started appear used full head hair im going completely bald went dermatologist told alopecia areata started look cause never problem found implanon cause hairloss lot people used problem got grew back im waiting get removed,4.0,"April 23, 2011",0,birth control implanon year loved first side effect bam like 6 month noticed bald spot head started get bigger started appear used full head hair im going completely bald went dermatologist told alopecia areata started look cause never problem found implanon cause hairloss lot people used problem got grew back im waiting get removed
98826,Nexplanon,birth control,nexplanon almost 3 month one normal period 3 7 day got period almost 2 month ago still used medicine period last maximum 4 day almost 2 month buying tampon tampon definitely horrible relationship honest little bit weight gain side effect weight issue im ok slender woman period issue much wasnt issue would love birth control cant body heavy bleeding cant anymore unfortunately going get taken,5.0,"April 15, 2013",13,birth control nexplanon almost 3 month one normal period 3 7 day got period almost 2 month ago still used medicine period last maximum 4 day almost 2 month buying tampon tampon definitely horrible relationship honest little bit weight gain side effect weight issue im ok slender woman period issue much wasnt issue would love birth control cant body heavy bleeding cant anymore unfortunately going get taken
195328,Glatiramer,multiple sclerosis,please anyone m look dr terry wahls protocol m m symptom controlled diet please take minute look could save lot suffering money,7.0,"May 16, 2016",50,multiple sclerosis please anyone m look dr terry wahls protocol m m symptom controlled diet please take minute look could save lot suffering money
161436,Diphenhydramine,insomnia,work night shift use otc diphenhydramine get sleep day work much better ambien dont wake sleep eat like ambien,10.0,"September 20, 2016",4,insomnia work night shift use otc diphenhydramine get sleep day work much better ambien dont wake sleep eat like ambien
160930,Risperidone,tic disorde,ocd trichotillomania compulsive hair pulling started taking risperdal jan 2016 age 18 1mg march still noticed change behavior far pulling went obsessive thought last ditch effort see risperdal would effective went 2mg three week noticed huge change behavior little urge pull anymore relief came long term side effect stopped getting period eye started twitching im weened drug side effect drug seems work great ocd trich side effect ended much manage,9.0,"January 6, 2017",7,tic disorde ocd trichotillomania compulsive hair pulling started taking risperdal jan 2016 age 18 1mg march still noticed change behavior far pulling went obsessive thought last ditch effort see risperdal would effective went 2mg three week noticed huge change behavior little urge pull anymore relief came long term side effect stopped getting period eye started twitching im weened drug side effect drug seems work great ocd trich side effect ended much manage
42733,Xulane,birth control,could even last two day xulane evra patch year ago liked thought id give patch try literally couple hour got migraine woke mediumsevere cramp lasted day along headache nausea literally felt sick stomach taking able feel little better major cramp still feel sick hoping go away soon im absolutely done bc rather celibate oh forgot mention literally gained 34lbs within 2 damn day,1.0,"February 7, 2017",8,birth control could even last two day xulane evra patch year ago liked thought id give patch try literally couple hour got migraine woke mediumsevere cramp lasted day along headache nausea literally felt sick stomach taking able feel little better major cramp still feel sick hoping go away soon im absolutely done bc rather celibate oh forgot mention literally gained 34lbs within 2 damn day
81884,Liraglutide,weight loss,first week awful least 50 side effect listed possible nausea dizziness strange dreamsand general digestive issue gradually reduced every day eventually went away entirely increased dose knowing side effect coming dose increase made coping much easier battled side effect quickly impressed well work absolutely appetite feel hungry seems fruit salad also found desire drink alcohol also dramatically reduced infact make beer taste odd 8 week side effect gone 944kg 779 kg absolutely worth money,10.0,"January 28, 2017",6,weight loss first week awful least 50 side effect listed possible nausea dizziness strange dreamsand general digestive issue gradually reduced every day eventually went away entirely increased dose knowing side effect coming dose increase made coping much easier battled side effect quickly impressed well work absolutely appetite feel hungry seems fruit salad also found desire drink alcohol also dramatically reduced infact make beer taste odd 8 week side effect gone 944kg 779 kg absolutely worth money
19790,Pregabalin,ibromyalgia,made dizzy could walk stair across room nothing hold made sick stomach offered relief fibromyalgia symptom,1.0,"November 7, 2009",29,ibromyalgia made dizzy could walk stair across room nothing hold made sick stomach offered relief fibromyalgia symptom
144537,Etonogestrel,birth control,sad get removed since wasnt first year felt awsome remember pill peace mind baby period every month light year problem started seems odd since see people mostly problem year decided post make sure planning getting implant aware year nexplanon broke started constantly bleeding horrible hormonal acne took day cure time would keep coming lower sex drive mood swing angry unhappy sadly,4.0,"March 22, 2016",1,birth control sad get removed since wasnt first year felt awsome remember pill peace mind baby period every month light year problem started seems odd since see people mostly problem year decided post make sure planning getting implant aware year nexplanon broke started constantly bleeding horrible hormonal acne took day cure time would keep coming lower sex drive mood swing angry unhappy sadly
66096,Propranolol,migraine prevention,im 15 getting bad migraine year taking inderal week felt car sick almost entire time ive medication really emotional appetite dizzy still getting headache,1.0,"June 5, 2012",16,migraine prevention im 15 getting bad migraine year taking inderal week felt car sick almost entire time ive medication really emotional appetite dizzy still getting headache
94356,Trintellix,depression,last 6 year ive effexor pristiq synthetic effexor horrible withdrawal zoloft wellbutrin lexapro mirtazapine none seemed work long didnt seem help ive wondered resistant med addition anxiety awful finding antianxiety drug tricky im recovery used selfmedicate depression anxiety need extra careful taking certain medication since tendency abuse early tell brintellix work genetic testing show good match nausea bad im used taking med empty stomach start taking food,8.0,"June 19, 2015",47,depression last 6 year ive effexor pristiq synthetic effexor horrible withdrawal zoloft wellbutrin lexapro mirtazapine none seemed work long didnt seem help ive wondered resistant med addition anxiety awful finding antianxiety drug tricky im recovery used selfmedicate depression anxiety need extra careful taking certain medication since tendency abuse early tell brintellix work genetic testing show good match nausea bad im used taking med empty stomach start taking food
50776,Gabapentin,migraine,started taking neurontin 4 day ago migraine headache already tell starting help many way 3 headache day felt slowly falling hole didnt strength pull feel like im getting life back thank,8.0,"August 18, 2008",119,migraine started taking neurontin 4 day ago migraine headache already tell starting help many way 3 headache day felt slowly falling hole didnt strength pull feel like im getting life back thank
178915,Victoza,"diabetes, type 2",diagnosed prediabetes obesity ive victoza 5 week went full dose 18 1 week first two day starting initial dose felt bloated sick stomach went away quickly feel full time remind take nutrition drink fluid easily lost 13 pound weather horrible little exercise minor snow shoveling cant wait start walking outside get weight loss thing moving even,9.0,"January 11, 2014",29,"diabetes, type 2 diagnosed prediabetes obesity ive victoza 5 week went full dose 18 1 week first two day starting initial dose felt bloated sick stomach went away quickly feel full time remind take nutrition drink fluid easily lost 13 pound weather horrible little exercise minor snow shoveling cant wait start walking outside get weight loss thing moving even"
27496,Requip,restless legs syndrome,agree comment requip restless leg work great side effect either take 051 mg bed usually sleep straight 8 hour,10.0,"February 19, 2009",37,restless legs syndrome agree comment requip restless leg work great side effect either take 051 mg bed usually sleep straight 8 hour
112355,Gabapentin,anxiety,ive taking med 3 month severe anxiety every night complete mental breakdown least past 2 month trying go sleep ive slightly lost feeling part face speech slurred cant think taking medication lived active lifestyle motivation anything dont even leave house unless top im severely depressed dont take medication anxiety,1.0,"November 28, 2016",44,anxiety ive taking med 3 month severe anxiety every night complete mental breakdown least past 2 month trying go sleep ive slightly lost feeling part face speech slurred cant think taking medication lived active lifestyle motivation anything dont even leave house unless top im severely depressed dont take medication anxiety
6675,Beyaz,acne,love beyaz beyaz 4 year decided try new pill dumb switched another birth control year broke terribly battled depression inexplicable mood swing switched back beyaz two month ago acne cleared completely month half breast grew cup size gaining weight also runner worried blood clot scandal medicine however never problem incredible birth control pill absolutely love also nurse understanding want note many issue blood clot high risk patient smoke 40 etc take care body,10.0,"July 10, 2014",30,acne love beyaz beyaz 4 year decided try new pill dumb switched another birth control year broke terribly battled depression inexplicable mood swing switched back beyaz two month ago acne cleared completely month half breast grew cup size gaining weight also runner worried blood clot scandal medicine however never problem incredible birth control pill absolutely love also nurse understanding want note many issue blood clot high risk patient smoke 40 etc take care body
46532,Sulfasalazine,rheumatoid arthritis,started medication liver level high took month notice change ra finally stop sulfasalazinetotally constipated really bad took week go stomach pain sweating thought going explode back taking ibuprophen,1.0,"September 6, 2017",6,rheumatoid arthritis started medication liver level high took month notice change ra finally stop sulfasalazinetotally constipated really bad took week go stomach pain sweating thought going explode back taking ibuprophen
30645,Miconazole,vaginal yeast infection,whoever designed applicator tube doesnt head screwed correctly difficult applying since designed sharp rounded edge hurt even insert worse applying literally started burning badly never felt anything pain burning sensation inside vagina trying treat yeast infection usually buy knock brand walgreenscvs seriously never horrible experience like monistat lady look elsewhere go see dr personally dont recommended product,3.0,"October 8, 2017",7,vaginal yeast infection whoever designed applicator tube doesnt head screwed correctly difficult applying since designed sharp rounded edge hurt even insert worse applying literally started burning badly never felt anything pain burning sensation inside vagina trying treat yeast infection usually buy knock brand walgreenscvs seriously never horrible experience like monistat lady look elsewhere go see dr personally dont recommended product
158443,Methylphenidate,adhd,metadate 60 mg 914 created intense anxiety paranoia threw teenage year worst cns medicine ive ever taken cns medication 616 nothing worsen long term leave like zombie,1.0,"February 23, 2016",10,adhd metadate 60 mg 914 created intense anxiety paranoia threw teenage year worst cns medicine ive ever taken cns medication 616 nothing worsen long term leave like zombie
64869,Sertraline,depression,started taking 50mg sertealine depression anxiety started getting nausea first day week settled 2 week felt slight change mood seemed effective anxiety 3 week started getting terrible side effect bad stomach diareha also long painful headache anyway month line feel lot better honestly say medication working although ups down try stick would recommend seeing doctor get medication changed dosage changed effect quality life become much better try ignore occasional side effect stick,8.0,"April 19, 2015",30,depression started taking 50mg sertealine depression anxiety started getting nausea first day week settled 2 week felt slight change mood seemed effective anxiety 3 week started getting terrible side effect bad stomach diareha also long painful headache anyway month line feel lot better honestly say medication working although ups down try stick would recommend seeing doctor get medication changed dosage changed effect quality life become much better try ignore occasional side effect stick
182317,Mirena,birth control,got mirena 9 month ago pleased 23 year old never child doctor told might make insertion painful decided try something gave pill normally used people stomach ulcer sorry cant remember name drug side effect softening cervix insertion bad hurt yes badly ive heard woman got iud child period much lighter sex life even better dont feel worried pregnancy also cost effective health insurance cost amount 3 month ortho tricyclen good 5 year,9.0,"December 7, 2010",7,birth control got mirena 9 month ago pleased 23 year old never child doctor told might make insertion painful decided try something gave pill normally used people stomach ulcer sorry cant remember name drug side effect softening cervix insertion bad hurt yes badly ive heard woman got iud child period much lighter sex life even better dont feel worried pregnancy also cost effective health insurance cost amount 3 month ortho tricyclen good 5 year
176896,Promethazine,sedation,ive always suffered bad sleeping pattern anxiety around stressful time exam lot deadline taking two 25mg knock mean dont bad anxiety dream used stop thinking straight get everything sorted next day,10.0,"January 20, 2016",45,sedation ive always suffered bad sleeping pattern anxiety around stressful time exam lot deadline taking two 25mg knock mean dont bad anxiety dream used stop thinking straight get everything sorted next day
15045,Ethinyl estradiol / norethindrone,birth control,ive using orthonovum 777 decade period light requiring panty liner experience cramp stopped taking birth control year husband vasectomy doubled desk cramp period heavy started using orthonovum 777 back light period cramp awhile obgyn would give sample another brand new market heavier period cramp two issue cant aleviate bloating 35 lb week period mood swing aha free without 2530 month,10.0,"July 10, 2017",0,birth control ive using orthonovum 777 decade period light requiring panty liner experience cramp stopped taking birth control year husband vasectomy doubled desk cramp period heavy started using orthonovum 777 back light period cramp awhile obgyn would give sample another brand new market heavier period cramp two issue cant aleviate bloating 35 lb week period mood swing aha free without 2530 month
90828,Roxicodone,chronic pain,itchy itchy ive found opioids analgesic best chronic pain roxicodone caused pruritis might seem like big deal however dealing pain thats constant year side effect like non stop itching one thing magnifies pain there pain itching loss sleep couple remedy doctor rxing different medicine taking antihistamine overcome itching today current antiopioid environment doctor seem likely throw hand say well guess youre good candidate opioids isnt true switching worked like charm,4.0,"October 3, 2016",17,chronic pain itchy itchy ive found opioids analgesic best chronic pain roxicodone caused pruritis might seem like big deal however dealing pain thats constant year side effect like non stop itching one thing magnifies pain there pain itching loss sleep couple remedy doctor rxing different medicine taking antihistamine overcome itching today current antiopioid environment doctor seem likely throw hand say well guess youre good candidate opioids isnt true switching worked like charm
184487,Hydroxyzine,anxiety,given atarax acute stress reaction anxiety dr put 12 tablet night 25mg zonks give horrible headache taken pain medicine cant even lift head alright medication research finding short term medicine think need find something else work good safer longer term use,7.0,"January 9, 2012",20,anxiety given atarax acute stress reaction anxiety dr put 12 tablet night 25mg zonks give horrible headache taken pain medicine cant even lift head alright medication research finding short term medicine think need find something else work good safer longer term use
147010,Alprazolam,anxiety,xanax amazing 20 minute completely take away anxiety problem everything ok life go problem xanax short half life 6 hour go away brain want take daily watch little pill ruin life prison give med people detoxing alcohol benzos bc kill short term stressful event like flying giving speech panic attack good try taking xanax day see feel run prescription day early let sayits fun please responsible try meditation working stay away alcoholstims,5.0,"September 18, 2015",30,anxiety xanax amazing 20 minute completely take away anxiety problem everything ok life go problem xanax short half life 6 hour go away brain want take daily watch little pill ruin life prison give med people detoxing alcohol benzos bc kill short term stressful event like flying giving speech panic attack good try taking xanax day see feel run prescription day early let sayits fun please responsible try meditation working stay away alcoholstims
128379,Phentermine,weight loss,adipex well medifast medifast hard stay fat burn state cheat adipex added craving urge eat end day since working well choose healthy meal started 161 oct 26 2015 today nov 2 2015 im already 157 doctor said obese overweight due pcos pcos awful trying loose weight far adipex steady thing fit lifestyle dont always time meal prep also medifast great 100 calorie 5 time day 1 lean green meal add around 300400 calorie 800900 calorie day split pill half half 12,10.0,"November 2, 2015",27,weight loss adipex well medifast medifast hard stay fat burn state cheat adipex added craving urge eat end day since working well choose healthy meal started 161 oct 26 2015 today nov 2 2015 im already 157 doctor said obese overweight due pcos pcos awful trying loose weight far adipex steady thing fit lifestyle dont always time meal prep also medifast great 100 calorie 5 time day 1 lean green meal add around 300400 calorie 800900 calorie day split pill half half 12
43322,Hydromorphone,pain,went er severe pain right flank area told kidney stone get quite frequently given dilaudid iv got warm wonderful rush felt floaty quite pleasant felt pain,10.0,"September 15, 2013",41,pain went er severe pain right flank area told kidney stone get quite frequently given dilaudid iv got warm wonderful rush felt floaty quite pleasant felt pain
178643,Victoza,weight loss,started victoza 06mg 030417 experienced severe nausea vomited twice first week increased dose 12 nausea gotten worse 5lbs first week would like continue month see side effect lessen wise able continue,5.0,"March 12, 2017",26,weight loss started victoza 06mg 030417 experienced severe nausea vomited twice first week increased dose 12 nausea gotten worse 5lbs first week would like continue month see side effect lessen wise able continue
184097,Hydroxyzine,anxiety,visitril little week say overall therapeutic positive experience lexapro escitolopram almost 3 month found medicine would make pretty anxious though level rocky time life chose start taking visitril since lexapro wasnt effective way wanted 50mg 100 mg day say easier focused thing really care usually notice subtle change body stop working stomach primarily ill pop another one stay pretty level long system,9.0,"February 1, 2017",55,anxiety visitril little week say overall therapeutic positive experience lexapro escitolopram almost 3 month found medicine would make pretty anxious though level rocky time life chose start taking visitril since lexapro wasnt effective way wanted 50mg 100 mg day say easier focused thing really care usually notice subtle change body stop working stomach primarily ill pop another one stay pretty level long system
153209,Doxycycline,acne,doctor prescribed doxy yesterday prescribed topical working moderate acne matter acne kept coming back past two month worst acne finally decided get oral antibiotic accutane wasnt go crazy accutane path got heard great stuff lot people saying skin cleared month saw result first week people say got initial breakout thats true antibiotic treat pneumonia maleria acne etc caused ib everyone would breakout im hoping im right wish luck,6.0,"September 29, 2015",3,acne doctor prescribed doxy yesterday prescribed topical working moderate acne matter acne kept coming back past two month worst acne finally decided get oral antibiotic accutane wasnt go crazy accutane path got heard great stuff lot people saying skin cleared month saw result first week people say got initial breakout thats true antibiotic treat pneumonia maleria acne etc caused ib everyone would breakout im hoping im right wish luck
205916,Pristiq,depression,tried taking pristiq 6 day side effect bad could function could work eat sleep felt nauseous vision blurry mouth dry appetite non existent weigh 111 lb need miss meal stopped taking medication taking 50mg first medicine ever taken depression,1.0,"August 7, 2009",23,depression tried taking pristiq 6 day side effect bad could function could work eat sleep felt nauseous vision blurry mouth dry appetite non existent weigh 111 lb need miss meal stopped taking medication taking 50mg first medicine ever taken depression
166816,Levonorgestrel,birth control,skyla inserted 3 hour ago worst cramp life child birth easier cramp subsided probably due 4 midol 2 aleve hoping subside go work tonight also hoping dont gain weight get acne shall see also mention 25 3 year old son,5.0,"July 29, 2016",1,birth control skyla inserted 3 hour ago worst cramp life child birth easier cramp subsided probably due 4 midol 2 aleve hoping subside go work tonight also hoping dont gain weight get acne shall see also mention 25 3 year old son
8285,Zolpidem,insomnia,thing remember tell awful story squirrel jumping glass box say thing spousesignificant dont mean try talk drug mean take last thing sleep ie bed ready sleep kick super fast wont know hit get 5 6 hour sleep ambien feel rested druggie zombie feeling note single parent taking drug worthless emergency situation helpless assist child fire breakin trip er 1 never drive drug,7.0,"December 27, 2015",37,insomnia thing remember tell awful story squirrel jumping glass box say thing spousesignificant dont mean try talk drug mean take last thing sleep ie bed ready sleep kick super fast wont know hit get 5 6 hour sleep ambien feel rested druggie zombie feeling note single parent taking drug worthless emergency situation helpless assist child fire breakin trip er 1 never drive drug
33636,Microgestin Fe 1 / 20,birth control,taking pill year got pill get serious cramp pill give lighter period time every month cramp sex drive im completely dry boyfriend sick,4.0,"December 29, 2011",2,birth control taking pill year got pill get serious cramp pill give lighter period time every month cramp sex drive im completely dry boyfriend sick
115280,Diazepam,meniere's disease,medication life saver suffered meniere disease 22 year cause episode loss equilibrium totally knock flat make life hell day time episode usually predictable seem come life every year short time use valium thing help continue normal activity ear settle,10.0,"February 5, 2009",96,meniere's disease medication life saver suffered meniere disease 22 year cause episode loss equilibrium totally knock flat make life hell day time episode usually predictable seem come life every year short time use valium thing help continue normal activity ear settle
61671,Citalopram,panic disorde,originally prescribed citalopram 7 year ago diagnosed major depressive disorder little effect later discovered bipolar disorder prescribed citalopram time never much month ago put 20mg citalopram time panic disorder noticed change almost instantly havent day panic since started medication overall anxiety much lower side effect nausea loss appetite sleep disruption id never experienced drug faded week two noticed dissociation much worse usual normally happens 24 time week happening daily,10.0,"July 18, 2016",11,panic disorde originally prescribed citalopram 7 year ago diagnosed major depressive disorder little effect later discovered bipolar disorder prescribed citalopram time never much month ago put 20mg citalopram time panic disorder noticed change almost instantly havent day panic since started medication overall anxiety much lower side effect nausea loss appetite sleep disruption id never experienced drug faded week two noticed dissociation much worse usual normally happens 24 time week happening daily
100067,Desogestrel / ethinyl estradiol,birth control,ive apri six month rollercoaster first birth control experience decided give 5 star done good good bad acne past 10 year first started taking apri acne subsided thrilled like regular trackable period suppose youd birth control downside absolutely awful mood swing mean awful im typically happy jokey person medication ive noticed get funk terrible irritability sadness reason discussing different option doctor next time see,5.0,"March 17, 2017",0,birth control ive apri six month rollercoaster first birth control experience decided give 5 star done good good bad acne past 10 year first started taking apri acne subsided thrilled like regular trackable period suppose youd birth control downside absolutely awful mood swing mean awful im typically happy jokey person medication ive noticed get funk terrible irritability sadness reason discussing different option doctor next time see
197226,Paroxetine,anxiety,taken paxil entire adult life always stuck low dose 10mg day depression sensitive especially time high stress panic attack start take life put degree hold missed vacation family professional life suffered well paxil calm nerve keep check dont freak time stress side effect exist keeping low dose help libido affected bit get dizzy time time also dry mouth 10mg day feel like control usually 8 month year medicine stop without bad withdrawal,9.0,"March 18, 2014",137,anxiety taken paxil entire adult life always stuck low dose 10mg day depression sensitive especially time high stress panic attack start take life put degree hold missed vacation family professional life suffered well paxil calm nerve keep check dont freak time stress side effect exist keeping low dose help libido affected bit get dizzy time time also dry mouth 10mg day feel like control usually 8 month year medicine stop without bad withdrawal
114629,Codeine / promethazine,cough,use 4 different time period 7 year bad cough couldnt sleep day tip start slow enough get rest prescription say 5 10ml take 5 ml twice night wear normally 1am work great normally need take two night row cough pretty much gone avoid dependency issue dont advice taking day unless home day dont need leave itll make sleepy,10.0,"October 5, 2016",10,cough use 4 different time period 7 year bad cough couldnt sleep day tip start slow enough get rest prescription say 5 10ml take 5 ml twice night wear normally 1am work great normally need take two night row cough pretty much gone avoid dependency issue dont advice taking day unless home day dont need leave itll make sleepy
166501,Levonorgestrel,emergency contraception,took pill cant say side effect going happen going work looking review make feel better college student possible try buy pill student health service pharmacy got plan b 25 dollar would normally 50 lady helped nonjudgmental helped set appointment get birth control provided free qualify best part stay anonymous strict parent like keep dl stay safe lady,9.0,"October 3, 2016",7,emergency contraception took pill cant say side effect going happen going work looking review make feel better college student possible try buy pill student health service pharmacy got plan b 25 dollar would normally 50 lady helped nonjudgmental helped set appointment get birth control provided free qualify best part stay anonymous strict parent like keep dl stay safe lady
159813,Bactrim,urinary tract infection,day 2 5 first day awful 20 min first dose started getting extremely itchy throat neck face bottom lip flared got really nauseous turned fan drank bunch water lied downi going discontinue good hour symptom went decided try morning im feeling fine still little burning urinate much better hoping work,8.0,"June 1, 2016",18,urinary tract infection day 2 5 first day awful 20 min first dose started getting extremely itchy throat neck face bottom lip flared got really nauseous turned fan drank bunch water lied downi going discontinue good hour symptom went decided try morning im feeling fine still little burning urinate much better hoping work
215769,Copper,birth control,copper iud placed period uterus dilated period making insertion easier insertion felt like onset birthing contraction lasted 30 second 1 minute read lot review girl bleed week insertion doctor said usually happens coming certain type birth control iud cause right prior insertion birth control long time heavier period insertion cramped bit day period lasted usual amount time relation week complication average size feel,10.0,"December 6, 2016",5,birth control copper iud placed period uterus dilated period making insertion easier insertion felt like onset birthing contraction lasted 30 second 1 minute read lot review girl bleed week insertion doctor said usually happens coming certain type birth control iud cause right prior insertion birth control long time heavier period insertion cramped bit day period lasted usual amount time relation week complication average size feel
116009,Divalproex sodium,migraine prevention,12 year old son migraine 2 year first every month however progressed twice week vision aura speech disturbance took pediatric neurologist said likely puberty prescribed 500 mg depakote er seemed start working right away almost 2 month one migraine almost 2 month far better hasnt noticeable side effect hair loss weight gain take bedtime hard get morning dont know medicine going bed late,9.0,"February 6, 2012",32,migraine prevention 12 year old son migraine 2 year first every month however progressed twice week vision aura speech disturbance took pediatric neurologist said likely puberty prescribed 500 mg depakote er seemed start working right away almost 2 month one migraine almost 2 month far better hasnt noticeable side effect hair loss weight gain take bedtime hard get morning dont know medicine going bed late
49690,Ethinyl estradiol / levonorgestrel,birth control,im 5050 bc started 4 month ago course recommendation doctor unlike people havent breakout fact skin quite clear amd havent gained weight helped mood swing prior taking pill hasnt altered sex drive problem period two three time longer used 5 day long period heavy irregular pattern sometimes id every two month sometimes every two week theyre every month last 10 15 day light still annoying different everyone,5.0,"July 30, 2015",3,birth control im 5050 bc started 4 month ago course recommendation doctor unlike people havent breakout fact skin quite clear amd havent gained weight helped mood swing prior taking pill hasnt altered sex drive problem period two three time longer used 5 day long period heavy irregular pattern sometimes id every two month sometimes every two week theyre every month last 10 15 day light still annoying different everyone
146464,Tamsulosin,urinary tract stones,flo max complete game changer term handling kidney stone home opting emergency room visit flo max start working likely ended medical emergency fast 5 minute less flo max allows urine get past stone mean crisis defused hospital run additional test technically dont even belong emergency room flo max job,10.0,"August 16, 2017",0,urinary tract stones flo max complete game changer term handling kidney stone home opting emergency room visit flo max start working likely ended medical emergency fast 5 minute less flo max allows urine get past stone mean crisis defused hospital run additional test technically dont even belong emergency room flo max job
224787,Bupropion,depression,generic helpful couldnt tell even taking kept getting canker sore mouth eating like couldnt get full stoped taking med took two month long enough know helping 150 hcl xl global phm took generic 5 yr ago couple year problem,2.0,"February 24, 2017",2,depression generic helpful couldnt tell even taking kept getting canker sore mouth eating like couldnt get full stoped taking med took two month long enough know helping 150 hcl xl global phm took generic 5 yr ago couple year problem
129950,Levonorgestrel,abnormal uterine bleeding,mirena inserted 3 week ago treat horrible period caused anemia insertion big deal ive 5 csections spotted day insertion pretty heavy bleeding week ive zero bleeding 5 day best orgasm life yesterday oh 52 still able get pregnant menopause yet glad didnt let scary story stop getting feel like got life back hope stay like,10.0,"March 20, 2015",29,abnormal uterine bleeding mirena inserted 3 week ago treat horrible period caused anemia insertion big deal ive 5 csections spotted day insertion pretty heavy bleeding week ive zero bleeding 5 day best orgasm life yesterday oh 52 still able get pregnant menopause yet glad didnt let scary story stop getting feel like got life back hope stay like
178986,Victoza,"diabetes, type 2",victoza 60 3 month 12 last month lost 12 lb take 750mg x2 metformin unable exercise though weakness slight headache go swimming twice week thats energy left wonder long term effect would since hasnt u market long hope best u type 2,9.0,"January 18, 2011",7,"diabetes, type 2 victoza 60 3 month 12 last month lost 12 lb take 750mg x2 metformin unable exercise though weakness slight headache go swimming twice week thats energy left wonder long term effect would since hasnt u market long hope best u type 2"
157733,Accutane,acne,mild server acne different time throughout year finally decided try accutane initially initial breakout worsened skin condition acne lasted approximately 15months skin started getting better everything started disappearing slowly im 45 month redbrown mark left acne gone first month harsh selfesteem probably get hit go whole cycle wont regret end,10.0,"September 13, 2015",16,acne mild server acne different time throughout year finally decided try accutane initially initial breakout worsened skin condition acne lasted approximately 15months skin started getting better everything started disappearing slowly im 45 month redbrown mark left acne gone first month harsh selfesteem probably get hit go whole cycle wont regret end
4467,Belviq,weight loss,age 50 511 238 lb dr prescribed belviq friday 081216 pharmacy order monday 275 talk sticker shock time little research located huge saving card belviq website reduces price 75 day one woke little headachy anxious might nerve cause normally take med reading review hoping headache go away day man want drinkliquidwater thats new noticed today wasnt super thrilled hungry normal lunch ate thinking would clear headache slept like champ last night new woke little groggy thats new slow steady go,7.0,"August 16, 2016",34,weight loss age 50 511 238 lb dr prescribed belviq friday 081216 pharmacy order monday 275 talk sticker shock time little research located huge saving card belviq website reduces price 75 day one woke little headachy anxious might nerve cause normally take med reading review hoping headache go away day man want drinkliquidwater thats new noticed today wasnt super thrilled hungry normal lunch ate thinking would clear headache slept like champ last night new woke little groggy thats new slow steady go
226566,Etonogestrel,birth control,implant inserted december 2014 seriously considering removed less year first 3 month okay 2 regular period occasional light spotting well ended big ole hurry constant heavy spotting including wedding april yes much fun make maid honor hold dress repeatedly changed tampon wedding cystic bacne control ive period almost 2 straight month needless say im sick ive also gained 15ish pound dont want kid yet great work pregnancy prevention im sure worth extra side effect,3.0,"July 7, 2015",6,birth control implant inserted december 2014 seriously considering removed less year first 3 month okay 2 regular period occasional light spotting well ended big ole hurry constant heavy spotting including wedding april yes much fun make maid honor hold dress repeatedly changed tampon wedding cystic bacne control ive period almost 2 straight month needless say im sick ive also gained 15ish pound dont want kid yet great work pregnancy prevention im sure worth extra side effect
175864,Levaquin,pneumonia,medical field far best antibiotic get outside hospital bacterial infection lung want clear right away medicine downside expensive point get tired sick realize worth every single penny well time,10.0,"January 25, 2011",132,pneumonia medical field far best antibiotic get outside hospital bacterial infection lung want clear right away medicine downside expensive point get tired sick realize worth every single penny well time
83970,Ethinyl estradiol / norgestimate,birth control,ive sprintec 7 8 month noticed began getting depressed 2 3 month gotten worse im antidepressant arent helping horrible migraine almost every day seem get worse period happens every 23 week im tired time ridiculous mood swing im touchy sensitive reading im going stop taking birth control,2.0,"July 6, 2017",6,birth control ive sprintec 7 8 month noticed began getting depressed 2 3 month gotten worse im antidepressant arent helping horrible migraine almost every day seem get worse period happens every 23 week im tired time ridiculous mood swing im touchy sensitive reading im going stop taking birth control
135608,Intuniv,adhd,son 8 diagnosed adhd recently first medication taken started 1mg working way 3mg taken evening around 5pm 3mg son extremely sleepy even falling asleep class bus ride home emotional everything even looking toy would cry also experienced terrible tummy ache became irritable im guessing sleepy dr lower dosage 2mg becoming little guy know he still kind sleepy bad teacher noticing big improvement focus school still working kink hopeful best luck,9.0,"February 10, 2014",174,adhd son 8 diagnosed adhd recently first medication taken started 1mg working way 3mg taken evening around 5pm 3mg son extremely sleepy even falling asleep class bus ride home emotional everything even looking toy would cry also experienced terrible tummy ache became irritable im guessing sleepy dr lower dosage 2mg becoming little guy know he still kind sleepy bad teacher noticing big improvement focus school still working kink hopeful best luck
13917,Bydureon,"diabetes, type 2",started three week ago great result pre blood level 24 29mmol three week range 7 15 side effect slight naeusea 12 hour injecting nothing put,10.0,"April 28, 2015",21,"diabetes, type 2 started three week ago great result pre blood level 24 29mmol three week range 7 15 side effect slight naeusea 12 hour injecting nothing put"
221566,Ziana,acne,went dermatologist back november prescribed zaina start using daily cause lil redness went away also made break lil first start using think one side effect anyways january face looking muchhhhh better bit scar besides zaina help lot would recommend people struggling acne also took picture love skin looking,8.0,"February 9, 2017",6,acne went dermatologist back november prescribed zaina start using daily cause lil redness went away also made break lil first start using think one side effect anyways january face looking muchhhhh better bit scar besides zaina help lot would recommend people struggling acne also took picture love skin looking
73925,Ethinyl estradiol / norethindrone,birth control,6th month microgestin fe 120 mixed feeling doctor switched ortho tricyclen lo horrible mood swing pill help mood swing seems make apathetic towards everything hate feeling indifference sure beat outburst however dancer awesome physical shape find muffin top excess fat around waist overlap pant constant feeling dry mouth find drinking almost 80 oz water day likely retained also extremely sensitive breast shower hurt mixed feeling microgestin likely continue use,5.0,"March 9, 2012",1,birth control 6th month microgestin fe 120 mixed feeling doctor switched ortho tricyclen lo horrible mood swing pill help mood swing seems make apathetic towards everything hate feeling indifference sure beat outburst however dancer awesome physical shape find muffin top excess fat around waist overlap pant constant feeling dry mouth find drinking almost 80 oz water day likely retained also extremely sensitive breast shower hurt mixed feeling microgestin likely continue use
88017,Clindamycin,bacterial infection,antibiotic basically job well diagnosed acute tonsilitis terrible side effect really hard endure agony wait im done whole set much heartburn give one haunt long time felt like ive swallowed razor got stuck somewhere esophagus burn made cry literally painful also couldnt function well work sudden bout headache drug give ill remember drug name sure next time doctor prescribed ill sure tell im allergic lol,7.0,"November 19, 2015",6,bacterial infection antibiotic basically job well diagnosed acute tonsilitis terrible side effect really hard endure agony wait im done whole set much heartburn give one haunt long time felt like ive swallowed razor got stuck somewhere esophagus burn made cry literally painful also couldnt function well work sudden bout headache drug give ill remember drug name sure next time doctor prescribed ill sure tell im allergic lol
172434,Clonazepam,bipolar disorde,experience similar manuel123 reviewed bipolar disorder learn recognisance feeling little high drug excellent reset back normal 025mg bed needed tend wait friday night make harder work workday way relax bed saturday due good halflife product much say various bpd drug thorought year since 20 mid30s find best work self medicated management take care guy,10.0,"July 30, 2016",12,bipolar disorde experience similar manuel123 reviewed bipolar disorder learn recognisance feeling little high drug excellent reset back normal 025mg bed needed tend wait friday night make harder work workday way relax bed saturday due good halflife product much say various bpd drug thorought year since 20 mid30s find best work self medicated management take care guy
179494,Olanzapine,bipolar disorde,diagnosed 1989 18 year boy time several year miss diagnosis diagnosed mid 90 bipolar disorder ive lot different medication dont remember well 2003 hospitalized one month put zyprexa got life back married home business want side went 180lbs 240 lb 5 year border line diabetic cholesterol level high zyprexa medicine job supposed doctor looking medication similar zyprexa weight gain,8.0,"September 10, 2008",107,bipolar disorde diagnosed 1989 18 year boy time several year miss diagnosis diagnosed mid 90 bipolar disorder ive lot different medication dont remember well 2003 hospitalized one month put zyprexa got life back married home business want side went 180lbs 240 lb 5 year border line diabetic cholesterol level high zyprexa medicine job supposed doctor looking medication similar zyprexa weight gain
209495,Zubsolv,opiate dependence,ive sub year insurance recently made switch zubsolve suck feel like im withdrawal day good effect dissolve quicker constipated far better sub way feel like im constantly craving one day almost u dont take time everyday sick hell till u,2.0,"March 14, 2017",7,opiate dependence ive sub year insurance recently made switch zubsolve suck feel like im withdrawal day good effect dissolve quicker constipated far better sub way feel like im constantly craving one day almost u dont take time everyday sick hell till u
83048,Paxil,anxiety,waking negative thought anxiety mostly morning life due major problem work dr gave zoloft like horrid finally heard paxil got day became sunny bird singing outside even winter 20mg think 8 year downside major loss sexual interest perhaps dose high easily weaned 2 year ago 1 month without problem except anxiety back age 70 may go back,9.0,"December 24, 2014",92,anxiety waking negative thought anxiety mostly morning life due major problem work dr gave zoloft like horrid finally heard paxil got day became sunny bird singing outside even winter 20mg think 8 year downside major loss sexual interest perhaps dose high easily weaned 2 year ago 1 month without problem except anxiety back age 70 may go back
194893,Levetiracetam,epilepsy,first seizure 17 23 always wanted medication safe one day family family healthy boy say depression dizzy spill really bad headache talked doctor lowered dose gave topamax take headache gone hard actually find right medication wish best,8.0,"January 17, 2013",31,epilepsy first seizure 17 23 always wanted medication safe one day family family healthy boy say depression dizzy spill really bad headache talked doctor lowered dose gave topamax take headache gone hard actually find right medication wish best
134610,Ketorolac,pain,given injection toradol emergency walkin clinic afternoon spilling large pot boiling water thigh agony went bordering screaming waiting room much pain triaged right away even registering injection miraculous evening cooked dinner cleaned gauze bandage wrapped around thigh ace bandage holding terrified effect shot wear percocet home good injected toradol seems like miracle painkiller benefit narcotic none unpleasant side effect,10.0,"April 19, 2014",51,pain given injection toradol emergency walkin clinic afternoon spilling large pot boiling water thigh agony went bordering screaming waiting room much pain triaged right away even registering injection miraculous evening cooked dinner cleaned gauze bandage wrapped around thigh ace bandage holding terrified effect shot wear percocet home good injected toradol seems like miracle painkiller benefit narcotic none unpleasant side effect
18867,Solifenacin,overactive bladde,26 going bathroom every hour sometimes every half hour day took vesicare 7 month saw decent decrease amount trip bathroom however often constipated bloated headache experienced change eye prescription stopped taking medication switched another took 6 month eye prescription stabilized originally vesicare,3.0,"March 11, 2014",88,overactive bladde 26 going bathroom every hour sometimes every half hour day took vesicare 7 month saw decent decrease amount trip bathroom however often constipated bloated headache experienced change eye prescription stopped taking medication switched another took 6 month eye prescription stabilized originally vesicare
105887,Atomoxetine,adhd,prescribed strattera 50mg day go along 20mg ritalin take 2x day ritalin doesnt cover later night go almost every night friend doctor said week 2 start work took 2 week continued get cold sweat shiver felt like crap stopped taking didnt help one bit made feel like anti depressant something around terrible experience never take im doctor today rectify situation,1.0,"December 24, 2015",10,adhd prescribed strattera 50mg day go along 20mg ritalin take 2x day ritalin doesnt cover later night go almost every night friend doctor said week 2 start work took 2 week continued get cold sweat shiver felt like crap stopped taking didnt help one bit made feel like anti depressant something around terrible experience never take im doctor today rectify situation
206490,Mesalamine,"ulcerative colitis, maintenance",onset ulcerative colitis uc hospitalized extended time lost lot blood transfusion put high dose prednisone introduced asacol asacol ive minor uc attack went away quickly upping asacol flairup think great drug currently take 6 pill day maintenance,10.0,"July 20, 2008",30,"ulcerative colitis, maintenance onset ulcerative colitis uc hospitalized extended time lost lot blood transfusion put high dose prednisone introduced asacol asacol ive minor uc attack went away quickly upping asacol flairup think great drug currently take 6 pill day maintenance"
202990,Gildess Fe 1 / 20,acne,im 34 yr old ive pill little 4 mo ive never really bad acne entire life occasional zit guess could say lucky started pill completely broke forehead still tiny little pimple go away also didnt realize ive also mood swing literally cry drop dime lastly also never really gained weight birth control guess lucky ive definitely put lb thing like breast big perky,2.0,"February 5, 2016",1,acne im 34 yr old ive pill little 4 mo ive never really bad acne entire life occasional zit guess could say lucky started pill completely broke forehead still tiny little pimple go away also didnt realize ive also mood swing literally cry drop dime lastly also never really gained weight birth control guess lucky ive definitely put lb thing like breast big perky
212169,Lamotrigine,bipolar disorde,found lamictal wonderful side effect cant say many medicine really worked mood disorder withdrawal symptom stopped either currently take rough time depressionmania request,10.0,"February 27, 2013",51,bipolar disorde found lamictal wonderful side effect cant say many medicine really worked mood disorder withdrawal symptom stopped either currently take rough time depressionmania request
44391,Ethinyl estradiol / norgestimate,birth control,taking trinessa year easily say good fit regular lighter period clear skin hasnt made gain extra weight take time every day never missed pill,9.0,"August 14, 2010",22,birth control taking trinessa year easily say good fit regular lighter period clear skin hasnt made gain extra weight take time every day never missed pill
99576,Magnesium sulfate / potassium sulfate / sodium sulfate,bowel preparation,took first dose 6pm last night 602 bathroom first time pood still little hard half hour come right medicine doesnt taste bad 10pm going occasionally 721am took 2nd dose 6am im wondering anything still left tbh procedure 930 diarrhea tapering actually even like peeing buttseems slowing though way everything flushed clean doctor wont go back 5 year hopefully time im still venturing far bathroom,10.0,"May 15, 2017",12,bowel preparation took first dose 6pm last night 602 bathroom first time pood still little hard half hour come right medicine doesnt taste bad 10pm going occasionally 721am took 2nd dose 6am im wondering anything still left tbh procedure 930 diarrhea tapering actually even like peeing buttseems slowing though way everything flushed clean doctor wont go back 5 year hopefully time im still venturing far bathroom
144252,Etonogestrel,birth control,absolute nightmare ive nexplanon arm 9 month ive never experienced uncomfortable birth control life ive never acne life break time mood swing left right led full breakdown im always tired cant get bed day get used getting period twice month currently im period lasted 3 week straight im talking spotting full blood bath visible clotting im losing lot blood completely ruined sex life wouldnt recommend worst enemy,1.0,"June 2, 2016",10,birth control absolute nightmare ive nexplanon arm 9 month ive never experienced uncomfortable birth control life ive never acne life break time mood swing left right led full breakdown im always tired cant get bed day get used getting period twice month currently im period lasted 3 week straight im talking spotting full blood bath visible clotting im losing lot blood completely ruined sex life wouldnt recommend worst enemy
186257,Desvenlafaxine,depression,medication amazing 3 day extremely sick started feel amazing 1 month happy time depressive thought kind block sad thought work perfectly,10.0,"March 10, 2013",101,depression medication amazing 3 day extremely sick started feel amazing 1 month happy time depressive thought kind block sad thought work perfectly
103480,Loestrin 21 1 / 20,birth control,loestrin 120 year half loestrin 24 fe loved pill would highly recommend people however stop taking loestrin 120 doctor believe reason behind period 3 month happened pill fine little acne around time period happened birth control weight gain bloating cramp moodiness,9.0,"April 6, 2015",4,birth control loestrin 120 year half loestrin 24 fe loved pill would highly recommend people however stop taking loestrin 120 doctor believe reason behind period 3 month happened pill fine little acne around time period happened birth control weight gain bloating cramp moodiness
151556,Chantix,smoking cessation,hello smoked 40 year tried everything stop avail health issue knew stop doctor suggested try chantix smoke free 3 12 year feel much better miss smoking wish taken chantix sooner,10.0,"November 8, 2015",19,smoking cessation hello smoked 40 year tried everything stop avail health issue knew stop doctor suggested try chantix smoke free 3 12 year feel much better miss smoking wish taken chantix sooner
139767,Nora-Be,abnormal uterine bleeding,ive medication 1 wk ive gained 10lbi havent gained weight 5yrs im extremely bloated water retention headache severe crampingi want give chance im 42 symptom arent tolerable feel bipolar edgeim scatter brained emotionalno bueno,2.0,"January 15, 2016",26,abnormal uterine bleeding ive medication 1 wk ive gained 10lbi havent gained weight 5yrs im extremely bloated water retention headache severe crampingi want give chance im 42 symptom arent tolerable feel bipolar edgeim scatter brained emotionalno bueno
141156,Escitalopram,anxiety,ok day 3 went dinner last night child birthday worse attack life pain chest pain left side arm tingling back hurting dizzy thought going pas awful experience took 4 hour chest pain go thought heart attack one point stuck havent eaten since yesterday morning appitie someone please tell get better anyone else boat im 26 year old woman anxiety panic attack,2.0,"September 4, 2015",0,anxiety ok day 3 went dinner last night child birthday worse attack life pain chest pain left side arm tingling back hurting dizzy thought going pas awful experience took 4 hour chest pain go thought heart attack one point stuck havent eaten since yesterday morning appitie someone please tell get better anyone else boat im 26 year old woman anxiety panic attack
104042,Ethinyl estradiol / levonorgestrel,birth control,love pill tried ortho cylclen ortho tricyclen loestrin 24 made emotional angry outburst hazy feeling didnt want go back pill wanted give one last shot hasnt affected mood weight everyones body different issue pill look hormone combination noticed 3 failure one common tried find new pill didnt contain hormone orsythia one really happy gave shot work one person might work keep open mind keep trying find work,9.0,"December 26, 2013",17,birth control love pill tried ortho cylclen ortho tricyclen loestrin 24 made emotional angry outburst hazy feeling didnt want go back pill wanted give one last shot hasnt affected mood weight everyones body different issue pill look hormone combination noticed 3 failure one common tried find new pill didnt contain hormone orsythia one really happy gave shot work one person might work keep open mind keep trying find work
126877,Dilaudid,pain,abscessed streptococcus infection really painful occurrence treated 210cc dilaudid iv injection really great got really drowsy felt nothing even stuck huge needle insanely infected tonsil one tonsil went 9 pain scale 1 ten minute perceived 10 minute least also hear people getting sick hydromorphone staff medical center great though technician administered drug er knew administer minimize nausea definitely glad knew much pain pulled punch treat,10.0,"October 24, 2009",17,pain abscessed streptococcus infection really painful occurrence treated 210cc dilaudid iv injection really great got really drowsy felt nothing even stuck huge needle insanely infected tonsil one tonsil went 9 pain scale 1 ten minute perceived 10 minute least also hear people getting sick hydromorphone staff medical center great though technician administered drug er knew administer minimize nausea definitely glad knew much pain pulled punch treat
148748,Mirena,birth control,ive 3 x mirenas love first 2 great pain get done bled onoff couple month bleeding 5 year mood swing perfect one put last october excruciating pain night doubled bed almost vomiting pain high pain tolerance settled couple day break bleeding never went back gyno post check done went see sister gyno last week told id trouble checked cant find iud going surgery friday get removed new one done wouldnt without one advice working get checked,9.0,"August 1, 2016",8,birth control ive 3 x mirenas love first 2 great pain get done bled onoff couple month bleeding 5 year mood swing perfect one put last october excruciating pain night doubled bed almost vomiting pain high pain tolerance settled couple day break bleeding never went back gyno post check done went see sister gyno last week told id trouble checked cant find iud going surgery friday get removed new one done wouldnt without one advice working get checked
159163,TriNessa,birth control,ive trinessa year month ran insurance issue couldnt get back month together taken almost two year whole time first started second time started taking good experience experienced bloating increased discharge suck lot plus side weight gain headache change period always really short except used depo shot change sexdrive recommended friend,8.0,"September 21, 2014",19,birth control ive trinessa year month ran insurance issue couldnt get back month together taken almost two year whole time first started second time started taking good experience experienced bloating increased discharge suck lot plus side weight gain headache change period always really short except used depo shot change sexdrive recommended friend
137463,Isotretinoin,acne,used claravis 5 month result amazing first however claravis 2 month im getting stubborn cyst pimple whitehead dont know thought last resort medication going back dermatologist,6.0,"May 2, 2010",5,acne used claravis 5 month result amazing first however claravis 2 month im getting stubborn cyst pimple whitehead dont know thought last resort medication going back dermatologist
174192,Versed,light anesthesia,versed colonoscopy 14 year ago told advance would put memory erased hooked iv pain management nurse said dont want remember anyway went procedure started woke recovery went home shook 4 hour next 10 year shortterm memory impaired attended service school thereafter lot trouble remembering item test normally well reoccurring nightmare procedure ptsd terrible drug immoral erase one memory without full understanding advance bear lot animosity towards clinic never allow use,1.0,"December 1, 2017",0,light anesthesia versed colonoscopy 14 year ago told advance would put memory erased hooked iv pain management nurse said dont want remember anyway went procedure started woke recovery went home shook 4 hour next 10 year shortterm memory impaired attended service school thereafter lot trouble remembering item test normally well reoccurring nightmare procedure ptsd terrible drug immoral erase one memory without full understanding advance bear lot animosity towards clinic never allow use
133064,Tri-Sprintec,birth control,pill worked great clearing acne face back took month worked really help also worked really well preventing pregnancy however pill made gain like 10 pound didnt really notice went lost substantial amount weightit also made act crazy constantly yelling people losing temper didnt friend gain weight took guess side effect vary person person dont think id recommend though,3.0,"January 9, 2016",4,birth control pill worked great clearing acne face back took month worked really help also worked really well preventing pregnancy however pill made gain like 10 pound didnt really notice went lost substantial amount weightit also made act crazy constantly yelling people losing temper didnt friend gain weight took guess side effect vary person person dont think id recommend though
37544,Vyvanse,adhd,im 16 ive taken vyvanse month help lot minimal side effect mouth get dry become less social preferable ritalin ritalin much less smooth term kicking wearing last lot shorter,10.0,"February 1, 2011",1,adhd im 16 ive taken vyvanse month help lot minimal side effect mouth get dry become less social preferable ritalin ritalin much less smooth term kicking wearing last lot shorter
53504,Onexton,acne,22 year old last couple year skin gone change oilycombo skin acne prone went dermatologist hoping simple fix product trying control small breakout go terrible acne maybe like 3 active pimple prescribed onexton epiduo told use epiduo night onexton day stop using epiduo one week terribly drying changing skin color continued onexton skin got much worse continued using 3 week decided stop breakout control ive never skin bad switching allnatural routine finger crossed,1.0,"November 12, 2015",9,acne 22 year old last couple year skin gone change oilycombo skin acne prone went dermatologist hoping simple fix product trying control small breakout go terrible acne maybe like 3 active pimple prescribed onexton epiduo told use epiduo night onexton day stop using epiduo one week terribly drying changing skin color continued onexton skin got much worse continued using 3 week decided stop breakout control ive never skin bad switching allnatural routine finger crossed
31605,Miconazole,vaginal yeast infection,midly irritated yeast infection figure happens weekend doctor could seen go drugstore decided ill play safe left monistat 7 day one felt like liquid acid especially outside took medication went sleep next day still burned im like one shot time thought ok burning go away fine let tell crotch swollen fire left huge rash across mid section didnt sleep cant even wear anything feel like set fire doctor didnt know cure basically telling 50 50 chance prednisone make go away make worse beyond miserable want sleep,1.0,"February 24, 2016",3,vaginal yeast infection midly irritated yeast infection figure happens weekend doctor could seen go drugstore decided ill play safe left monistat 7 day one felt like liquid acid especially outside took medication went sleep next day still burned im like one shot time thought ok burning go away fine let tell crotch swollen fire left huge rash across mid section didnt sleep cant even wear anything feel like set fire doctor didnt know cure basically telling 50 50 chance prednisone make go away make worse beyond miserable want sleep
40757,Leuprolide,uterine fibroids,received 2nd shot 375 lupron far good heard horror story line friend various reason worried start one large fibroid put lupron injection shrink make easier husband baby robotic myomectomy june afraid mood swing surprisingly 5 week still happy bloating gone away part really looking forward bleeding way due fibroid posting woman like 35 year old wanting baby know lupron horror story happen,7.0,"January 3, 2012",164,uterine fibroids received 2nd shot 375 lupron far good heard horror story line friend various reason worried start one large fibroid put lupron injection shrink make easier husband baby robotic myomectomy june afraid mood swing surprisingly 5 week still happy bloating gone away part really looking forward bleeding way due fibroid posting woman like 35 year old wanting baby know lupron horror story happen
6397,Ocella,acne,month ocella noticed skin clearer ever higher sex drive ever actually lost couple pound happy birth control,10.0,"August 27, 2015",2,acne month ocella noticed skin clearer ever higher sex drive ever actually lost couple pound happy birth control
97656,Methimazole,hyperthyroidism,horrible experience could never take full dose stomach issue horrible hair got dry put conditioner wash get finger hair hair came clump hungry time would eat thing hated,3.0,"February 2, 2016",16,hyperthyroidism horrible experience could never take full dose stomach issue horrible hair got dry put conditioner wash get finger hair hair came clump hungry time would eat thing hated
226534,Etonogestrel,birth control,got implant january 2014 daughter born easily inserted painless left tiny dot scar get period first month last 18 day worried would continue like considered getting removed period ended went year another one lasted 2 day year half later starting get short period 2 day every two month think implant wonderful like worry taking pill condom hand every time husband wanted get intimate real negative thing weight gain 15 pound wont come,8.0,"June 25, 2015",4,birth control got implant january 2014 daughter born easily inserted painless left tiny dot scar get period first month last 18 day worried would continue like considered getting removed period ended went year another one lasted 2 day year half later starting get short period 2 day every two month think implant wonderful like worry taking pill condom hand every time husband wanted get intimate real negative thing weight gain 15 pound wont come
99236,Doxylamine,insomnia,take unisom never dangerous increase heartbeat could move morning fast thought ill dead pill forbidden sell ut reason free buy took twice went garbage using melatonin problem use every day unisom dangerous health,1.0,"March 10, 2016",29,insomnia take unisom never dangerous increase heartbeat could move morning fast thought ill dead pill forbidden sell ut reason free buy took twice went garbage using melatonin problem use every day unisom dangerous health
6117,Minastrin 24 Fe,birth control,switched onto pill orthotrycyclen lo reason switched ortho making acne increase started making period painful minastrin started okay despise period pill fine 6 month started make nausea moody anxious first worried pregnant ended going crazy taking 10 test im switching another pill basically biggest issue pill side effect got 56 month point never period first pack also added constant anxiety paranoia brown first period nothing,5.0,"June 29, 2016",7,birth control switched onto pill orthotrycyclen lo reason switched ortho making acne increase started making period painful minastrin started okay despise period pill fine 6 month started make nausea moody anxious first worried pregnant ended going crazy taking 10 test im switching another pill basically biggest issue pill side effect got 56 month point never period first pack also added constant anxiety paranoia brown first period nothing
156385,Ropinirole,restless legs syndrome,70 suffered restless leg adult life doctor referred neurologist 4 year ago tried ropinirole starting low dose 1mg night gradually building 5mg daily took year get nausea adjusting dosage get desired result take 1mg tablet meal 2 bed making total 5mg daily longer suffer restless leg totally gone side effect,10.0,"December 31, 2013",80,restless legs syndrome 70 suffered restless leg adult life doctor referred neurologist 4 year ago tried ropinirole starting low dose 1mg night gradually building 5mg daily took year get nausea adjusting dosage get desired result take 1mg tablet meal 2 bed making total 5mg daily longer suffer restless leg totally gone side effect
35547,Prilosec,gerd,prilosec completely eradicates severe reflux suffer due rare stomach condition known gastroparesis sadly completely eliminates appetite well also slows metabolism crawl already inherently slow due stomach condition,5.0,"July 11, 2011",33,gerd prilosec completely eradicates severe reflux suffer due rare stomach condition known gastroparesis sadly completely eliminates appetite well also slows metabolism crawl already inherently slow due stomach condition
151289,OxyContin,pain,oxycontin far best pain reliever ever used without making drowsy effective prescribed proper strength condition take prescribed,10.0,"October 26, 2008",56,pain oxycontin far best pain reliever ever used without making drowsy effective prescribed proper strength condition take prescribed
229129,Tadalafil,erectile dysfunction,47 smoker never experienced erectile dysfunction past last 2 year many stressful event psychological downturn erection fluctuating beyond personal control feeling anxious whether would perform properly worsened condition started using 20mg pill four piece 5mg used twice result beyond expectation side effect erection brought memory early 20 back impressing well duration 3 4 day,9.0,"October 20, 2011",35,erectile dysfunction 47 smoker never experienced erectile dysfunction past last 2 year many stressful event psychological downturn erection fluctuating beyond personal control feeling anxious whether would perform properly worsened condition started using 20mg pill four piece 5mg used twice result beyond expectation side effect erection brought memory early 20 back impressing well duration 3 4 day
77615,Cephalexin,skin or soft tissue infection,got 500mg keflex prescribed alleged infected spider bite day one felt ok go bathroom lot otherwise stomach wasnt bad night two verge going er stomach felt like eating bppulse roof every muscle body spasming full freak mode stopped taking four day since took im still sick dizzy cant eat feel crappy weak doc said antibiotic made sick brat diet banana rice applesauce toast week fun,1.0,"October 31, 2017",0,skin or soft tissue infection got 500mg keflex prescribed alleged infected spider bite day one felt ok go bathroom lot otherwise stomach wasnt bad night two verge going er stomach felt like eating bppulse roof every muscle body spasming full freak mode stopped taking four day since took im still sick dizzy cant eat feel crappy weak doc said antibiotic made sick brat diet banana rice applesauce toast week fun
116979,Lamictal,bipolar disorde,thought going okay feeling best awhile done destroy self confidence word retrieval memory black spot value intelligence sometimes feel like left,5.0,"August 10, 2011",34,bipolar disorde thought going okay feeling best awhile done destroy self confidence word retrieval memory black spot value intelligence sometimes feel like left
77426,Prolia,osteoporosis,58 year old prolia injection newly diagnosed osteoporosis 3 month ago experienced flulike symptom 2 week muscle ache constant burping loose stool extreme fatigue thigh muscle manufacturer side effect list included depression wouldnt classify definitely felt exasperated couple week usual cheery self went away symptom dont know helped disease,5.0,"September 21, 2016",92,osteoporosis 58 year old prolia injection newly diagnosed osteoporosis 3 month ago experienced flulike symptom 2 week muscle ache constant burping loose stool extreme fatigue thigh muscle manufacturer side effect list included depression wouldnt classify definitely felt exasperated couple week usual cheery self went away symptom dont know helped disease
46892,Xenical,obesity,ive taking four day havent changed diet much really dont advise literally shat im absorbing much fat would diet change successful far,9.0,"August 31, 2015",42,obesity ive taking four day havent changed diet much really dont advise literally shat im absorbing much fat would diet change successful far
148144,Norethindrone,birth control,review make pill sound horrid pill two year let tell first month taking pill hell complete hell period every week broke gained weight mood swing talked doctor switch insisted stay month went side effect went away period kinda come go want fantastic take everyday time stick fine,10.0,"July 8, 2015",17,birth control review make pill sound horrid pill two year let tell first month taking pill hell complete hell period every week broke gained weight mood swing talked doctor switch insisted stay month went side effect went away period kinda come go want fantastic take everyday time stick fine
17633,Ethinyl estradiol / etonogestrel,birth control,second month love far read side effect scared moody low sex drive experienced none far already get migraine acne notice dont get migraine often bleeding end third week lasted 5 day read information pamphlet guess normal there bleeding im second ring noticeable lover sex take put back 3 hour read pamphlet front back first use youre confident also refer question,9.0,"February 19, 2016",10,birth control second month love far read side effect scared moody low sex drive experienced none far already get migraine acne notice dont get migraine often bleeding end third week lasted 5 day read information pamphlet guess normal there bleeding im second ring noticeable lover sex take put back 3 hour read pamphlet front back first use youre confident also refer question
177665,Duloxetine,generalized anxiety disorde,personal journey cymbalta far positive one severe anxietydepression present life approximately four year ive found cymbalta immensely suppressed anxious symptom experience cymbalta took full effect 3 week beginning enjoy life highly recommend medication others especially immense anxiety part life impressed medication ability deplete anxiety good luck hope best anyone struggling miserable condition,10.0,"April 14, 2015",108,generalized anxiety disorde personal journey cymbalta far positive one severe anxietydepression present life approximately four year ive found cymbalta immensely suppressed anxious symptom experience cymbalta took full effect 3 week beginning enjoy life highly recommend medication others especially immense anxiety part life impressed medication ability deplete anxiety good luck hope best anyone struggling miserable condition
190081,Desipramine,depression,spent year going one antidepressant another even ect treatment nothing worked psychiatrist put desipramine never looked back energy concentrate get bed function first time year ive taking 6 month increase dosage either truly godsend,10.0,"January 21, 2014",99,depression spent year going one antidepressant another even ect treatment nothing worked psychiatrist put desipramine never looked back energy concentrate get bed function first time year ive taking 6 month increase dosage either truly godsend
91699,MetroGel-Vaginal,bacterial vaginitis,ive bv almost 2 year would use cleocin gel would come back think body got immune two week ago tried metro gel went away give yeast infection used monistat one day boom bv came back im trying metro gel longer period time hope job time doesnt give side effect something stressed taking,5.0,"August 16, 2015",15,bacterial vaginitis ive bv almost 2 year would use cleocin gel would come back think body got immune two week ago tried metro gel went away give yeast infection used monistat one day boom bv came back im trying metro gel longer period time hope job time doesnt give side effect something stressed taking
108752,Nexplanon,birth control,absolutely love nexplanon two month stopped period havent noticed change body havent gained weight cramping worry taking pill time everyday think worked well pill 3 year prior body used hormone regular cycle pill terrible never going back,10.0,"August 21, 2017",15,birth control absolutely love nexplanon two month stopped period havent noticed change body havent gained weight cramping worry taking pill time everyday think worked well pill 3 year prior body used hormone regular cycle pill terrible never going back
133233,Tri-Sprintec,birth control,ive reading review felt need say everyone react differently completed first week pill havent noticed anything extreme mild vaginal discomfort nothing bad old birth control year switched pill breakthrough bleeding cramp tell mood sex drive hasnt changed,7.0,"December 18, 2011",2,birth control ive reading review felt need say everyone react differently completed first week pill havent noticed anything extreme mild vaginal discomfort nothing bad old birth control year switched pill breakthrough bleeding cramp tell mood sex drive hasnt changed
186695,Lisdexamfetamine,adhd,grandson diagnosed adhd two year ago 7 started councelling recommended try medication resisted knowing much adhd tried couple different medicine without success tried vyvanse first dose 30mg show vast improvement didnt last long increased dos several time reaching current dose 60mg like others stated loss appetite trouble going sleep continually monitor weight take blood sample make sure harm liver kidney still occasional meltdown learned recognize school gone impulsive compulsive run spurt,9.0,"April 7, 2009",23,adhd grandson diagnosed adhd two year ago 7 started councelling recommended try medication resisted knowing much adhd tried couple different medicine without success tried vyvanse first dose 30mg show vast improvement didnt last long increased dos several time reaching current dose 60mg like others stated loss appetite trouble going sleep continually monitor weight take blood sample make sure harm liver kidney still occasional meltdown learned recognize school gone impulsive compulsive run spurt
67466,Provera,abnormal uterine bleeding,started taking provera january 7th 3 different period month december regular change every 23 hr light barely noticed changed every 45 hr extremely heavy huge clot literally changed everytime stood would gush blood told take 2 week would period afterwards stopped bleeding got period couple day 2 week side effect ive nausea seriously sick stomach mere thought food almost made regurgitate body extremely sore made tired still pill honestly sure still taking guess pill work,5.0,"January 23, 2011",60,abnormal uterine bleeding started taking provera january 7th 3 different period month december regular change every 23 hr light barely noticed changed every 45 hr extremely heavy huge clot literally changed everytime stood would gush blood told take 2 week would period afterwards stopped bleeding got period couple day 2 week side effect ive nausea seriously sick stomach mere thought food almost made regurgitate body extremely sore made tired still pill honestly sure still taking guess pill work
72499,Tramadol,back pain,scoliosis surgery 30 yr ago auto accident herniated cervical lumbar disc fused t1s1 lumbar fusion resulted nerve damage pain radiating right leg toe lyrica neurontin didnt help tramadol worked wonder take 250mg tab get moving keep night pain keep night take temazepam sleep im trying extended release version night hoping lag time start working allow sleep ill feel better wake,8.0,"April 1, 2011",36,back pain scoliosis surgery 30 yr ago auto accident herniated cervical lumbar disc fused t1s1 lumbar fusion resulted nerve damage pain radiating right leg toe lyrica neurontin didnt help tramadol worked wonder take 250mg tab get moving keep night pain keep night take temazepam sleep im trying extended release version night hoping lag time start working allow sleep ill feel better wake
43325,Hydromorphone,chronic pain,started taking exalgo june 2011 chronic kidneyflank pain started 8mg onceday increased 12mg march 2012 increased 16mg july 2013 call exalgo miracle like taking er pill rather popping pill day long ive tried many different opiate much prefer dilaudid others also take 4mg dilaudid hydromorphone needed breakthrough pain best luck anyone suffering chronic pain terrible way live exalgo definitely increased quality life hope,10.0,"August 25, 2013",75,chronic pain started taking exalgo june 2011 chronic kidneyflank pain started 8mg onceday increased 12mg march 2012 increased 16mg july 2013 call exalgo miracle like taking er pill rather popping pill day long ive tried many different opiate much prefer dilaudid others also take 4mg dilaudid hydromorphone needed breakthrough pain best luck anyone suffering chronic pain terrible way live exalgo definitely increased quality life hope
163175,Carac,keratosis,finished 4 week course carac cream advice moisturize moisturize moisturize went riteaide purchased large bottle vitamin e aloe gel moisturizer nothing alcohol burn oil difficult remove well bottle baby wash know tear wash affected area mine face scalp baby wash doesnt dry skin carac applied wait 12 hour begin applying moisturizer used moisturizer heavily 5 6 time per day soaked right worked great felt like light sunburn moderate peeling done healed snap,10.0,"August 9, 2010",200,keratosis finished 4 week course carac cream advice moisturize moisturize moisturize went riteaide purchased large bottle vitamin e aloe gel moisturizer nothing alcohol burn oil difficult remove well bottle baby wash know tear wash affected area mine face scalp baby wash doesnt dry skin carac applied wait 12 hour begin applying moisturizer used moisturizer heavily 5 6 time per day soaked right worked great felt like light sunburn moderate peeling done healed snap
110534,Serax,anxiety,43 year anxietypanic disorder serax helped life drs tried many treatment ended icu heart enzyme elevated theme 25 year ago dr started serax finally let normal life,10.0,"June 23, 2017",19,anxiety 43 year anxietypanic disorder serax helped life drs tried many treatment ended icu heart enzyme elevated theme 25 year ago dr started serax finally let normal life
230324,Meloxicam,osteoarthritis,46 year old battling arthritis year knee left foot right elbow started taking meloxicam 1 year noticed difference past year went back playing flag football ping pong softball recently stopped taking meloxicam see would happen noticed right knee started swell day played flag football time frame one week medication back played 30 game flag football countless game pong without pain well elbow pain playing softball meloxicam strongly suggest drink liquid bite food taking medicine side effect thanks,10.0,"February 11, 2014",68,osteoarthritis 46 year old battling arthritis year knee left foot right elbow started taking meloxicam 1 year noticed difference past year went back playing flag football ping pong softball recently stopped taking meloxicam see would happen noticed right knee started swell day played flag football time frame one week medication back played 30 game flag football countless game pong without pain well elbow pain playing softball meloxicam strongly suggest drink liquid bite food taking medicine side effect thanks
16585,Ethinyl estradiol / norethindrone,birth control,tried every birth control pill therei reluctant try lolo glad however pill didnt give side effect could take morning slight breakthrough bleeding every first two month best one yet,9.0,"November 23, 2015",5,birth control tried every birth control pill therei reluctant try lolo glad however pill didnt give side effect could take morning slight breakthrough bleeding every first two month best one yet
20252,Macrobid,urinary tract infection,macrobid 3 day feel nauseated im tired cant eat drink anything except little water without getting sick give horrible headache feel weak also allergic sulfa medication bactrim doctor gave,3.0,"January 18, 2012",39,urinary tract infection macrobid 3 day feel nauseated im tired cant eat drink anything except little water without getting sick give horrible headache feel weak also allergic sulfa medication bactrim doctor gave
129792,Levonorgestrel,abnormal uterine bleeding,mirena inserted 7 week ago doc first tried inserting office several painful try including using dilitation tool gave 3 child one home birth med would rather give birth nasty cramped bled many day inserted several month later via surgery less cramping needed pain med week later started painful cramping 3 week bleeding pain bad bed one could touch would start another cramp last week got 3 go bathroom way back hit worst pain ever went er left 20 min,2.0,"May 12, 2015",7,abnormal uterine bleeding mirena inserted 7 week ago doc first tried inserting office several painful try including using dilitation tool gave 3 child one home birth med would rather give birth nasty cramped bled many day inserted several month later via surgery less cramping needed pain med week later started painful cramping 3 week bleeding pain bad bed one could touch would start another cramp last week got 3 go bathroom way back hit worst pain ever went er left 20 min
97548,Voltaren Gel,pain,suffered rotator cuff pain along mid back spasm radiating lower back ive used lidocaine patch pain management trigger point injection acupuncture pa handed 2 tube gel didnt much hope within minute applying directed pain gone muscle stiffness urge try,10.0,"April 18, 2010",24,pain suffered rotator cuff pain along mid back spasm radiating lower back ive used lidocaine patch pain management trigger point injection acupuncture pa handed 2 tube gel didnt much hope within minute applying directed pain gone muscle stiffness urge try
7306,Aluminum chloride hexahydrate,hyperhidrosis,hypercare truly amazing worked first application 12 yr old daughter tried every deodorant including certain dry clinical strength product work would still come home school soaking wet armpit area really want injected botox seriously going check damage sweating self esteem hypercare cause irritation daughter say absolutely worth sooo happy excited able wear color shirt idea big problem didnt tell embarrassed absolutely recommend product,10.0,"October 28, 2009",65,hyperhidrosis hypercare truly amazing worked first application 12 yr old daughter tried every deodorant including certain dry clinical strength product work would still come home school soaking wet armpit area really want injected botox seriously going check damage sweating self esteem hypercare cause irritation daughter say absolutely worth sooo happy excited able wear color shirt idea big problem didnt tell embarrassed absolutely recommend product
101992,Silenor,insomnia,several medicine like ambien lunesta sudden needed pill sleep walking zombie next day mood swing bad family became concerened switched silenor potent trick,9.0,"February 28, 2012",60,insomnia several medicine like ambien lunesta sudden needed pill sleep walking zombie next day mood swing bad family became concerened switched silenor potent trick
169576,Coricidin HBP Cold & Flu,cold symptoms,recently bad cold aware counter cold medication make high blood pressure worse medicine worked great worry high blood pressure,9.0,"November 19, 2014",14,cold symptoms recently bad cold aware counter cold medication make high blood pressure worse medicine worked great worry high blood pressure
219911,Amitriptyline,anxiety and stress,nothing worked anxiety depression insomnia add list wish could find something work doc put 50mg morning bed along 1 12 15mg klonipin 3x day 2mg xanax needed also given lexapro depression didnt help caused sleeplessness restlessness worsened insomnia weight gain bloating ed gynocemastia sure med caused also nexium water pill lisinipril got med fast could still suffering stage 2 hypertension depression anxiety sad insomnia gerd without med life rough least im dealing side effect,1.0,"November 11, 2016",12,anxiety and stress nothing worked anxiety depression insomnia add list wish could find something work doc put 50mg morning bed along 1 12 15mg klonipin 3x day 2mg xanax needed also given lexapro depression didnt help caused sleeplessness restlessness worsened insomnia weight gain bloating ed gynocemastia sure med caused also nexium water pill lisinipril got med fast could still suffering stage 2 hypertension depression anxiety sad insomnia gerd without med life rough least im dealing side effect
166689,Levonorgestrel,emergency contraception,like lot people made mistake ended reading review hoping sort reassurance deciding take pill promised worked would write review never taking pill side effect maybe face broke little bit anyways im pregant thats matter pill work everythings going okay,10.0,"September 11, 2016",35,emergency contraception like lot people made mistake ended reading review hoping sort reassurance deciding take pill promised worked would write review never taking pill side effect maybe face broke little bit anyways im pregant thats matter pill work everythings going okay
125956,Viibryd,depression,bpd anxiety disorder agoraphobia medicine didnt much got side effect none relief giving midline rating cant seem tell medicine didnt help depressedstressed lately,5.0,"February 20, 2015",27,depression bpd anxiety disorder agoraphobia medicine didnt much got side effect none relief giving midline rating cant seem tell medicine didnt help depressedstressed lately
102364,Clindamycin / tretinoin,acne,nodule like hormonal acne chin started around 21 ive tried lot medication seemed short course antibiotic birth control thing seemed help october 2014 got inflamed painful saw dermatologist put solodyn antibiotic 3 month ziana gel honest ziana definitely make skin worse start make better drying experienced minimal truly made skin purge like read would got bad red wanted cry curse ziana however 25 month started get better breakout patient,7.0,"February 2, 2015",15,acne nodule like hormonal acne chin started around 21 ive tried lot medication seemed short course antibiotic birth control thing seemed help october 2014 got inflamed painful saw dermatologist put solodyn antibiotic 3 month ziana gel honest ziana definitely make skin worse start make better drying experienced minimal truly made skin purge like read would got bad red wanted cry curse ziana however 25 month started get better breakout patient
11001,Welchol,"diarrhea, chronic",work diarrhea gall bladder removal thankful wrote comment spurred ask doctor prescription take two pill breakfast day sometimes one pill side effect relieved sometimes 5 time day bathroom run given normal life back,10.0,"October 28, 2009",92,"diarrhea, chronic work diarrhea gall bladder removal thankful wrote comment spurred ask doctor prescription take two pill breakfast day sometimes one pill side effect relieved sometimes 5 time day bathroom run given normal life back"
98008,Leuprolide,endometriosis,2nd shot lupron liking new everyone say first 6 week get better dont know take anymore anyone else take mood swing hormonal frustrated time mad everything job family suffering hot flash constant miserable dont think continue shot,2.0,"March 26, 2009",43,endometriosis 2nd shot lupron liking new everyone say first 6 week get better dont know take anymore anyone else take mood swing hormonal frustrated time mad everything job family suffering hot flash constant miserable dont think continue shot
98832,Nexplanon,birth control,nexplanon inserted 3 month ago ive since removed went back pill start spotting 3 wks stopped however sex caused spotting return wks spotting least worry far side effect implant caused great turmoil life mental physical 1 month felt irritable anxious highslows mood swing left feeling like losing mind insomnia kicked sign depression emerged motivation energy im runner 2 month insertion began experiencing headache workout relied advil sleep aide deal doc take 3 month life back normal,3.0,"March 9, 2013",11,birth control nexplanon inserted 3 month ago ive since removed went back pill start spotting 3 wks stopped however sex caused spotting return wks spotting least worry far side effect implant caused great turmoil life mental physical 1 month felt irritable anxious highslows mood swing left feeling like losing mind insomnia kicked sign depression emerged motivation energy im runner 2 month insertion began experiencing headache workout relied advil sleep aide deal doc take 3 month life back normal
133061,Loestrin 24 Fe,0</span> users found this comment helpful.,great pill want significantly shorten period great want clear skin minimal pm symptom acne ridiculous experience made break throughout month around time period mood swing extremely noticeable boyfriend never fought much pill,4.0,"March 30, 2012",0,0</span> users found this comment helpful. great pill want significantly shorten period great want clear skin minimal pm symptom acne ridiculous experience made break throughout month around time period mood swing extremely noticeable boyfriend never fought much pill
148557,Mirena,abnormal uterine bleeding,mirena inserted little 2 year suggested doctor excessive bleeding needing iron injection every 3 month 40 period became excessively heavy point unable leave house due change every 30 minute also started regularly get migraine would bed ridden 3 day bucket dark room best situation 2 child 2 mirena lightened period beyond belief migraine 2 year life back mirena 49 inserted wish id done sooner,10.0,"January 14, 2017",23,abnormal uterine bleeding mirena inserted little 2 year suggested doctor excessive bleeding needing iron injection every 3 month 40 period became excessively heavy point unable leave house due change every 30 minute also started regularly get migraine would bed ridden 3 day bucket dark room best situation 2 child 2 mirena lightened period beyond belief migraine 2 year life back mirena 49 inserted wish id done sooner
129702,Levonorgestrel,birth control,lady read review freak got iud placed gave pill help open cervix would less painful terrified get done due horrifying review finally got courage finally doctor lady nothing put clamp cervix didnt feel great wasnt ungodly painful actual insertion took like 30 second done felt cramp worse one get im start done mild cramping hour nothing also spotting please remember pain subjective dont let terrible review stop getting,10.0,"June 14, 2015",24,birth control lady read review freak got iud placed gave pill help open cervix would less painful terrified get done due horrifying review finally got courage finally doctor lady nothing put clamp cervix didnt feel great wasnt ungodly painful actual insertion took like 30 second done felt cramp worse one get im start done mild cramping hour nothing also spotting please remember pain subjective dont let terrible review stop getting
47597,Tapentadol,pain,1st 4 day great pain lethargy day 5 began stomach upset hot flash day 6 brought anxiety ending severe depression psychotic break resolved cessation 24 hour,1.0,"March 8, 2013",61,pain 1st 4 day great pain lethargy day 5 began stomach upset hot flash day 6 brought anxiety ending severe depression psychotic break resolved cessation 24 hour
218509,Tri-Sprintec,birth control,previously using orthotricyclen thought great switched trisprintec january idea symptom trisprintec share much longer type im probably better conversation confirm theory research say week ive waking excruciating pain every night back chest stomach go hour pas exhaustion soon ive feeling since early february taken toll body emotion review say there feeling dread definitely relatable ive enough im scared fall asleep know,2.0,"March 21, 2017",3,birth control previously using orthotricyclen thought great switched trisprintec january idea symptom trisprintec share much longer type im probably better conversation confirm theory research say week ive waking excruciating pain every night back chest stomach go hour pas exhaustion soon ive feeling since early february taken toll body emotion review say there feeling dread definitely relatable ive enough im scared fall asleep know
148430,Mirena,birth control,awful review thought id share positive experience lot reading decided go mirena iud two month post baby hard inserted felt speculum uncomfortable 10 week post baby actual insertion didnt dizziness bleed couple day period also didnt need take pain med weight gain change skin since period hadnt come back point couple day bleeding im 2 year iud havent period date still feel like get pm time time ive lite bleeding occasion great form birth control,9.0,"August 10, 2017",9,birth control awful review thought id share positive experience lot reading decided go mirena iud two month post baby hard inserted felt speculum uncomfortable 10 week post baby actual insertion didnt dizziness bleed couple day period also didnt need take pain med weight gain change skin since period hadnt come back point couple day bleeding im 2 year iud havent period date still feel like get pm time time ive lite bleeding occasion great form birth control
221532,Makena,premature lab,im gave birth daughter 34 week completely unknown reason drs set agreeing take makena asked possible side effect told really arent side effect scheduled shot today completely refusing allow drs continue treatment side effect terrible shot painful youll tender day also ton fatigue taking worst moodiness depression short week taking makena emotional state become poor safer healthier baby continue makena would recommend expecting mother steer clear makena,1.0,"August 1, 2017",11,premature lab im gave birth daughter 34 week completely unknown reason drs set agreeing take makena asked possible side effect told really arent side effect scheduled shot today completely refusing allow drs continue treatment side effect terrible shot painful youll tender day also ton fatigue taking worst moodiness depression short week taking makena emotional state become poor safer healthier baby continue makena would recommend expecting mother steer clear makena
74449,Ethinyl estradiol / norethindrone,birth control,loestrin week side effect ive irritabilitymood swing anxiety taking pill also noticed increase sexual desire less ability obtain orgasm addition mild headache however im ecstatic experienced bloating weight gain first day taking pill yaz yasmin experienced immediately almost addition 8 lb weight gain ive able actually lose weight last week desire exercise still exists yazyasmin relaxed great however felt lazy motivated exercise far would choose loestrin,9.0,"May 10, 2010",3,birth control loestrin week side effect ive irritabilitymood swing anxiety taking pill also noticed increase sexual desire less ability obtain orgasm addition mild headache however im ecstatic experienced bloating weight gain first day taking pill yaz yasmin experienced immediately almost addition 8 lb weight gain ive able actually lose weight last week desire exercise still exists yazyasmin relaxed great however felt lazy motivated exercise far would choose loestrin
217066,Oxcarbazepine,trigeminal neuralgia,drug 7 year medication work intense pain strong dose 1200 mg 3 x daily even taking dose still break pain spring fall side effect dont like getting tired however would rather pain,10.0,"July 31, 2013",60,trigeminal neuralgia drug 7 year medication work intense pain strong dose 1200 mg 3 x daily even taking dose still break pain spring fall side effect dont like getting tired however would rather pain
52684,Doryx,urinary tract infection,took ten day dosage urethritis similar uti cure though symptom went away friend also though worked fine recently changed ciprofloxacin hopefully better result,4.0,"October 15, 2009",43,urinary tract infection took ten day dosage urethritis similar uti cure though symptom went away friend also though worked fine recently changed ciprofloxacin hopefully better result
141358,Escitalopram,generalized anxiety disorde,summer experienced first panic attack leading string additional panic attack followed subsequently overly focused tic aspect body unable focus leave house getting panic attack nearly daily terrible experience medication viibryd gave serotonin syndrome left awake five straight day lexapro gave life back took 4 week start really help 2 month work full strength allowed first time year truly happy deal problem life started medicine give chance side effect first tough,9.0,"October 26, 2014",88,generalized anxiety disorde summer experienced first panic attack leading string additional panic attack followed subsequently overly focused tic aspect body unable focus leave house getting panic attack nearly daily terrible experience medication viibryd gave serotonin syndrome left awake five straight day lexapro gave life back took 4 week start really help 2 month work full strength allowed first time year truly happy deal problem life started medicine give chance side effect first tough
99564,Magnesium sulfate / potassium sulfate / sodium sulfate,bowel preparation,read sort horror story terrified medicine expect 1 taste didnt bother whatsoever ive cough syrup tasted much worse taste like salty cherry problem drinking almost pleasant chilled prior drinking drank like beverage mixed water 2 experienced nausea headache cramping none horrible side effect read faucet butt 15 minute drank dose lasted intermittently hour really bad anxiety much worse really nothing stress,10.0,"July 10, 2017",21,bowel preparation read sort horror story terrified medicine expect 1 taste didnt bother whatsoever ive cough syrup tasted much worse taste like salty cherry problem drinking almost pleasant chilled prior drinking drank like beverage mixed water 2 experienced nausea headache cramping none horrible side effect read faucet butt 15 minute drank dose lasted intermittently hour really bad anxiety much worse really nothing stress
151711,Chantix,smoking cessation,loved smoking tried several time go cold turkey failed miserably tried chantix twice actually worked first two time given starter packet surgery smoked right third time given full regiment beginning third packet longer craving smoke get friend pardner heavy smoker still dont feel craving course never smoked house blessing dont smokey wall window clean two three pack day smoker year honestly say im nonsmoker thank chantix,10.0,"March 12, 2015",6,smoking cessation loved smoking tried several time go cold turkey failed miserably tried chantix twice actually worked first two time given starter packet surgery smoked right third time given full regiment beginning third packet longer craving smoke get friend pardner heavy smoker still dont feel craving course never smoked house blessing dont smokey wall window clean two three pack day smoker year honestly say im nonsmoker thank chantix
207665,Suprep Bowel Prep Kit,bowel preparation,suprep bowel prep kit sodium sulfate potassium sulfate magnesium sulfate taken prior first colonoscopy two dos 1st 400pm second midnight colonoscopy scheduled following morning 900am poured first bottle provided mixing cup smelled like cherry flavoring mixing water 16oz mark began drinking straw tasted like cherryflavored sport drink extra salt bad point chugged entire cup first bm 40 min later watery stool next two hour second dose worked twice fast experienced side effect intended result site advises complication 2,10.0,"May 4, 2016",22,bowel preparation suprep bowel prep kit sodium sulfate potassium sulfate magnesium sulfate taken prior first colonoscopy two dos 1st 400pm second midnight colonoscopy scheduled following morning 900am poured first bottle provided mixing cup smelled like cherry flavoring mixing water 16oz mark began drinking straw tasted like cherryflavored sport drink extra salt bad point chugged entire cup first bm 40 min later watery stool next two hour second dose worked twice fast experienced side effect intended result site advises complication 2
7719,Xanax,panic disorde,medicine xanax work effectively quickly resolve anxiety panic attack however found went antidepressant pristiq xanax made fall asleep switch xanax sedating point another benzodiazepine use pristiq keeping panic attack away,9.0,"July 13, 2013",21,panic disorde medicine xanax work effectively quickly resolve anxiety panic attack however found went antidepressant pristiq xanax made fall asleep switch xanax sedating point another benzodiazepine use pristiq keeping panic attack away
177230,Duloxetine,depression,drug changed life taking cymbalta depressed anxious borderline suicidal within week first dose 60mg noticed outgoing friendly mood significantly improved although experience sexual side effect drug incredible whole id highly recommend,9.0,"June 21, 2017",42,depression drug changed life taking cymbalta depressed anxious borderline suicidal within week first dose 60mg noticed outgoing friendly mood significantly improved although experience sexual side effect drug incredible whole id highly recommend
160924,Risperidone,bipolar disorde,best medicine sleep manic problem 98 pound super tiny 203lb risperdal point something work biploar make obese,5.0,"July 12, 2017",9,bipolar disorde best medicine sleep manic problem 98 pound super tiny 203lb risperdal point something work biploar make obese
10646,Spironolactone,high blood pressure,medicine lower blood pressure 2 month began trouble urinating first thought getting bladder infection symptom would come go mainly occurring right took pill decided stop taking see symptom went away also swelling hand gained 5 pound,1.0,"April 7, 2011",89,high blood pressure medicine lower blood pressure 2 month began trouble urinating first thought getting bladder infection symptom would come go mainly occurring right took pill decided stop taking see symptom went away also swelling hand gained 5 pound
51836,Ustekinumab,psoriasis,28 year old male stelara 25 month went 70 covered almost 0 worked amazingly question pay know long take start seeing red go away really bad spot thanks good luck,9.0,"October 20, 2015",30,psoriasis 28 year old male stelara 25 month went 70 covered almost 0 worked amazingly question pay know long take start seeing red go away really bad spot thanks good luck
116895,Lamictal,bipolar disorde,first medicine helped 14 year old daughter tried prozac zoloft vyvanse pristiq help wellbutrin accurately diagnosed many different professional suggested dysthymia anxiety adhd borderline personality disorder mdd bipolar ii hospitalized 3 time last time got hospital asked could try mood stabilizer lamictal doctor first choice slowly titrated 200 took 3 month well worth wait side affect roller coaster ride importantly daughter understanding trigger mood clarity learn,10.0,"February 17, 2014",152,bipolar disorde first medicine helped 14 year old daughter tried prozac zoloft vyvanse pristiq help wellbutrin accurately diagnosed many different professional suggested dysthymia anxiety adhd borderline personality disorder mdd bipolar ii hospitalized 3 time last time got hospital asked could try mood stabilizer lamictal doctor first choice slowly titrated 200 took 3 month well worth wait side affect roller coaster ride importantly daughter understanding trigger mood clarity learn
178255,Duloxetine,anxiety,32 cancer four time realized serious anxiety disorder believe pill eventually realized something change tried welbutrin made feel bipolar switched lexapro several year problem lexapro didnt feel anything good bad know might think thats blessing truly gaining 20 pound doctor suggested switch cymbalta nervous knew something change cymbalta 3 month working think worst part constipation also broken several rash face drinking,9.0,"July 21, 2010",16,anxiety 32 cancer four time realized serious anxiety disorder believe pill eventually realized something change tried welbutrin made feel bipolar switched lexapro several year problem lexapro didnt feel anything good bad know might think thats blessing truly gaining 20 pound doctor suggested switch cymbalta nervous knew something change cymbalta 3 month working think worst part constipation also broken several rash face drinking
58854,Zutripro,cough and nasal congestion,echo everyone else said probably effect cough med ever used mention congestion relief wish could find counter med worked well one,10.0,"November 26, 2015",1,cough and nasal congestion echo everyone else said probably effect cough med ever used mention congestion relief wish could find counter med worked well one
113407,Bisacodyl,constipation,quick effective laxative relieve constipation however alternative considered first magnesium syrup always good try senna speak pharmacist best thing take always helpful take 1 tablet take effect within hour server cramping nausea sweating diarrhoeahave felt like may pas effect last hour therefore think kept last result,10.0,"January 3, 2015",18,constipation quick effective laxative relieve constipation however alternative considered first magnesium syrup always good try senna speak pharmacist best thing take always helpful take 1 tablet take effect within hour server cramping nausea sweating diarrhoeahave felt like may pas effect last hour therefore think kept last result
114200,Fiorinal,headache,headache since 13 wake headache go bed headache taking fiorinal approximately 25 year work migraine also tension headache doctor hesitant prescribing medication fear addiction know control often much take ive tried many prescription counter medicine fiorinal medicine get rid headache side effect function effective never taken market classified controlled substance,10.0,"September 22, 2014",31,headache headache since 13 wake headache go bed headache taking fiorinal approximately 25 year work migraine also tension headache doctor hesitant prescribing medication fear addiction know control often much take ive tried many prescription counter medicine fiorinal medicine get rid headache side effect function effective never taken market classified controlled substance
110343,Nexplanon,birth control,implanon three year prior nexplanon issue implanon period free three year side effect problem nexplanon horrible cramping pain last week sometimes seems every week interferes work home life know pain make u miserable cranky went doctor said normal period minus bleeding ive period 15 year never period painful pain bad regular counter pain killer dont touch refuse take anything stronger health risk counter pain killer bad enough option removal,1.0,"February 11, 2016",0,birth control implanon three year prior nexplanon issue implanon period free three year side effect problem nexplanon horrible cramping pain last week sometimes seems every week interferes work home life know pain make u miserable cranky went doctor said normal period minus bleeding ive period 15 year never period painful pain bad regular counter pain killer dont touch refuse take anything stronger health risk counter pain killer bad enough option removal
229419,Lurasidone,bipolar disorde,started latuda 20mg 5 month ago result week later increasing dosage 40mg felt pretty good depression anxiety improved still balanced 6 week ago increased dosage wellbutrin 150mg 300mg finally felt really good change past 34 wks feel hypermania sign im talking fast lot making purchase online dont normally sleep sketchy since like prefer mania mood havent contacted therapist yet know change medication imminent crash go deep depression one last try latuda increasing dosage 80mg next week,9.0,"October 29, 2016",20,bipolar disorde started latuda 20mg 5 month ago result week later increasing dosage 40mg felt pretty good depression anxiety improved still balanced 6 week ago increased dosage wellbutrin 150mg 300mg finally felt really good change past 34 wks feel hypermania sign im talking fast lot making purchase online dont normally sleep sketchy since like prefer mania mood havent contacted therapist yet know change medication imminent crash go deep depression one last try latuda increasing dosage 80mg next week
72426,Ethinyl estradiol / norethindrone,birth control,ive bc since late aug sadly medical abortion 4 12 month due health problem started another bc 7 day procedure wanted switch back old bc lo lo finished 1st pack bc ive period bc related side affect tender breast started recently nervous may pregnant still recovering damage severe weight loss caused pregnancy reassured normal period said procedure scraped uterus lining clean started lining bc didnt break anything emotional im happy w progress,9.0,"October 20, 2015",3,birth control ive bc since late aug sadly medical abortion 4 12 month due health problem started another bc 7 day procedure wanted switch back old bc lo lo finished 1st pack bc ive period bc related side affect tender breast started recently nervous may pregnant still recovering damage severe weight loss caused pregnancy reassured normal period said procedure scraped uterus lining clean started lining bc didnt break anything emotional im happy w progress
47908,Adapalene,acne,moved place really hot climatei started horrible acnei never issue skin devastated 28 skin problem tried every facial washcreams scrub nothing worked finally decided see derma 2 yr fighting acne prescribed clindamycin differin first week usingmy skin dried badly sore sensitive esp around eye area gradually though face cleared also helped slowly lighten dark spot healed acnei didnt initial breakout change really gradual work patient im happy skin tipafter washingmoisturize apply differin goodluck,9.0,"April 10, 2015",63,acne moved place really hot climatei started horrible acnei never issue skin devastated 28 skin problem tried every facial washcreams scrub nothing worked finally decided see derma 2 yr fighting acne prescribed clindamycin differin first week usingmy skin dried badly sore sensitive esp around eye area gradually though face cleared also helped slowly lighten dark spot healed acnei didnt initial breakout change really gradual work patient im happy skin tipafter washingmoisturize apply differin goodluck
66363,Valacyclovir,"herpes simplex, suppression",find herpes ive read many story blog different website people disclose topic potential partner fear here deal guy use valtrex condom chance giving infection person less 2 assuming arent active outbreak girlguy issue fact cant see anymore good better find werent way 6 month countless date later cure right around corner follow update medical community hang tough forget stigma,10.0,"May 8, 2015",219,"herpes simplex, suppression find herpes ive read many story blog different website people disclose topic potential partner fear here deal guy use valtrex condom chance giving infection person less 2 assuming arent active outbreak girlguy issue fact cant see anymore good better find werent way 6 month countless date later cure right around corner follow update medical community hang tough forget stigma"
176967,Adalimumab,crohn's disease,ive crohn 6 year age 25 1 surgery far started humira 7 month ago happy well worked affordable went probably worst flare ever feeling 100 every day however experiencing random side effect im seeing multiple different doctor right many different thing still dont know anything actually wrong sure feel like something isnt right side effect ive experienced severe skin rash chest back sudden urge urinate time fatigue headache muscle soreness arm leg easily going numb sweating lottheres ill spare,5.0,"April 27, 2017",5,crohn's disease ive crohn 6 year age 25 1 surgery far started humira 7 month ago happy well worked affordable went probably worst flare ever feeling 100 every day however experiencing random side effect im seeing multiple different doctor right many different thing still dont know anything actually wrong sure feel like something isnt right side effect ive experienced severe skin rash chest back sudden urge urinate time fatigue headache muscle soreness arm leg easily going numb sweating lottheres ill spare
67870,Plan B,emergency contraception,terrified reading negative review take plan b twice last 4 month unsure boyfriend pulled time experienced major side effect mild nausea first 2 day taking pill slight bloating psychological real think time ive normal period within 2 day due date getting onto birth control pill avoid emergency pill future posting positive assurance people like absolutely paranoid id read earlier,10.0,"August 18, 2016",2,emergency contraception terrified reading negative review take plan b twice last 4 month unsure boyfriend pulled time experienced major side effect mild nausea first 2 day taking pill slight bloating psychological real think time ive normal period within 2 day due date getting onto birth control pill avoid emergency pill future posting positive assurance people like absolutely paranoid id read earlier
175816,Levaquin,sinusitis,well job cleared sinus infection plus lovely experience severe acne back drug never breakout week stopped 10 day medication uti vaginal bleeding period think insane medication simple sinus infection leave several complication,1.0,"April 30, 2015",26,sinusitis well job cleared sinus infection plus lovely experience severe acne back drug never breakout week stopped 10 day medication uti vaginal bleeding period think insane medication simple sinus infection leave several complication
126097,Viibryd,depression,day 18 still using 20mg pill nausea 4 lucid dream nightmare still think 20mg enough talking doctor going 40mg issue,6.0,"February 4, 2013",28,depression day 18 still using 20mg pill nausea 4 lucid dream nightmare still think 20mg enough talking doctor going 40mg issue
133200,Tri-Sprintec,birth control,far birth control extremely effective contraceptive pill never got severe side effect nausea first week thats also period flow wise little cramping 4 day long instead 5 used awful skin clear thing happened went medication may displeasing others gained 30 pound varying weight 106110 130136lbs,10.0,"March 7, 2013",18,birth control far birth control extremely effective contraceptive pill never got severe side effect nausea first week thats also period flow wise little cramping 4 day long instead 5 used awful skin clear thing happened went medication may displeasing others gained 30 pound varying weight 106110 130136lbs
109079,Nexplanon,birth control,decided get nexplanon inserted condom werent convenient insertion amazingly simple quick numbing agent small pinch easy provider inserted implant thing saw briefly looked away aware getting lot migraine headache time nexplanon may make worse rarely get headache day getting headache fine hour period yet hoping stay least mood swingsevery little thing getting nerve started cry reason 3 time already update month,8.0,"April 12, 2017",8,birth control decided get nexplanon inserted condom werent convenient insertion amazingly simple quick numbing agent small pinch easy provider inserted implant thing saw briefly looked away aware getting lot migraine headache time nexplanon may make worse rarely get headache day getting headache fine hour period yet hoping stay least mood swingsevery little thing getting nerve started cry reason 3 time already update month
48833,Ethinyl estradiol / levonorgestrel,birth control,birth control great went cup cup though weight gain etc pretty easy emotion wish could find,10.0,"January 20, 2017",2,birth control birth control great went cup cup though weight gain etc pretty easy emotion wish could find
51655,Azithromycin,chlamydia infection,first time ever chlamydia doc sent script two pill treatment took last night full stomach diarrhea every since good 2 hour took pillson toilet currently really cant tell there change symptom like 11 week pregnant maybe something poop problem,1.0,"March 20, 2016",3,chlamydia infection first time ever chlamydia doc sent script two pill treatment took last night full stomach diarrhea every since good 2 hour took pillson toilet currently really cant tell there change symptom like 11 week pregnant maybe something poop problem
12339,Atripla,hiv infection,hiv since 1988 refused treatment till 1996 felt fine abstained penetrative sex 1996 started treatment cd4 viral load bad fortunately responded well med year atripla 7 year work well cd4 always 800 vl undetectable take night dizziness cause first hour problem lipodystrophy excessive fat abdomen area despite healthy eating dieting struggling keep weight 180 190 would love get 170 exercise daily doc dont want change med responding well side effect,9.0,"September 3, 2015",12,hiv infection hiv since 1988 refused treatment till 1996 felt fine abstained penetrative sex 1996 started treatment cd4 viral load bad fortunately responded well med year atripla 7 year work well cd4 always 800 vl undetectable take night dizziness cause first hour problem lipodystrophy excessive fat abdomen area despite healthy eating dieting struggling keep weight 180 190 would love get 170 exercise daily doc dont want change med responding well side effect
194965,Levetiracetam,epilepsy,epileptic 16 year best medication ever taken side effect able son medication,10.0,"October 11, 2011",26,epilepsy epileptic 16 year best medication ever taken side effect able son medication
31405,Miconazole,vaginal yeast infection,thankful googled monistat itching thought going crazy ive used monistat year ago got little itching burning nothing compared put monistat 7 externally within minute torture began hell im pretty sure seventh circle involves genitals itch burn like definitely worse yi god help u,1.0,"June 27, 2016",12,vaginal yeast infection thankful googled monistat itching thought going crazy ive used monistat year ago got little itching burning nothing compared put monistat 7 externally within minute torture began hell im pretty sure seventh circle involves genitals itch burn like definitely worse yi god help u
