userId,drugName,condition,review,rating,date,usefulCount
100974,Plecanatide,chronic idiopathic constipation,"""after suffering for 2 years of bloating i had been using miralax which  works slowly every day . then the dr say try this. within 10 min i was in bathroom on and of for 2 hour while it was cleaning my system out.  i had no bloating and no abdominal pain.  i took the second dose today and it did same thing. in 10 min rolling thunder started in my stomach and 
 cleaned out everything. i will try  in a few more days then will ask dr so far no more pain but i feel like it is a f18 fighter sound going thru my stomach for few hour after taking this..

thanks goodness i tried it after work when i was home.. lol""",7.0,"August 23, 2017",22
12636,Cyclosporine,keratoconjunctivitis sicca,"""i have been using this for approximately 2 years now and i am very worried that it has made my eyes much worse.... i have just gotten done reading the other reviews and i am the complete opposite of these others. therefore, i read the list of possible but not likely side effects and i am experiencing each and every one of these symptoms every time i use this medicine. today, i used my restasis and then went venturing with my family for a few hours and my right eye began to secrete the yelowish thick fluid and burn worse than ever before. it also started to swell at the far corner of my eye. i went to the local emergency room where i was informed that i have conjunctivitis  in my right eye and now have to use antibiotics and pain meds""",1.0,"April 12, 2015",31
200864,Ergotamine,migraine,"""medications with ergotamine are the only thing that have ever stopped a migraine at the visual disturbance stage for me.  i used to take cafergot, but that took forever if i had just eaten.  ergomar dissolves under the tongue and works fast. it's the best thing ever for a ""classic"" migraine.""",9.0,"January 15, 2009",8
134763,Reglan,migraine,"""jim. 
 i've had migraines for over 60 years. currently, they are frequent but not debilitating as in the past. i'm an anomaly, having migraines at my age (77). my doctor prescribed reglan pills with 6 hours between doses. sometimes it helps, sometime not.  it's not my go-to med but i use it because i don't want the others sometimes. 
i suspect high doses given quickly can cause problems some have. maybe my doctor, a stroke specialist who also has migraines, may be better informed than those prescribing high dose  quick injections. there are emergency  rooms in my area that i wouldn't let someone take me even with a heart attack. remember, 50% of docs were in the bottom  1/2 of the class. you don't know where your doc was.""",8.0,"May 8, 2017",6
89889,Risperdal,schizophrenia,"""risperdal has made my life manageable again. i suffer from ptsd and schizophrenia primarily with thought disorder (although i have hallucinated and heard voices). i used to scream in my sleep and thought everyone was trying to kill me. when i started risperdal the terrifying thoughts stopped and my behavior returned to normal. i take risperdal with a combination of gabapentin and zoloft. i now have a very good job and good relationships with my friends, family, and co-workers.  there are downsides to this drug such as weight gain. i gained a lot of weight the first two years i started taking risperdal. it is important to note that i have since lost a good bit of the weight i have gained.""",8.0,"August 16, 2017",7
165466,Levonorgestrel,birth control,"""mirena has been the best decision i have ever made. i was trying different birth control methods, depo 2 years, switched to pills realized i had a forgetful problem and a sensitivity to estrogen therefore i was led to long haul contraceptive. i had done progesterone only bc to stay child free in my young college life. so mirena seemed  good option. i got it inserted at 18 i'm now 21 and i'm still in absolute love with it, it's me myself and my mirena. insertion was so painful not gonna lie. my periods are very light just like tiny amounts that only show up on toilet paper. sorry but best way to describe it. i experience pms symptoms for like a week or 2 leading up to these like fake no uterine lining periods. so yes that's what to expect. definitely go for it.""",10.0,"June 1, 2017",2
228106,Etonogestrel,birth control,"""i am very very very pleased with the implanon! i did the research before getting mine and decided that (after all everything-including oral contraceptives-have risks) it was worth it to me. i got my implanon in september of 2009.  insertion did hurt, they use local anesthetic (lidocaine) to numb the area first and that's all that hurt. i didn't actually feel the insertion at all.  i had an irregular bleeding cycle for about a month and a half, and since then i have had nothing! it is now july of 2010 and i am very pleased with the results. i don't have to worry about keeping up with a daily or monthly option, don't have a period, and i am not pregnant (which is after all the whole point). i tell anyone who will listen how great the implanon is!""",10.0,"July 6, 2010",29
216739,Rosuvastatin,high cholesterol,"""after a few years of taking crestor (which worked fine for its intended purpose), i suddenly developed a severe case of sciatica. i couldn't stand, sit, walk, lie down, or any other activity without terrible pain up and down the back of my left leg. i was tested for everything including mri and using novocaine and other pain killers. nothing helped. after 5 months of constant pain, my doctor suggested discontinuing crestor. the pain was completely gone within a week. come to find out, my sciatic nerve passed through my piriformis muscle instead of around it like in most people. the crestor had caused toxicity in the piriformis muscle  which caused it to squeeze the sciatic nerve continuously, causing continuous pain.""",3.0,"December 11, 2016",75
149334,Mirena,abnormal uterine bleeding,"""i had mirena inserted on september 2. i had very heavy cycles that lasted 8 days. after getting mirena my periods are much lighter, no more ultra tampons and overnight pads at the same time! my cycle is 5 days but only the first day is enough for a super tampon. i spot the rest and most of the days nothing! insertion was horrible, my uterus is really high and is kind of hidden behind my what's called the g-spot. i would go through it again to have the cycle i have now. side effects are breast tenderness constantly and acne. still love it!""",8.0,"December 17, 2014",30
187980,Cholestyramine,irritable bowel syndrome,"""has worked extremely well and i am very happy with it. many seem to have problems with taking this gritty insoluble product. i mix it with gatorade using a frother. this is a device used to froth milk for coffee drinks. it disperses all clumping and grittiness is minimal. i found mine on amazon after considering an immersion blender. hope this helps.""",10.0,"April 15, 2016",42
142881,Etonogestrel,birth control,"""while this birth control is highly effective (ie. no periods, effective control of not getting pregnant) i have gotten a ton of side effects that were not worth it to me.

firstly, after a month of getting it, i starting getting chin hairs and it has gradually gotten worse over the past six months. like a mild beard. not only has the hair been embarrassing and i complete blow to my self-esteem i have also developed in-grown hairs to go along with it and scars that won't go away.

secondly, i have gotten the absolute worst acne.

lastly, i have gained 30 lbs immediately after getting this implant and my diet is fairly healthy and i also am very active so there is no other reason for me to gain weight except for nexplanon.""",5.0,"September 14, 2017",2
204462,BuSpar,anxiety,"""i'm on week 7, i thought would wait until the effects kicked in to write a review. regarding the side effects, mild nausea and lethargy for a short while after taking the medication, nothing to avoid taking the pill for. as for the results, very mild, but i notice a difference.  i speak more clearly and confident to people and i overall am less anxious. one big thing,  my constant worry about my health has subsided. i am 31 and live a healthy life bit i get a stomach ache and think i have colon cancer. these thoughts i laugh at now. i recommend taking this. only 8 stars because it is not a cure all, only you can be.""",8.0,"December 4, 2014",289
139002,Phentermine,weight loss,"""this is the second time i've used phentermine.  after i had my 3rd child, i used it to drop 20 pounds, and 3 years later, i have gained 10 pounds again, so i used it again.  it definitely works, especially with exercise.  you just have to take it easy, because your heart rate does seem faster, and drink tons of water.  i drink about 4 or 5 bottles of water a day when i take phentermine.  i have lost almost 15 pounds in 2 months time - but again, i've been working out 2 times a week lifting light weights and 30 minutes of cardio a week.  great product!""",10.0,"July 16, 2009",5
155551,Metronidazole,dental abscess,"""insomnia was the only really troubling side effect for me. slight metallic taste in mouth around day 3, but was gone in 24 hrs. mild diarrhea, stomach was a bit more acidic than usual but nothing i couldn't deal with. always took with full meal, had no alcohol (even mouthwash with alcohol is too much on this med re: pharmacist) and took with gatorade (helps with bad taste). be gentle with your body on this med. i found that not having caffeine, any nsaids (ibuprofen, aspirin, naproxen, etc.) or anything harsh on the stomach works best. do not drink alcohol while on this med - even 1 drink. i had already tried 1 course of penicillin and 1 course of amoxicillin before this med, neither worked - 6 days on this, jaw pain & swelling is gone!""",9.0,"July 6, 2014",48
106392,Implanon,birth control,"""i got this bar almost exactly a year ago and have gains 20lbs don't get me wrong i love the no periods and all that but if you don't want to gain weight i wouldn't recommend""",6.0,"July 18, 2016",6
5835,Opana,pain,"""been taking opana for about 4 years now. it's the best medicine i have ever taken.  i folded up my neck in an atv  accident. have a failed 4 level fusion with steel plate and 4 bolts 1/4"", 3 discs removed. also have 5 deteriorated disc, and two more spinal surgeries since first one. i have had to increase my dose to a 40mg every 12 hours or so, and up to 6 ir 10mg each day. since the pink 10 irs have been off the market, the white generic 10 irs are not the same. take this on an empty stomach for best results. and to the one patient in a previous comment who was trying to get his nerve up to ask the doc to reduce his dosage, i would say it was really in his own hands. reduce it yourself if you really think you don't need it.""",10.0,"January 13, 2013",79
111404,Ledipasvir / sofosbuvir,hepatitis c,"""i am 63 years old. shared needles in 1975. never had any symptoms i am aware of. could be that i'm just getting older. on narvoni for 2 weeks now. have had 3 very mild headaches lasting only a few minutes. increased appetite (i'm 5 foot 11 and weigh 130 lbs) which is a positive for me. basically my side effects are non existent.""",10.0,"September 30, 2015",28
137952,Ortho Evra,birth control,"""i have been on the patch for over 4 years. no babies so it has done it's job on that matter. never had any issues with skin irritation where the patch is applied. when i first started the patch i had the worse acne of my life on my face for a couple weeks. boobs definitely got bigger and more sensitive.
i have noticed (and those close to me have noticed) that i have been experiencing bad mood swings lately and have been super emotional for almost the last 6 months. the patch is the only thing i can narrow it down to. has anyone else had reactions after being on it for so long?""",5.0,"April 4, 2016",11
13634,Amphetamine / dextroamphetamine,adhd,"""i suffer from add.  i take 30mg twice a day. it works very well for me, however sometimes i get wicked headaches in my frontal/temple areas which i am sure is a side effect of the adderall. i am going to see my doctor in a week and talk this over with him.  i also notice that sometimes i feel really sleepy after i take a dose. """,9.0,"March 15, 2012",13
49922,Gabapentin,hot flashes,"""this drug is amazing. i was unable to sleep more than two hours at a time for over a year now. within two days of taking this pill, my hot flashes are gone!! i feel fantastic and have experienced no side effects""",10.0,"December 10, 2015",33
9757,Lo Loestrin Fe,birth control,"""i'm 22 and i started this pill exactly a month ago. i'm about to start my 2nd pack this evening. i bled all month long and with the last 4 pills i didn't even spot or cramp. so i am a little concerned. i am definitely going to take a test before i start this new pack but other than the bleeding that has now stopped i have notice my skin is much better. i used to break out on my face chest and back and now its barely noticeable. i (reluctantly) got on the pill because of very painful ovairian cysts. i do feel pain here and there but nothing like i had before. when i was 16 i got on the nuvaring and was on that awful thing for 5 years. i got off it and lost 30 pounds!!!! and i'm a petite person. but other then the spotting i love it!!""",9.0,"July 29, 2015",3
176110,Desyrel,insomnia,"""it worked for me! had to keep increasing dosage about every other month. wasn't putting me out like it was in the beginning. started out at 75mg, now i'm at 200.""",7.0,"December 23, 2009",28
156609,Dulaglutide,"diabetes, type 2","""i have been taking trulicity for about 3 1/2 months.  still with side effects.  i have smelly breath and  i feel like no one wants to get close to me.  i have bouts of dizziness when i get up at times.   i have terrible indigestion at times.  my blood sugars are good.  can't eat much at a time.  haven't lost much weight.  now i have started having a lot of joint pain that i never had before.  i don't know if the side effects are worth it.""",5.0,"February 27, 2017",19
125789,Viibryd,major depressive disorde,"""truly the worst medication i have ever been on.. i had all of the bad side effect diarrhea in the middle of the night had to change the sheets, nightmares so bad that i slept with the lights on, brain zaps, migraines still to this day even after being off of this medication for 2.5 years. dizzy spells, black outs, i couldn't even drive while taking this. i'm sure there is more. i weaned myself off of this medication against my doctors orders because he was convinced that this was a miracle drug needless to say he is no longer my doc.""",1.0,"June 16, 2017",13
36695,Fentanyl,pain,"""have been on fentanyl 50 mcg patches for 3  years.  tried name brand duragesic-worked best, mylan-stuck best/less relief, watson and sandoz generic worked similarly, but sandoz do not stick as well.   watson seem to work best in the first 24 hrs, while sandoz lasts longer.  to keep from falling off: 3m tegaderm film transparent dressing.  4inch x 4 and 3/4 inch size works best for 50mcg  size patches.  tegaderm patches usually available from the pharmacy counter-no script needed.  put over the patch when you first apply it - you will survive hot showers, etc.  menopause/ hot flashes-another story, as the perspiration is under the patch which inhibits its ability to osmose the medicine.  best to change every 48-60 hrs for best pain relief.""",8.0,"May 4, 2010",69
131798,Effexor XR,anxiety,"""started on 37.5mg for a month. first two days were only side effects - i was a little jumpy, couldn't keep legs still, and had insomnia. that went away in 48 hours. then it shifted to making me sleepy and fairly relaxed. however, i still had breakthrough anxiety crying and didn't feel much change in depression. 

decided to up the dose and have been at 75mg for a while now. no side effects. this dose has obliterated my anxiety and helped with depression. all i feel is calm and relaxed. i am more outgoing and happy. only thing i noticed, like so many others, is that it is tough to miss a dose. but, don't let that dissuade you from trying it. it really has been a miracle for me.""",10.0,"May 7, 2015",131
179702,Adapalene / benzoyl peroxide,acne,"""i am a white teenager, with combination & sensitive skin that flares up really badly at the slightest of things. my dermatologist prescribed me epiduo and i tried it for nearly three or so months, but i found that it did nothing but dry out my skin and caused it to turn red. my acne did not go away, so i looked for other things. if you have skin like mine, look for things with salycic acid. i have a set of facial wipes with 1% salycic acid and clinique acne gel with 2% salycic acid and this, in addition to a normal clean & clear facial wash, has cleared up my acne entirely. hope this helps.""",3.0,"May 28, 2016",11
109016,Nexplanon,birth control,"""hello ladies. i give up now. i wonder if any one of you have/had the same problems as me. i'm on nexplanon (implant) 2 years and 2 months and it's been a crazy journey. at the very beginning it was alright my periods disappeared and i felt great. after 4/5 months it got worse... i started my periods again. normally, my periods are really heavy and so it all began. i would be on a period for the whole month and have 2-3 days of break and then start period again. once in a year i would have one whole month off but normally on period all the time and it's getting tiring now. the period isn't normal, it isn't red. it's brown/black. non stop. i have been to doctors, they did tests, nothing. found absolutely nothing.""",1.0,"May 17, 2017",3
37098,Zepatier,hepatitis c,"""i was on zepatier for a 3 month treatment. read my review from late february to get early details but long story short i got my test results today and am officially sustained viral response undetectable for 12 weeks (svr12). for me the treatment was a breeze as i had 0 side effects. i was undetected 30 days into treatment and have remained that way ever since. i highly recommend zepatier for anyone battling hep c. you will be very glad you did.""",10.0,"July 3, 2017",13
99264,Doxylamine,insomnia,"""[history]- i had started taking melatonin (3mg) to help me sleep, shortly after my divorce. as my body 'adjusted' to it, i began to increase the dose, eventually (over several years) working up to 30mg. well, not too long after that, i desperately needed to be put on testosterone therapy (my level was 'zilch'). lo-and-behold, it had just been determined that men should not take large doses of melatonin for that very reason!
looking for *natural* aids, i found that drinking (""wild""/""black"") cherry juice can improve the quality of your sleep ... but, it does so by boosting the amount of the melatonin in the body(!) skip that one....  i then tried valerian root, which proved equally effective. """,10.0,"February 13, 2017",9
10488,Spironolactone,acne,"""i'm a 20 year old female. i've always had mild acne, usually in the forehead, temple and chin areas. it was something makeup could always cover. about 8 months ago, i went on skyla iud. my periods were irregular and i started getting hormonal cystic acne. i had at least two bumps on my face on any given day. about 2 months ago, i went to my dermatologist with the problem and he prescribed me spironolactone. i noticed a different after two weeks of the medicine. two months later i am 100% free of cystic acne, and other acne as well! i only get 1-2 small pimples around my period. the only side effect i have is constant urination, which on top of my chronic utis, is a little bit of a hassle. therefore, i take it at bedtime if i need a bathroom""",9.0,"March 25, 2016",7
113016,Bisacodyl,constipation,"""took 2 tablets at 9pm. rudely awoken at 1am with horrendous nauseating lower abdo cramps. felt like someone was reaching into me and was tugging on my intestines.  
after more than an hour of misery, writhing around in bed, the pain became so severe that, not knowing what else to do with myself i staggered to the bathroom to sit on the loo.
pain only got worse, so i curl up into a ball on the bathroom floor. next thing i know is i'm on my back looking up at the ceiling having passed out. sweating, shaking and ears ringing i call out to my boyfriend who got me a pillow and blanket and sat with me until i was able to get onto the loo and pass the entire contents of my digestive system. so humiliating.
was it effective? yes. worth it? hell no!""",1.0,"October 28, 2016",1
66555,Seroquel,bipolar disorde,"""seroquel has been very helpful with sleep, and i also noticed some mood stabilization in combination with lamictal and sometimes klonopin.  sometimes it is overly sedating, but taking it a couple of hours before normally going to sleep is important for me so that i don't feel drowsy the next day.  i did not notice any weight gain on it.  my doctor started me on 50 mg, which was good for sedation, but no major difference in mood.  100 mg does make a difference in lower my anxiety and some mood stabilization with my other medications, but sometimes she recommends me to take 200 mg to reduce mania from flaring up when it starts.  overall, this med has been useful for bipolar 1 for me.""",8.0,"June 5, 2016",37
86092,Magnesium sulfate / potassium sulfate / sodium sulfate,bowel preparation,"""my rating so far is just for the first dose. after a ""light"" breakfast of toast, i've only had liquids to drink and the first prep was at 6pm. i am so glad i found these reviews first because i took the advice and it really helped. i chilled the bottle of prep and a can of sprite which was my fluid mixer. i used a straw which was a lifesaver. so glad i wasn't shocked by the taste, thanks to the reviews. finally got the dose down, brushed teeth, chewed gum. action began about one hour later. next dose is at 6 am and i really dread it. i had a full blown headache (probably related to no food and no coffee-can't drink w/o cream) that was finally resolved about the time the first dose was due. dreading the next dose worse than the colonoscopy.""",8.0,"September 1, 2015",15
143118,Etonogestrel,birth control,"""the first few months were a little annoying due to the spotting. after about 4 months, i stopped getting my period. i don't have to worry about getting my period anymore and i had no side effects. i highly recommend getting this.""",10.0,"May 23, 2017",7
3287,Nitrofurantoin,urinary tract infection,"""after being diagnosed with a uti, i was given macrobid 100mg 2xday. the first day was fine. on the second day, i noticed a lot of stomach pain after taking each dose. on the 3rd day, i woke up with a headache, abdominal pain, and a weak and ill feeling. i called my doctor to see if i could get switched to another medication. i felt ill, foggy headed and anxious the rest of that day. i did not like this medication and won't take it again.""",4.0,"April 24, 2016",25
203525,Nasonex,allergic rhinitis,"""i went to the doctor because of a serious flu that affected my breathing because of post nasal drips, extreme coughing and fearsome blockage of my throat while coughing. among two other medicines including general cough medicine, he prescribed nasonex. this has helped tremendously. it has cleared my nasal passages and it has allowed me to breath properly. it has stopped my heavy snoring which was caused by having to breath through my mouth.

i do not know whether i am imagining it, but for years i have had erectile disfunction, so much so that i have given up trying anything to cure it and just accept my condition. however, lately i am getting reasonable erections at night and i wounder if it is some beneficial side effect of nasonex.""",10.0,"April 21, 2015",12
121546,Venlafaxine,depression,"""i've been on this medicine for going on 5 months now and it's helped and not helped at the same time, i ran out and the 3 days i was off of it my head started feeling funny and i started feeling sick along with suicidal thoughts it was horrible and now i can't get off it, my aunt is on it as well and she's been on it for 20 years her doctor fought to get it off the market for being an addicting drug and potentially harmful as well. but when i'm on it i feel fine for the most part, but if i had to do all over again i would've told my dr to put me on something else.""",5.0,"August 14, 2015",27
127286,Melatonin,insomnia,"""was good the first week helped me sleep well woke up fine then the 2nd week i woke up feeling like i was having a panic attack and then felt so sleepy i was scared their was something wrong with me and was not feeling right at all and woke up with headaches and feeling groggy all day .. horrible won't take it again.""",2.0,"November 5, 2017",1
74134,Ethinyl estradiol / norethindrone,birth control,"""this is an excellent pill. i started on this pill about 8 months ago to prevent getting pregnant. before this i was on yasmin, which was absolutely horrible as it made me extremely nauseous, tired, and gave me worse cramps with my period than i had before with a normal period. when i switched to loestrin 24 fe, i have had no side effects whatsoever. my periods are very light and short. the only reason i won't give it a 10 rating is because it sometimes makes me miss my period, which is kind of stressful. but it is effective and it has worked for me. i also did not gain any weight, instead i lost some. i went down from 103 pounds to 100.""",9.0,"June 16, 2011",0
207125,Quillivant XR,adhd,"""this is the first and only medication we've given to my 6yo son since being diagnosed with adhd in january 2016. it works very well. we give him his dose at 6:30am during the school year and the teacher notices it wearing off by about 2pm. the only noticeable side affects were a slight decrease in appetite the first few weeks, and slightly more difficulty when settling down for bed at night.  we no longer have either issue.  it is pricy. we pay $$65/month with our insurance plan. we live in pa and have to pick up the prescription from the doctor's office each month. we've also had an issue occasionally when our pharmacy does not have quillivant in stock. when this happened we had to drive to several pharmacies to find one who had it.""",9.0,"August 7, 2016",11
154033,Tarina Fe 1 / 20,birth control,"""if you already have a lot of personality, this pill probably isn't for you. mood switches were very common. i'm talking 0 to mega alpha psychotic in oscillations. taking it at night had a caffeine-like effect. cramping during the beginning of my cycle was almost negligent. appetite was ravenous then leveled off towards the end of the pack. libido was slightly decreased as well as slight vaginal dryness.""",5.0,"May 8, 2016",2
28922,Lexapro,generalized anxiety disorde,"""very bad headaches and sick on stomach feeling the entire day. i only took the medication for a week i could not take the headaches on top of everything else going on in my life.""",4.0,"May 1, 2009",27
118426,Fetzima,depression,"""i've taken several different ssris and snri's. this medication is the worst i have even taken. it makes me feel worse than i felt before i started taking anything at all - sweating, hot flashes, my mouth constantly tastes like i drank salt water, constipated, bloated, nausea, exhausted. you name it. extreme rage!!!! stay away from this med. it's a scary thing""",1.0,"July 13, 2017",8
36463,Bismuth subcitrate potassium / metronidazole / tetracycline,helicobacter pylori infection,"""i finally got rid of h pylori after completing pylera in dec 2015. this was after 2 courses of other antibiotics combo that failed to eradicate it. before taking pylera, i had read other reviews that were scary. i promised myself i would come back and review for others in similar situation. please make sure you take a really good probiotic(taken at different time) and ask for an anti-nausea medication to offset/lessen the side effects; it will make taking pylera much more doable.""",9.0,"February 18, 2016",24
214252,Tioconazole,vaginal yeast infection,"""do not take this drug. i had a mild yeast infection: some discharge, itching, swelling and i wanted to treat it quickly so i picked monostat one day without doing any research prior. i put the dinosaur egg in me before bed and slept through the night but when i woke up for class i started to experience the worst pain i have ever felt. the burning was so much worse that the actual infection and it's been 6 hours since it started burning and it's still continuing. there is also blood coming out of me. i've been told that the 7 or 3 day monostat is a similar experience, but not as bad. this drug is also not even guaranteed to work, so i experienced this excruciating pain for nothing, and have to go on the prescribed pill.""",1.0,"January 29, 2016",3
84381,Ethinyl estradiol / norgestimate,ovarian cysts,"""i was diagnosed with pcos at the age of 14 and i'm now 23. i've been on and off different forms of bc. tri-sprintec is the only form of bc that has helped me. my periods are regulated, i have no acne, no unwanted facial hair, and it hasn't made me gain any kind of weight. the only negative affect i've experienced with tri-sprintec is an occasional headache. other than that, it works great!""",8.0,"December 16, 2016",3
120124,Montelukast,"asthma, maintenance","""singulair has been a godsend to help control my daily asthma symptoms due to allergenic/mold triggers. i haven't noticed it make a difference with exercise or smoke triggers, but it definitely helps reduce frequency/severity of asthma symptoms in general. if i take a few days to pick up my prescription, i can absolutely feel a difference in my lung health. i've been waiting the past few days to get the entire prescription renewed with my doctor and i had a nighttime attack last night for the first time since i started taking the medicine (it's been six days since i last took it). 
i have not experienced any mood changes even though i already had diagnosed anxiety when i started the medication or any other adverse side effects.""",9.0,"September 5, 2017",6
80862,Delsym,cough,"""i bought this for a cough for my bronchitis. it is beyond worthless. do not waste your money on this. i called my doctor for a prescription for robitussin with codeine and it was $5.00 cheaper and very effective. (generic-of course)""",1.0,"February 5, 2017",3
191813,Lisdexamfetamine,adhd,"""i started using this medication about 4 months ago. i was diagnosed with adhd when i was 5 years old. the only annoying thing about this medication is that it keeps my mouth extremely dry. i found that using hard candies (regular or sugar free) helps a lot. vyvanse has helped me a lot, especially with my concentration. i can actually read a book without having to read the same page 3 times, but the only thing is that it feels like my blood pressure goes up, i also have tachycardia. """,10.0,"July 29, 2009",18
216079,Copper,birth control,"""after my 4 th child i went with the para guard not fully decided on if/when we'd have more kids. 10 years gave me plenty of thinking time :)
my 4th just started kindergarten and i was thrilled to have a schedule with free time for once. 
the day before school started i found out i'm pregnant!!
i immediately went to the doctor to have it removed but it isn't an easy pull. they couldn't find the string. it shows on an ultrasound still attached but attached right at the pregnancy. too risky to remove. 
i just had a follow up ultrasound to be sure the pregnancy is viable at 7 weeks and discovered twins!!
i know, sounds like a funny prank. it's true. i'm pregnant with twins and the iud is still attached! found outmy sis is preg too iud in place!""",1.0,"September 10, 2015",23
95721,Efinaconazole,"onychomycosis, toenail","""i bought the jublia medication and applied exactly as prescribed every day for 10 months with basically zero change to all 10 infected toes after this timeframe. i paid nearly $975 per bottle for this stuff with blue cross insurance refusing to cover the prescription; and now i know why- because it just doesn't work!
so $10,000 later, i am back to square one. valeant, the manufacturer of this worthless stuff, should be sued for false claims.""",1.0,"May 2, 2017",8
4774,Belviq,obesity,"""well started belviq once a day on may 14 2015. my starting weight 187 lbs.  nine days later weighed at 185 lbs . may not seem like a lot but considering  didn't go not once to the gym i think it is pretty good.!!! this coming up week i will try to do some type of exercise. 
i find though that the first pills really curbed my appetite.  now a few pills later it doesn't seem to be as strong as the beginning. will continue on them for one month and see how it goes. 
if i don't see a big amount of weight loss i will ask my dr to put me on phentermine. being that phentermine is more affordable. and it would make no sense at all to pay so much $$$$ on a pill that doesn't really cut it for me ...""",8.0,"May 23, 2015",22
19003,Chlordiazepoxide,alcohol withdrawal,"""i am 22 and have been a very heavy drinker since age 15. i have not went more than about three days at a time without drinking. never a couple, every time to the point of being drunk. the past few weeks i went on a bender with very little sleep and drinking every day. two days ago i went into a seizure at work. i was sent to the er where the doctor told me my alcohol levels were so high he didn't know how someone my age could tolerate that amount of consumption. he gave me a script for librium and sent me home . i had one more seizure waiting for the pills. since then they have kept my symptoms so manageable that i can function. thank god for this medication. i feel i would die without it""",9.0,"May 5, 2016",52
123052,Avinza,pain,"""in 2004 i was diagnosed with adult onset still's disease, then in 2006 my pain shot up and was uncontrolled with just percocet 10/325mg every 6 hours. the doctor decided to put me on this and it has been a god send for me as well. although i am unable to work due to the fact the employers view this as a drug in a drug free workplace. 
but i am well maintained and will continue to take it. we tried last fall to up it to 60mg and it was too sedating and caused my migraines to flare. other than that the side effects have been constipation.""",10.0,"March 17, 2009",10
51788,Zyvox,bacterial infection,"""i was prescribed this generic for a raging infection contracted when i had a small surgical procedure done on my finger.  within 24 hours of the procedure, my finger was inflamed and throbbing.  keeflex was first prescribed and another 24 hours later was determined it had not touched the infection.  so, i was given zyvox.  it totally eradicated the germ i had contracted.  i did have some bothersome side effects, mostly with my stomach just not feeling right.  later in the second week, my tongue turned brown, but no other problems.  i was very tired most of the time, and could not decide if it was the med or the infection.""",10.0,"October 7, 2015",8
129993,Levonorgestrel,emergency contraception,"""i had a condom mishap. after waiting 38 hours to take the pill i was a complete wreck. i was so nervous because getting pregnant would ruin my future at this young age. 5 days later i got my period with extreme cramping and heavy blood flow. the cramps were bad but it was all worth it. it worked.""",9.0,"February 16, 2015",40
185504,Saxenda,obesity,"""i have been on the medication for 4 weeks now.  no side effects really. i feel full all the time so when i eat i am definitely not over eating any longer. i haven't lost any weight yet but i just started exercising. i will post a review in a month or so with updates if there are any.  the cost is 100 through my insurance but they have a discount card that brings it to 30""",7.0,"May 5, 2017",16
135453,Tamiflu,influenza,"""this is the first and last time i will take tamiflu. it made me feel much worse than if i would have just ridden it out. it's made me weak, dizzy, sick to my stomach and feeling worse than when i started on it.""",1.0,"February 27, 2016",13
149466,Mirena,birth control,"""mirena has been good for me. when i got it in i cramped for the first hour, and then i didn't feel much after that throughout the first week. mirena has cleared my face from acne, i lost 12 pounds, and has stopped my period completely. i haven't had a baby before so my doctor gave me something to dilate my cervix, i took a tylenol extra strength thirty minutes before, and the insertion felt only like bad cramping. i always used to forget to take my birth control pills even with an alarm. mirena is one of the greatest things i've done. it works so well. the only thing i would say is a downfall about the mirena is that i am a little more emotional now.""",10.0,"October 5, 2013",18
44036,Ethinyl estradiol / norgestimate,birth control,"""currently 21 years old, i switched to tri-sprintec about 1 year ago due to cost reasons, and honesty i should have stayed on loestrin 24 fe. my experience with this pill was negative, aside from the fact that i have not gotten pregnant. i cry at inappropriate times, i'm moody and i've gained weight.(on the loestrin i was losing weight). this pill was not for me.""",6.0,"January 20, 2012",5
134652,Ketorolac,pain,"""was getting severe migraines.  tried aspirin and motrin.  both didn't work at all.  i needed something stronger.  my doctor then prescribed sprix nasal spray.  she told me to spray to the outer part of my nostrils and to only breathe through my mouth (do not breathe through nose or sniff otherwise you will feel a burning sensation like others i've read on here).  i did exactly on how she instructed and amazingly the migraine was gone in 5 minutes. and there was no burning sensation at all.  i love sprix.  it's now my go to medicine to relieve my migraine.""",10.0,"April 26, 2012",26
40436,Savella,ibromyalgia,"""just finished week one of starter pack. so far, little to no side effects. just slightly flushed face and slightly groggy first thing in the morning. not sure about pain relief just yet. yesterday pain level was at 3-4 (which is great compared to the usual 7-8). don't know if it was just a good day or from the medicine. time will tell.""",7.0,"March 5, 2010",19
216104,Copper,birth control,"""it is about 10pm and i had my iud insertion at 4 today. the night before, i inserted a misoprostol tab to ripe/dilate my cervix. i agree with most of the reviews that insertion isn't painful, but very uncomfortable. there was some pressure and cramping that didn't feel like a menstrual cramp, but close. after insertion i just had light cramping. i went out to dinner quickly after, and during my dinner i felt weak and flushed. i didn't feel like eating or talking. i started to feel better, but i just felt like i was having a hot flash. now i'm feeling fine and there's some light spotting and clots. my doctor told me to have nothing in the vagina for a week and will get my strings checked next month. i would definitely do this again!""",10.0,"August 5, 2015",5
164996,Phentermine / topiramate,weight loss,"""i started taking qsymia at the end of june 2015. i received a card from my family doctor giving me 3.5 months for free. i have done great on the first 14 days and the next 30 days of 7.25/46mg. loosing a total of 23 pounds. however when i tried to get the next prescription i was told by my pharmacist that i would have to pay an outrageous amount and receive just the $75.00 coupon off. i am extremely disappointed in this company. they offered the free prescription and now refuses to allow you to receive them. i followed everything asked of myself. i know of another collage this has happened too. same situation. the pills worked for me. no side effects at all. but if you receive a coupon/ free card from your doctor beware!!!! it is expensive!""",8.0,"August 19, 2015",25
151958,Chantix,smoking cessation,"""i am 39 years old and had smoked for 15  years.  i started taking chantix christmas eve 2011. after the second week i was able to stop smoking altogether because the taste and smell of cigarette repulsed me. i did however have intense dreams (not bad ones) extremely vivid.  and mood swings were common for the first few weeks.  the third week on i would catch myself drifting off. i also felt as though i could not get enough water.  at the end of the first month i quit. and had only one night where i smoked since being off chantix.  i will start taking chantix tomorrow to try and kill the remaining urges i have.  so in short with brief aggressive tendencies, extreme dehydration, and vivid awake like dreams, this has still worked.""",8.0,"January 30, 2012",3
155270,Metronidazole,bacterial infection,"""took for c. diff. infection; on 500mg/3x daily for 10 days. close to 30 weeks pregnant. horrible side effects from taking the medicine, such as: extreme fatigue, dizziness (obviously steered clear of driving), heart palpitations, and an increase in mood swings/depression. heard many others had issues on flygyl as well. did clear up c. diff. infection though.""",5.0,"November 14, 2015",5
200679,Varenicline,smoking cessation,"""2.5 weeks on chantix. quit cigarettes on 4th day. now 2 weeks cigarette free. side effect were touch of nausea and gas. few vivid dreams but not too bad. a bit tired but take only after dinner around 7:30 -no day dose for me. last side effect is joint pain, elbow, toes and finger joints, neck, etc. hurt. not on 0.5mg only 1mg dose. benefits are not smoking and some relief for my menopause symptoms. i am loving that. i had withdrawals from the patch, got sick from the gum. i like to smoke but they trigger my migraines. thanks chantix!""",9.0,"August 7, 2011",1
115954,Divalproex sodium,bipolar disorde,"""i was prescribed 250 mg, but to take three times a day (every 8 hours).  i don't think that's really too high.  perhaps it's because i was on such high doses of other things in my past--who knows.  so, to me, my body is used to truly high doses of such medicines.  either way, 250mg of depakote dr is the lowest you can be given, and that will only carry you through part of the day.  this is why the doctor has to make you take it three times a day.

i haven't had practically any side effects, except for a little ""wet noodly"" feeling, but none of the side effects (yet) that are listed.  guess it's different for everyone.""",8.0,"August 14, 2010",25
67583,Plan B,emergency contraception,"""had my period may 6, had sex and the condom broke on may 20, took plan b within 8 hours. 
all my friends, sisters, cousins have taken plan b once in their life and it has always worked so of course i felt relieved.
apparently what no one tells you is that if you are already ovulating, plan b is not effective.
missed my period by a week and decided to go to the doctors to have a blood test done to confirm if i was pregnant. 
just found out the news today-- i am pregnant.""",6.0,"June 15, 2017",13
195753,Valtrex,cold sores,"""i am 34 years old and have been a sufferer of cold sores from the age of 9 or 10.  i asked my doctor about treatment and she prescribed valtrex for me in 2002.  when i get that tingling feeling in my lip i take a pill then take one exactly 12 hours later. i have not had a visible cold sore in nearly 10 years.  valtrex is a little expensive, about $4.00 per pill, and i use about 15-20 pills per year.  as a long time user i would definitely recommend this medicine to anyone.""",10.0,"July 15, 2011",9
182858,Cymbalta,depression,"""i take cymbalta for depression and anxiety. i've read a few comments on here and it sounds like a few people may have or had serotonin syndrome. it has happened to me in the past when a prior doct didn't pay attention to my meds. please be safe. cymbalta has helped me a lot. i went off for about 3 yrs and have had to go back on.""",10.0,"December 16, 2016",27
172126,Amitiza,irritable bowel syndrome,"""i absolutely love this medication! the trick i have found is to take it right before bed, then you can avoid the upset stomach and nausea.  i know it says to take with food but i have been on this for over a year and it has been working great for me.""",10.0,"February 23, 2011",45
17292,Errin,birth control,"""i'm at the end of my 2nd month.  first month was on the .25 dose.  gained 4-5 pounds in the first 2 weeks!  i'm very petite and have been the same weight for 20  years so this was a huge drawback.  my dr. changed me to the .35 dose and still the same weight but now more pimples and bled for 2  weeks.  also, i think this pill makes me feel kind of blah and empty inside.  could be environmental factors but i think i'll be switching soon!""",4.0,"June 25, 2015",8
135570,Intuniv,adhd,"""i am 21 year's old- this medication is not just for young children- it has taken away the side-effects of my adhd medication. the only side-effect i was aware of was auditory! when i took the 1st 1mg pill, my hearing was heightened and exhaustive (sounds dragged out) for an hour or so. when i increased to 2mg the same thing happened: a noticeable difference in my hearing for just a short hour or so. my doctor prescribed this to me when the side-effects of concerta did not leave me; i had anxiety that was clearly not situational but from the drop-off of concerta in the middle of the day as it is not a steady released medicine but a adhd medication that releases a dose twice.""",10.0,"March 9, 2015",29
98610,Nexplanon,birth control,"""i had my nexplanon placed in my left arm on november 1, 2012. i was not sexually active until i was married, but i have been a testing bunny for several birth controls since the age of 14 due to extremely painful and long-lasting menstrual cycles for which i have been hospitalized several times. my body rejected all of them. when i was married and became sexually active, my husband and i both worried about getting pregnant too soon and this option was not estrogen-based and long-lasting. i bled sporadically for 3 months and then have had random spotting for short periods every 3 months or so. i have had few side effects, i don't have dangerous periods anymore, and i have a lot fewer migraines. i will replace mine at the end of year 3.""",10.0,"May 21, 2014",9
231191,Kybella,submental fullness,"""kybella warning it's not worth it . i had kybella injections in january of 2016 and from that day forward i have been so sick, several dr. involved i've been to hostipal several times only nobody knew what kybella was.  i'm having short time memory loss , headache , for the last 4 months. more test next week ct scans, mri, x-rays dr after dr. right eye blurry and getting worse by the day. intentional infection. i've actually contacted an attorney so when i loose my memory or die to fight for my children.""",1.0,"May 6, 2016",11
130727,Levonorgestrel,emergency contraception,"""this is a very good product. my boyfriend and i had unprotected sex twice in one day. the next day i went and got plan b. i started to experience extreme fatigue and stomach cramps, but a week later i got my period.""",10.0,"October 1, 2011",23
108964,Nexplanon,birth control,"""i had nexplanon for 6 years total, i have mixed reviews on it. it was extremely effective at preventing pregnancy, and i didn't have periods at all while i had it! my only negative points would be horrible weight gain during the duration of having it and the weight was near impossible to lose. i recently had nexplanon removed and immediately experienced mood swings and drop in my sex drive. hopefully after my hormones rebalance i will feel normal! other than that, no complaints! definitely recommend for someone who does not want children for 3+ years""",7.0,"May 30, 2017",4
72822,Ethinyl estradiol / norethindrone,birth control,"""left a review when i initially started, said i'd update it after a while of taking the pill. pros: regulated and lightened period; effective birth control. cons: mild increase in acne; slight spotting in the beginning; nausea; cramping. nausea and cramping got worse the week before, during, and after my period. by the time i got my period during fourth month, this affected my daily life. really interrupted my digestive functions - bowel movements ranging from constipation to diarrhea, bloating, general queasiness. on my period during fifth month, actually vomited. also exponentially increasing depressed feelings. never before had these problems on my period. decided to stop taking it because at this point i just want to be happy and healthy""",5.0,"August 11, 2015",9
5352,Cryselle,birth control,"""today marks the second month i've been on this pill.  in the beginning it was fine except that my face was breaking out really bad.  i thougth i would deal with that until about a week or so ago i started getting terrible mood swings.  i can't stand the person who sits next to me at work i can't stand my boyfriend, my friends anyone.  i thought i was just having a bad week until the past two days i couldn't stop crying and would randomly burst out crying in public places!  i called my dr and she told me to get off the pill immediately.  i will sign back on and let you know how i feel a week from now!""",9.0,"June 10, 2014",29
61889,Citalopram,bipolar disorde,"""i was originally prescribed this for major depressive disorder and generalised anxiety disorder. at 20mg it didn't help at all, but once raised to 40mg and combined with an anti-psychotic (to prevent manic episodes) it worked well for 5 - 6 months.

unfortunately it stopped working completely, quite out of the blue, and neither myself, other half or medical professionals could figure out why. it was a shame as  i had virtually no side-effects on this medication, just some 'bruxing' (teeth grinding) at night, but not to the point where my jaw ached or anything.""",7.0,"October 2, 2015",16
136609,Byetta,"diabetes, type 2","""i eat right after i take byetta and if i stay away from the fatty greasy food i do not have any problems with loose stools. i love the fact my huge hunger is now gone! i lost about 8 lbs but, gained only one pound back after thanksgiving. """,10.0,"December 18, 2009",18
145024,Etonogestrel,birth control,"""had the implanon for almost 3 years now. first 2 months i was super hormonal, but after that i haven't had a period for 3 years (good since i have endometriosis). doesn't hurt, and really easy form of birth control. i plan to get another inserted when this is removed.""",10.0,"December 5, 2015",8
42913,Xulane,birth control,"""after being taken off the arm implant due to complications with anxiety, and not being able to remember taking the pill, the patch, i've found, is the most suitable method for me. sometimes the patch does come off but as long as you stick it on and really press on the edges for a minute that is less likely to happen. my first 2 months on the patch i did experience some morning sickness 2-3 times, however my body adjusted and i no longer have had to deal with this. as far as rashes, the patch may make the selected area red and itchy, but it's nothing unmanageable. overall i would say the patch is the best option for me out of the 3 methods i've tried.""",8.0,"August 21, 2015",2
98526,Nexplanon,birth control,"""i've had nexplanon for 7 months now and i've only had one ""period"" that lasted for two weeks which is great! but i've gained a lot of weight.  and have a problem with acne which i've never have more then one pimple at a time. and my hair is extremely greasy no matter what i try to do about it. i'm thinking about getting it removed.""",6.0,"December 21, 2014",13
63104,Caverject,erectile dysfunction,"""i have been using caverjet for ten years.
it works great with no negative side effects.
it has changed my life. va will provide at little cost.
whatever you have to pay it is worth every penny.""",10.0,"September 11, 2014",95
155653,Metronidazole,bacterial vaginitis,"""so the infection cleared up in a matter of two days, but i've been dizzy, lightheaded, short of breathe, coughing (i smoke every now and then, and i've been feeling it), weird appetite. if i don't drink enough water before i sleep, i wake up feeling almost hungover. essentially, i feel weak and tired & the pill tastes awful. thankfully today's the last day.""",3.0,"August 22, 2013",21
15870,Ethinyl estradiol / norethindrone,acne,"""absolutely hated this birth control pill. within a few days of taking it, the cystic acne started and i read some reviews urging people to stick with it and it'd get better, so i did for 6 months, but this wasn't the case for me. my skin got worse.. a lot worse. my skin wasn't great to begin with, but it was horrible on loestrin. whole face covered in under the skin bumps and large cystic acne on cheeks and chin. been off of it for almost 4 months and i can't seem to get the acne gone now. so frustrating. no other side effects""",1.0,"September 10, 2016",4
51227,Azithromycin,bronchitis,"""i've taken this several times over the years and had no problems at all, but the last two times -- awful!!!  i am not going to finish them this time.  i'd rather be sick.  stomach hurts like i'm starving, but if i eat it hurts worse.  i feel like i'm going to puke all the time.  last night in bed for no reason, my heart was smashing out of my chest, just pounding.  i am miserable.  my legs were crazy restless the last couple days since i've been on this, too.  i forgot something but bottom line, the stomach pain is more than i can stand.""",1.0,"November 19, 2015",6
191684,Lisdexamfetamine,adhd,"""this medication should be the #1 choice that doctors prescribe their patients. i have taken concerta, ritalin, adderall xr, but none seem to work as well as vyvanse, and with as little side effects. your confidence, mood and energy may dramatically increase with vyvanse, it truly is a magnificent medication.""",10.0,"December 28, 2011",20
39941,Contrave,obesity,"""i started this medication. three seperate times, stopping only a couple days in because of the severe headaches i got. it was keeping me from being able to lead my day.  i am trying again, starting with a quarter of the pill and ibuprofin in the morning. i can see how this helps people though. i'm not hungry and, aside from my headache, i am in a good mood
 if i can get past the headaches (which interestingly make me crave something sweet and cold, like ice cream) then i think this will be good.  i exercise, high intensity, four days a week, and watch my sugar and carb intake as well. lost 20 lbs last year but had to keep myself accountable. the medication helps but you have to take charge of it.""",3.0,"August 11, 2015",4
206045,Interferon beta-1a,multiple sclerosis,"""after diagnosis of ms in 2008 i researched the available ms medications. i choose avonex  my
brain lesions have decreased and shrunk. my symptoms have improved. i have not had a relapse. this medication has been a god send for me. now i will have to switch to another medication because of insurance.  am researching the approved meds and none are meeting my needs. i believe in avonex,""",10.0,"February 17, 2016",3
164125,Ibuprofen,pain,"""i love this product! i was in severe pain until i started taking advil. right away i like felt the pain go away - it was like the first time i heard the beatles. thank you so much.""",10.0,"May 22, 2008",21
194415,Crestor,high cholesterol,"""crestor lowered my cholesterol and triglycerides, but i noticed weight gain (20 pounds in a year) and tiredness and no energy. i started having chest pains, arm pain, jaw pain. cardiologist did a catheterization and found nothing to warrant the symptoms i was having. i stopped the crestor and within 2 to 3 weeks i feel back to normal and dropped 8 pounds! i have increased my fish oil intake and paying more attention to diet hopefully won't have to go back on another statin.""",2.0,"January 11, 2012",125
39100,Contrave,weight loss,"""it's the goal opposite of what i was told and it relates to my mood.  i was told i world have energy and talk a lot. i have no energy, don't want to talk at all.  no irritability at all just don't want to talk.  it does curb my appetite. i'm probably dehydrated because i have constant dry mouth and have no desire for liquids.""",6.0,"June 10, 2017",5
85196,Ethinyl estradiol / norgestimate,birth control,"""around month two on trinessa i developed a few hives on my stomach but didn't connect it to the drug until month three or four when the rash had completely overtaken my stomach and sides. i stopped taking this medication and the rash cleared up in about two weeks and hasn't returned. very weird.""",3.0,"August 27, 2015",0
31898,Miconazole,vaginal yeast infection,"""i am so glad i've stumbled upon this page. i'm 24 with a mild yi that started yesterday. it is now 3:26 am and i am dealing with the most uncomfortable burning feeling i've ever had in my life. i've tried the 7 day before and it didn't work well for me so this time i'm trying the 3 day and omg! the yi its self didn't even feel this bad. it would be nice to be able to get some sleep but being that this burning woke me out of my sleep it looks like it's going to be an all nighter for me. i'm so happy i'm not alone in this. stay strong girls !""",5.0,"July 28, 2015",10
93338,Vortioxetine,major depressive disorde,"""the sickest six weeks of my life. constant nausea accompanied by intermittent vomiting, headaches and flu-like symptoms.  i would have  had to die to feel better.  an emotional wreck, severe bouts of crying, feelings of utter despondency and hopelessness that were not present before taking.  i am amazed that this drug made it through the fda with such high incidences of nausea.  absolutely horrible experience.""",1.0,"June 16, 2015",27
119459,Testosterone,"hypogonadism, male","""i got this after having some trouble performing and just not feeling as good as i used to.  as a 91 year old, i don't get around like i used to, but the androgel brought me back to life in many ways.  i feel so much better after taking the 1% gel.  i feel like i was back in the 40s again!""",9.0,"April 17, 2013",79
32734,Budesonide / formoterol,moterol),"""symbicort works well as a maintenance medication for my copd. i use in combination with spiriva. the only down side is that it causes anxiety and ""jitters"" for me. i am already an anxious person so this can be a problem.""",7.0,"July 4, 2013",109
123994,Skyla,birth control,"""i've had skyla inserted for about 3 months now. i took painkillers before i had skyla inserted which was a great help. while it was being inserted, everything that lead up to the procedure wasn't terrible. it felt like very extreme period cramps, and a burning sensation but nothing crazy. afterwards, i did spot for an hour or so & the cramps were outrageous. i had meds and a heating pad to help, and eventually they went away. skyla has done a great job so far with helping my period become short and light, and protecting me from an unwanted pregnancy. it is worth it to get, as long as you can deal with a long period after skyla is inserted and extreme cramps for a short sections of time. pain & blood do go away after the regulation of skyla.""",8.0,"July 30, 2016",6
117521,Nortriptyline,pain,"""i suffered severe depression for more than 10 years.  i have been recently diagnosed with fibromuscular dysplasia (one of the effects of this condition is terrible migraines, lightheartedness, insomnia and dizziness) i was unable to function on a daily basis, feeling sleepy at work and miserable.  i could not thank enough to my neurologist.  he stopped me taking any other antidepressant and put me into this drug...after 15 days i can notice the difference...i am not sleepy during the day, i am able to function, headaches are gone and i am able to sleep straight for 7-8 hours. my doctor told me though that this medication will make me gain weight.  i prevent this eating healthier and trying to exercise 3 times a week and it's working""",10.0,"January 31, 2016",102
168260,Rizatriptan,migraine,"""i have suffered from migraines  since i was 15 , and am now 42. maxalt has changed my life ! i used to be in agony for up to 3 days , but now at the first sign of an attack i take one , very rarely i have had to take another one a few hours after that if it started to come back . it can sometimes make me drowsy, but other times i have no side effects , just relief that there is something that actually works . i'm in australia, so a pack of 4 costs me $25 .""",10.0,"March 14, 2016",5
213219,Nuvigil,hypersomnia,"""i have been on nuvigil for several years for alertness, or lack thereof, and attention issues.  i have had little side effects and don't think i could function properly without it.  initially, there was a bit of insomnia for a few days, but that passed and all is well since.  last week i ran out and had to wait a week to get the script through the mail. ugh! i could not get up in the morning after 8-9 hrs of sleep, i walked around all day in a fog and was afraid i would fall asleep at work. this continued throughout the week and did not seem to get any better.  finally, my medicines came in, took it this morning and it was like the sun had come out and could function again.  not all medicines work for everyone, but for those it helps it is a lifesaver!""",10.0,"July 29, 2012",17
176687,Lorazepam,anxiety,"""i have been on ativan or lorazepam for 7 years now. it has saved my life. my now grown children say it is my nice pill. and yes i wasn't a very nice mom when they were growing up. so it is a fare statement. i need it also as an on the spot antianxiety, for depression and nervous breakdowns.""",9.0,"July 20, 2009",154
223734,Omalizumab,"asthma, maintenance","""this is my 1st shot but i noticed a marked improvement. from 20 attacks a day down to 6. was scared to try this medicine because i'm allergic to a lot of medicines, food, etc. after the shot i experienced itching at injection site, sleepiness that lasted for 4 hrs. after that i felt energetic and a lessening in all over body pain. that night i slept through without any asthma attack, it appears to also be suppressing my lupus. it is so great not to constantly have pain and an inhaler in my mouth and be able to walk more than 3 ft and stop for breath. can't wait for my 2nd shot, i almost feel back to normal. thank you for creating this medicine just wish it was cheaper.""",10.0,"November 14, 2011",44
26285,Sprintec,birth control,"""i've been on sprintec for about a year and a half, no weight gain, cleared up any pimples, 5 day long periods, and no pregnancies. the downside is i've become more sensitive emotionally, the smallest thing can make me upset especially around my period, and i get extremely bad hunger pains that never used to happen before the pill. i would still give it an 8/10 because it hasn't negatively impacted me physically and it's done its job.""",7.0,"August 17, 2016",11
16251,Ethinyl estradiol / norethindrone,birth control,"""i'm 27 and this is my first bc pill. i can be nervous about taking new meds, but decided to give this a try. i like this pill! the only major side effects ive noticed are some breakthrough bleeding (which wasnt severe or a big deal for me) and sore boobs. slightly reduced sex drive. 

i like this pill cause it's a low dose and i honestly don't feel very different from when i wasn't on it. everyone is different, but would recommend trying it.""",10.0,"March 21, 2016",2
175439,Augmentin,sinusitis,"""i would never recommend this drug to anyone! took 1 pill about 3 hours before bed. finally got to bed at 3 am, and layed there for an hour with such nausea i had to get up. tried to take some pepto-bismol for it and no sooner than i took it, i got violently ill! i was vomiting the rest of the night until around 6 am. i have no problem at all with taking regular amoxicillin, so whatever else is in here, my body rejects it strongly! one minute i'd be sweating like it was 120 degrees, the next i'd have the chills so bad it felt like i was outside with shorts and a tank top on in the middle of winter (like now). never again! stay as far away from this drug as possible!""",1.0,"December 13, 2016",29
85378,Ethinyl estradiol / norgestimate,birth control,"""i started this birth control about two months ago. my periods are light and quick. i also haven't gained any weight. i don't experience any side effects other than vaginal dryness and uncomfortable sex. i am married and sex is kind of important so i am thinking about switching.""",7.0,"May 25, 2015",6
163650,Mirtazapine,depression,"""i am taking this medicine now and i am happy with it. i felt like a zombie the first few days but today is the start of week two and i am feeling great.""",8.0,"September 19, 2013",136
26437,Sprintec,birth control,"""i just started sprintec four days ago, this is the first birth control ever for me i am 23. the main side effect on day one was nausea, i was so sick i slept by the trash can that night. it has been getting better though. i will write an update review when i finish the first pack.""",6.0,"June 18, 2014",11
43099,Sronyx,birth control,"""i had the birth control in my arm for 3 months, i took it our cause i was bleeding constantly. my doctor said i should switched to the pill. i took it for about 3months, i always got my period almost on the same day, i usually had it for more than 5days! i was a healthy 19 year old, i ended up having a stroke while pregnant. i was 7 weeks pregnant ,i lost my balance , i can't walk well, doctors have no explanation for it besides taking the pill. i'm in rehab trying to walk, please don't take this!""",1.0,"August 25, 2015",2
163409,Methylphenidate,adhd,"""my 12 yr old son has been on concerta er for 9 months after switching from metadate. he responds quite well to it and his grades are fantastic. he is much less mouthy on it... and rarely gets into trouble at school.  so far.. so good.""",9.0,"January 1, 2017",35
220577,Amitriptyline,pain,"""i have been on amitriptyline for only 5 days for chronic low back and leg pain that has plagued me for years, to the point of sleep and work related disruptions. i've popped a zillion pain killers and anti-inflammatories. now taking only 10 mg of this medicine at night, no other medicines, and i feel better than i have in years, am virtually pain free and feel very energetic. i'd say it's a miracle. i wish it had been prescribed years ago.""",9.0,"September 5, 2013",303
213991,Tioconazole,vaginal yeast infection,"""this is an honest opinion of this product. i had used the monistat 3 before and it has always worked for me without any issues, this time the only reason why i picked up the 1 day one is because my period was coming the next day, and i did not want to go through having my period and yeast infection at the same time. so my husband went to the store and grabbed me the 1 day one as requested by me. i inserted the little egg shape thing around 7pm and by 9pm i had to pee, so i went to the bathroom and when i came back down the itchiness and burning was indescribable, i don't even know what it was anymore , it was an awful sensation. i started crying my eyes out, so i laid down in front of a fan and it helped a little. i will not buy this again.""",1.0,"July 26, 2016",8
129338,Levonorgestrel,birth control,"""follow up:  so it's been 1 month and i have had some bleeding everyday single day.   my first period after insertion was much heavier and i had cramps (one particular tough day) but spotting ever since.   i was a little worried  if the mirena is in the correct position and the gynaecologist says every thing appears fine and my lining is thinning correctly and that i should notice the spotting will come less frequently so i'm going to stick with it and hope that everything  goes as she says it will.   i've had no weight gain but my skin had had some minor trouble but other than that and the spotting everyday i feel great and am happy with my decision.""",7.0,"September 12, 2015",2
47122,Thyroid desiccated,hashimoto's disease,"""was on levothyroxine and i noticed some improvement, but still felt symptoms.  we increased the dosage and noticed improvement, but still not quite right.  over time my symptoms returned and i was continually complaining that my dosage was not right, even though my numbers were within normal limits.  my doctor recommended the switch to armour.  the first week i wanted to die, i couldn't stay awake, i had constant headaches, i was irritable. after 5 days, i was ready to call the doctor and get taken off...and then magic happened happened. week 2 i had energy, i started to sleep better, no headaches.  so far so good.  i am hopeful!""",9.0,"December 2, 2015",48
100718,Orlistat,obesity,"""all these people moaning about constantly been at the toilet!!
that's a bad side effect of you eat lots of fat in your meals, so it's your own fault really..

eat low calorie diet, that's what it does say!""",8.0,"March 18, 2017",14
15797,Ethinyl estradiol / norethindrone,birth control,"""horrible !!! i switched from lo loestrein fe to microestregin due to insurance. going on my third month!   ever since , i've gained 15-20 pounds. i live a very active lifestyle and for
the most part i eat super healthy. i've been experiencing horrible headaches along with moods swings and heartburn, besides my gained weight. 
i do not recommend this bc!
i am certainly going back to lo loestrin fe. 
screw this bc""",1.0,"August 12, 2016",3
137248,Isotretinoin,acne,"""i had heard that so many people had success with accutane, and i especially saw the success my cousin had with it, so i was really excited. the first month i took it all the skin peeled off on my lips, and face, and i had to stop wearing contacts because it dried my eyes so bad and it made my acne the worst it's ever been. i felt awful about myself. i constantly tried to fix my hair so that it would cover my face and do anything to avoid going out in public. i looked awful. accutane did this to me until the last month i was on it and then my face was semi clear, but once i stopped it my acne came back the same. 1 month of decent skin!? :'( only thing that helps me control acne is sulfer *pomada de azufre* bought at walgreens.""",1.0,"October 27, 2013",16
9025,Norfloxacin,bladder infection,"""i was first prescribed this while on vacation in australia.  it helped immediately.  so, i asked my doctor in the u. s. to prescribe it, so i could have it onhand for bladder infections.  was lucky to have it yesterday, friday, at 5 p.m. after the doc was gone for the weekend and a bladder infection came on!  the pain, burning, and pressure subsided in an hour or two, and it's only a 3-day treatment protocol.  the side effects for me are just a little feeling of fatigue.  highly recommend!""",10.0,"December 13, 2014",11
30345,Klonopin,anxiety,"""also i forgot to mention in a previous review that timing is the key to these types of drugs. 1.5 hours is the time it takes to work for me but may vary with different people. sometimes i get to my night class early and take a klonopin well in advance so i wont be under the influence when i'm driving to class. basically you have to experiment at first with the timing to get a feel of works best for you.""",8.0,"December 27, 2011",10
40499,Savella,ibromyalgia,"""really took away my muscle pain, but made everything else worse. my fibromyalgia was horrible. i had a fever for nearly two weeks, and was always nauseous. i loved the freedom from muscle pain but couldn't live with all the other side effects. """,2.0,"July 8, 2009",29
137527,Isotretinoin,acne,"""my 19 year old son has been on accutane for 4 months now. his face is much clearer but his 2nd month blood test showed his blood triglyceride levels had jumped from 120 to 730 (that's really high and bad). it's a rare side effect that tends to happen to people who may be genetically predisposed to diabetes and high cholesterol. he changed his diet from mostly junk food to a low fat, low sugar one so he could continue on accutane, and his doctor put him on medication. two weeks later and 10 pounds lighter his blood triglycerides were down to 65. his face continues to improve, he feels great, and has learned to really enjoy healthy eating. moral: get those blood tests. the life you save may be your own.""",9.0,"June 2, 2009",50
118137,Naltrexone,alcohol dependence,"""i have been taking it for three days and i have no cravings but i haven't been able to keep any food or fluid down, i've been really tired. the first night i had hallucinations and was hearing voices""",3.0,"July 24, 2017",14
110297,Nexplanon,birth control,"""i would never recommend this drug to anyone. i understand that some women do just fine and have little to no side effects. i wasn't so lucky. i did alright with my implanon but when i got it replaced last may and got nexplanon (supposedly the exact same drug), it all went to hell. i have had severe anxiety which has led me to lost weight and any sex drive i had before. my moods were all over the place: i'd be laughing, then something would make me angry two minutes and i'd get so mad, i'd start crying. i cried about everything, including the fact that i cried so much! i decided to get it out today and it took 3 different people and 45 minutes to get it out!!! i had to have stitches. stay away from nexplanon""",2.0,"March 2, 2016",2
62077,Citalopram,anxiety and stress,"""after holding on to the medication for about 3 weeks i couldn't believe the results after just one day and literally felt the effects hours after i took the medication. i did experience side effects far as the nausea, diarrhea, headache and dizziness but i found out after taking it the second day that it was only because i hadn't eaten before celexa. i really see the difference i'm no longer stressed and depressed i do feel the difference and it's a really great medication. i was so iffy about taking depression anxiety medication however i'm so glad that i did.""",8.0,"October 5, 2014",178
45047,Fluoxetine,premenstrual dysphoric disorde,"""so i was previously on citalopram and it reduced my depression but made my pmdd more noticable. a psychiatrist recommended prozac as citalopram is not effective for pmdd. the month that they weaned me off citalopram and onto prozac was hell.
 now i'm fully taking prozac at 40mg it is working already, i have more energy and can get up and do things more often. i've not had a period on my full dose of prozac yet so i'm not sure how it will work then, but from what i feel now, i think it will be great. 
side effect: i have incredibly vivid and unpleasant dreams (but had that on citalopram at first) and they are so vivid i often confuse them with real life momentarily. i also have bruised and itchy legs.""",7.0,"January 9, 2017",8
22481,Pramoxine,hemorrhoids,"""i am in my third trimester and the hemorrhoids have been horrible i was in bed for a week and tried ever otc cream plus home remedies. my ob proscribed me proctofoam and it's been a life saver. the only thing that has worked.""",10.0,"February 8, 2016",6
24343,Telaprevir,hepatitis c,"""i stopped taking incivek 3 days ago and i am itching, itching, itching.  my eyelids, hands, feet, legs, every area on my body itches.  i took a benadryl and the itching went away and came back.  am i having withdrawals from incivek? no complaints though, just wondering because this medicine is a miracle.  i am now hep c free.   just hoping the itching would stop soon.""",10.0,"April 4, 2012",26
111388,Ledipasvir / sofosbuvir,hepatitis c,"""my last test results were today sweeeeeet stress went out the window, hep c free, it trully is the cure matter of factly  my last test was 4 months after the last pill, becuse i moved and it took that long to get set up for blood work. harvoni! thank you, thank you! thankyou!, i was cured by harvoni, my royal blood is clean blood now..

earthsgold""",10.0,"March 2, 2016",46
158853,Methylphenidate,adhd,"""my 6 year old son was diagnosed with adhd when he was 4 years old. we have tried several different medicines. he has been on metadate for almost two months and it's been like a miracle drug. he is very pleasant to be around now. he takes 20mgs in the morning and it has not seemed to affect his appetite or his sleep. he is doing much better in school. the teacher said she knew he knew the info but getting it out of him was like pulling teeth before. now he is doing exactly what she wants him to do.""",10.0,"March 13, 2009",21
87411,Naproxen,osteoarthritis,"""i have mild arthritis which gives me pain primarily in my hands, wrists & ankles.  i take (2) 220 mg naproxen sodium before i walk 9 holes of golf in western pa which involves serious hills.  i think it definitely helps me but wonder how long before i anticipate golfing i should take the naproxen sodium, 1 hour, 2 hours, 4 hours?""",7.0,"August 31, 2017",0
216754,Rosuvastatin,high cholesterol,"""i had triglycerides of 400 . was put on crestor 5mg. after a month they were down to 280. by  5 weeks my legs and arms would wake me up at night with horrible aches. my feet got so bad i would get out of bed and have to hold on because the muscles were numb.  went back to the dr. take it 3x a week now. no side affects. with coupon online i pay 1.00 for 30 day supply. shop around.  go back in 2 weeks will see if 3 times a week helps lower the t. at all.""",6.0,"March 22, 2016",48
152878,Doxycycline,acne,"""i was given doxycycline for mild persistent acne and i had a severe allergic reaction too doxycycline after 3 weeks and it was dreadful. i have learnt i am allergic too tetracycline antibiotics and they aren't a cure or long term fix for acne there just short term. but i guess everyone is different and it's worth a try before you can get referred to a dermatologist as they won't unless you've been on antibiotics.""",1.0,"March 28, 2017",1
80805,Diamox,pseudotumor cerebri,"""i was just diagnosed with iih/ptc last week.  my neuro started me on diamox the same day.  although i have had tingling in my hands and feet as well as lethargy, the pressure behind my eyes has already started to go down.  my ophthalmologist was very pleased today with the optic nerve scan and said there has been decrease of pressure in both eyes.  a little tingle here or there and a bit of sleepiness is worth saving my vision!  so far, i'm a happy girl!""",9.0,"July 13, 2015",31
28423,Lexapro,generalized anxiety disorde,"""this medicine has changed my life for the better. my anxiety became so bad that i couldn't sleep at all. i became very obsessive with my worries and thought that everything was the end of the world. i was paralyzed with fear. when i started lexapro i had a lot of side effects that almost caused me to not continue...irritable, waking up in panic, night sweats, etc. after about 4 weeks i started to feel ""normal"" and calmer. i tried going off after two years which was a big mistake...back on and plan on staying on for a long time!""",9.0,"December 8, 2013",99
130239,Levonorgestrel,emergency contraception,"""i have taken plan b 3 times so far and has worked every time. first time in july 2012 i had unprotected sex took plan b 4 hours later and got my period with no delay on the exact day i was supposed to get it. the second time in september 2013 i just finished having my period on 8/20 and had protected sex on 9/4, the condom broke so i took plan b 2 hrs later and got my period 2 weeks early on 9/9. the third time i took it was march 2014. had a condom break so i took plan b on 3/21, 4 hrs later. i was suppose to get my period on 4/2/14 but got it yesterday it came 3 days early. never been so happy to see my period. if you are worried that the pill may not work don't be! it does work when you take it writhing the 72 hour time frame.""",10.0,"March 31, 2014",21
197540,Paroxetine,depression,"""i've been on paxil cr for about 4 months now. i would highly recommend it. my doctor decided to put me on it immediately after my suicide attempt. today i feel great, have stopped crying and my suicidal thoughts are gone. only bad side effect is my lack of interest in sex.""",8.0,"January 6, 2009",13
115308,Propofol,anesthesia,"""received this horrible stuff for my upper endoscopy. made my heart race for two days, coughed so much when i came too and afterword for about 10 minutes,  made chest sore, made me a chatterbox and i'm usually a quite person....wasn't sleepy,  i went to bed,  deep sleep, woke up to heart racing and jittery feeling from this medicine,  caused shallow breathing too. it will never pipe through my veins again! i had to drink and drink water to get this junk out of my system. horrible poison!""",1.0,"March 26, 2017",12
220469,Loestrin 24 Fe,birth control,"""i was on loestrin for 3 years. my experience on this pill was overall a good one. i was sexually active and never used back up, the pill kept all pregnancy scares away. cramps stopped and stayed away for 3 years until they reappeared suddenly and was one of the reasons i switched. i had little acne and no mood swings (to my knowledge), my breasts did grow almost 2 cup sizes. the only problem i had was due to my own fault. i never took my pill with anything and i'd take it right before i went to bed. in the morning i would feel extremely ill. i fixed this with just taking my pill at dinner. i switched pills because all of a sudden i started bleeding and cramping all the time and not following the pill schedule.""",8.0,"October 23, 2011",1
213086,Phenelzine,depression,"""after trying every other kind of antidepressant over the past 9 or so years, nardil was my first try at an maoi. the dietary restrictions were less difficult to get used to and less strict than they appeared at first. i was on 30mg of nardil a day and didn't notice any effect, but after increasing to 45mg/day, i felt the best i've felt in years and it seemed that my depression might be cured at last. ...however, i also had the most side effects i've ever had from a medication: constipation, difficulty urinating, insomnia, and inability to reach an orgasm. because of the bladder issues and insomnia, i've been forced to resume my search.""",6.0,"July 30, 2016",10
19916,Pregabalin,ibromyalgia,"""i have tried everything to help with my fibromyalgia pain.  i have tried cymbalta and other anti-depressants as well as opiates like tylenol with codeine and vicodin. i have also tried muscle relaxants like soma. all of these helped but i still had painful days. lyrica gets rid of the pain. i have been on it for 2 months and it is a miracle drug. i have my life back and can be productive. also controls painful flares. haven't had a flare yet. lyrica is great.""",10.0,"April 21, 2009",23
151240,OxyContin,pain,"""i have been on oxycontin for over a year now and it has helped me tremendously although i only take 30mg xr 3 times a day and ir for break through pain 3 times a day.  i am not in pain most of the day.  i awake in the morning feeling crappy but take an ir and within 1/2 hour i am fine.  i do not feel ""high"", i can function normally and even care for 3 grandchildren i am now raising.  so, without this medication, i'd be on short term pain medicines that do nothing but make you sleep.  i was on roxicodone for a year as well and they took me off at my request and because i needed pain medicines for the long term i thank whoever is responsible for finding this medication for us, who depend on it, to let us lead normal (best of our ability) lives.""",10.0,"July 24, 2009",61
217698,Strattera,adhd,"""i am a 27 year old male, on this drug for 3 weeks so i can't really comment on it's efficacy, as it takes 2-4 weeks to start working. all i can say is it didn't help me. i took 40mg for 7 days, then went up to 80mg for 2 weeks. i had to stop taking it because of the side effects - i was getting severe irritability to the point where i was yelling at the top of my lungs at people for minor mistakes and generally grumpy. based on this and other side effects - needing to urinate far more regularly than usual, heart palpitations, feeling down for no good reason and insomnia - my doctor decided it wasn't right for me.this is a rare reaction which is unlikely to happen to you, but if you get it, tell your doctor.""",2.0,"February 16, 2017",15
102352,Clindamycin / tretinoin,acne,"""so i began using ziana in the beginning of december 2014. just as the others said, my skin did go through a purging process for about 2 months and a half. almost coming to the end of the third month, i began seeing some of my acne disappear from areas i had always broken out in. around march (4 month mark) my skin had drastically improved. however, the only side effect is my face is super oily even when i wash it in the morning, it starts to produce oil hours later. in my opinion, this is a small price to pay for clear skin. my advice to new users, stick with it no matter how awful it may seem! this medicine performed miracles for me""",8.0,"August 24, 2015",11
42085,Cosentyx,plaque psoriasis,"""had psoriasis most of my life starting as a teenager. tried many things before cosentyx inclding enbrel and stelara. after 15 long years of nothing working for me cosentyx has cleared my body by at least 95%. very easy to use and thankfully no side affects at all !!!""",9.0,"January 24, 2017",14
106529,Implanon,birth control,"""i am 20 and have always had anxiety about bc and not trusting that it is working (i could always use it exactly like i'm supposed to and would still make myself sick over if i was pregnant or not) this has definitely lessened that feeling!! if your like me i always google my symptoms to see if anyone else is feeling it too so let me tell you.. i've had it for about 3 months now, and things are a little rough. i've been bleeding almost everyday since i got it.. except for those first few weeks. but it's only minor spotting. my first period was just like normal (only 4-5 days too) and my second and third has been a little wonky. (not on time) but i'm holding out that it'll get better! i wish you all luck!!!""",9.0,"February 25, 2016",4
96011,Sertraline,panic disorde,"""i have been on sertraline for 6 months now. in the beginning i experienced delayed ejaculation, followed by nausea, extreme dizziness and exhaustion. for three days i was on bed with these symptoms. later condition improved and i felt better. but now i have body pain with continued dose.""",7.0,"November 29, 2012",0
132156,Effexor XR,anxiety,"""i have taken this medication for over 4 years and my life has changed dramatically since then. i take 75mg doses 3 times a day and my days are so much better now compared to over 4 years ago when i would have panic attacks and anxiety attacks. i would recommend this to anyone who has depression or anxiety/social anxiety disorders. the only downfall is if you run out of your prescription the withdrawal symptoms can be intense after about 2 days. make sure your refills are ready and not about to expire because it can cause you a lot of problems such as it has been in my case. other than that it is a great medication to help you get back to your normal self again.""",9.0,"August 4, 2011",77
16037,Ethinyl estradiol / norethindrone,birth control,"""beware of this birth control. at first i started off with the 1.5 gildess fe and it was beautiful no breakouts or anything. since i did well with that, my
doctor upgraded me to gildess 1/20 and for the past 3 months i started it in march. 

i have been experiencing the worst side effects. even with me not missing any pill and taking them at the right time.  i feel like i'm pregnant and i'm not. it's to the point where i had taken 3 pregnancy test and they came out negative and is going to take another test since this medication is really making me think that and i just want to be sure. 

talk to your doctor to see what birth control is the best for your body hormones.""",3.0,"June 9, 2016",5
91100,Botox,overactive bladde,"""i just had my third botox treatment.  the first was great.  it was painful but worth it.  i did not retain urine or have an infection. what a relief. the second one was 7 months later and i had good results.  this third one was nine months later and after 6 weeks i have not had any positive results.
i have an appt with my urologist to see what we can do, but it is very disappointing to go through this with no results. i thought i could control this urge incontinency for life.""",5.0,"May 11, 2017",30
141571,Escitalopram,depression,"""sweating and constipation are my complaints. i was on citalopram for years but stopped working. two days later, on lexapro, i'm feeling much better. i have more energy and sleeping much, much better. two weeks now, i'm fine.""",10.0,"May 9, 2013",80
140592,Escitalopram,anxiety,"""so far i'm happy with the lexapro i had the yawning, drowsy in the afternoons one night consisted of the jitters but half a 5mg valium had me soon settled, and so far only needed it the once. i still don't have much of an appetite at the moment so that's the worst of it all so far fingers crossed it stays that way. i have noticed my anxiety getting better slowly it's only been 1 week on 5mg i don't want to get my hopes up but i guess that's my anxiety way of thinking kicking in.""",8.0,"November 17, 2016",19
165026,Phentermine / topiramate,weight loss,"""i realize i'm only in this for 3 days now but, oh gosh, the first day i took the medicine i ate an entire mexican feast, the second day, did a little better only ate one meal, the third day, i'm sitting here eating a little debbie oatmeal pie. i pray the next level after the 2 week trial, is more effective.  i refuse to pay 223 dollars for something that may or may not work.""",2.0,"April 26, 2015",20
95511,Acetaminophen / diphenhydramine,insomnia,"""the tylenol pm worked .... too good!  after 20 minutes i would have a great night's sleep.  i have been taking it for years .... then my son told me the new reports about this causing dementia.  i stopped immediately.  the side effects after i stopped have been pretty severe.  i never dreamt that there would be withdrawals from this until i googled it but i have most of the symptoms (except for the shakes and nightmares).... dizzy, light headedness, nausea, unable to sleep.  after all i thought, since i talked to my doctor over and over about them (and he said no problem) and they were over the counter, i was good.  wrong!  bad stuff.  tell everyone you know to stop them.""",3.0,"April 28, 2016",23
193550,Cyclobenzaprine,ibromyalgia,"""i have used flexeril for about 9 years now. it works great to ease my muscle pain and spasms. a lot of people have trouble with it making them sleepy but i have never had that trouble. i can take during the day with no drowsiness at all which is really nice. however it would be nice if it made me a little sleepy on the nights i am having trouble. it is a great medication and i am very grateful for it.""",9.0,"December 10, 2009",19
114356,Tacrolimus,atopic dermatitis,"""protopic has been awesome for my face and hands.  my dermatitis started in my teens and left me with weepy/bleeding scales on my knuckles, upper lip, nose, eyebrows and eyelids.  protopic wasn't around and used westcort cream, along with many stronger topical steroids.  flash forward to today.  my skin is extremely thin all over my face, but thankfully no cataracts (applied steroids everywhere).  is protopic a miracle drug?  no, but it's the only thing available to stop my ad on the face.  first application causes stinging/burning/hot sensation.  after you get past that first day, my symptoms go away.  i continue applying until the skin has healed.  then, i stop it.  when the eczema starts coming back, i start applying it again.""",9.0,"July 31, 2016",29
92763,Vortioxetine,depression,"""i absolutely hated this whole ordeal i have been through. i will start by saying everyone is different and if you are doing great on this medication then i am happy for you. i did not fair as well. it first started with the anger. i am normally not at all angry (i suffer from anxiety and panic disorder mainly) so freaking out about the tiniest things are not me. but i wanted to give it the full 6 weeks so i carried on. next was the tinnitus. it was in both ears about once or twice a day (as a 25 year old female this was not normal for me), but again i carried on. then the horrid anxiety and panic attacks came and didn't go away. then i woke up with horrid muscle aches and almost convulsion like tremors. went to er and was told to stop meds.""",1.0,"June 26, 2017",26
217426,Clarithromycin,sinusitis,"""i've suffered from chronic sinusitis and post nasal drip for a while now. biaxin is the only drug which worked for me, my pnd started decreasing after one day and my nasal passages were completely clear by day 4. as for side effects it increased my appetite and sent me to the bathroom more often than usual. as for the nausea and metallic taste in mouth that most people reported, that only occurred on my last day of treatment thankfully. it's a small price to pay for the relief i got however.""",10.0,"December 12, 2015",10
172680,Clonazepam,panic disorde,"""approximately twenty years ago, i was taken by ambulance twice and once by car to er where they gave me something that calmed me.  it was similar to a seizure. nothing ever triggered these attacks.  it just came upon me very fast. i was enjoying my career and life; i'm very social.  my doctor finally sent me to a psychologist and he diagnosed me with panic attacks. there was a name for this!!  i was prescribed something similar to klonopin and when klonopin came on the market, he prescribed 0.5mg twice a day.  i have had no adverse side effects, only positive.  i have never had another panic attack and do not plan to ever stop taking klonopin. i am the same person i was and live life to the fullest in a new phase of 'early retirement'!!""",10.0,"June 23, 2015",83
109349,Nexplanon,birth control,"""this is my second round of three years each i am on about year four. i feel like i've never been without my period, i have my period for 2 to 3 weeks at a time it goes away  or maybe a week or two if i'm lucky and then i go again for 2 to 3 weeks it's not even a monthly thing anymore. when i do have my period  it is dark and very chunky. sex life is stinks i only have a week a month if i'm lucky. i'm 34 and i already have kids i don't want to switch birth control because i was on the depo shot  was when i got pregnant with my first child. none work but this and it's probably because you can't have sex when your always bleeding""",7.0,"January 7, 2017",11
72123,Tramadol,back pain,"""when i was a young teen, i tore 90% of my low back muscles during a recreational activity.  my doctor did not want to put a 16 year old on narcotics so we went through the whole loop of prescription advil, tylenol, and aleve.  finally i told him none of those worked so he put me on tramadol.  i am on 50mg every 4 hours as needed.  i like these since they allow me to still be functional, yeah it is short term, but i'm functional.  they do make higher doses with the extended release coating which my sister has for her back pain also.  i would highly recommend this as a narcotic alternative.  """,9.0,"December 26, 2013",50
145650,Qsymia,weight loss,"""first day on q.  so far seems effective at controlling the insatiable urge i get to eat ...hopefully this keeps up. turning 30 in 5 months and don't want to be morbidly obese anymore.""",8.0,"October 6, 2015",18
168906,Vilazodone,depression,"""i have been taking viibryd for two week, starting with the 10mg dose then 20mg. i had always struggled with small bouts of depression and anxiety but have always tried to deal with it on my own. now that i am working 60 hours a week, i knew i needed some help. after the first couple of days of taking this drug, i noticed a significant difference. situations are so much easier to deal with and i can complete task with a clear head and with focus. i am about to start my 40mg dose. hopefully things only get better.""",9.0,"November 1, 2013",63
557,Medroxyprogesterone,birth control,"""i've been on the depo for about 4 months now. i got on it to stop my period but i've had non stop bleeding the whole time! i asked my doctor if there was anything she could do and she said to wait it out. i searched about bleeding on the shot and tons of people said they bleed continuously the whole time they were on and some said once they stopped the shot the bleeding didn't stop. i also am breaking out in places i normally don't like in my neck line and forehead. i'm not getting the shot again if the bleeding doesn't stop.""",9.0,"February 27, 2013",14
191804,Drospirenone / ethinyl estradiol,birth control,"""i have been on yasmin for 11 years now consistently and have absolutely zero issues, complaints or problems. no weight gain, clear skin, and my moods are as normal and fluctuate based on my regular monthly hormone fluctuations. however i see numerous comments on the first few weeks from users, and it's important to know that everyone is different! we are all built uniquely and our bodies have a one of a kind reaction to anything, particularly birth control. i'm a nurse in the public health sector and i advise all my patients to give their new birth control at least 3 months before deciding to call it quits. there's a lot of hormones going into your body at once and you need to let it settle! good luck with whatever contraception you choose""",10.0,"June 21, 2017",27
220910,Loestrin 24 Fe,0</span> users found this comment helpful.,"""my doctor put me on this medication to try and control my mood swings. i started taking this birth control for one week and i felt extremely irritable on day five. i felt like i gained five lbs., but didn't actually weigh myself, and i was working out more. i got a migraine headache, which i've never had in my life. i stopped taking this birth control after day seven. it is not worth it to me. there are too many side effects from this medication.""",2.0,"July 6, 2009",0
35156,Levofloxacin,sinusitis,"""i had open rhinoplasty 4 weeks ago for a broken nose, 2 weeks after the surgery i developed a sinus infection, my doctor called in levoflaxon 500 mg 1 a day for 10 days. after taking them for 6 days my infection was gone but day 7 when i woke up i could hardly move the pain in my knees and hips was unbearable i hurt so bad, i took day 8 pill before i realized that it was the levoflaxon causing it, the doctor nor pharmacist told me about the side effects except it could cause insomnia and loss of appetite. i threw out the remaining 2 pills, it has been 3 days since i took them and the pain is better but my tendons are very stiff in my legs above my knees i am calling my doctor in the morning. this drug needs to be off the market!""",6.0,"February 29, 2016",8
208369,Oseltamivir,influenza,"""i started with symptoms friday night and immediately started tamiflu. i tested positive for flu a. this medicine works wonders for the flu. my advice is to anyone who starts to experience symptoms to get to a doc immediately. i still have some congestion but i feel 95% better!""",10.0,"January 19, 2015",13
161337,Ortho Tri-Cyclen,ovarian cysts,"""works bc ever constant migraine all day everyday nausea...loss of appetite..breast so sore i didn't wear a bra for a week. good thing! my period started 2nd day i stopped taking it. no bc ever worked that fast for me""",3.0,"December 30, 2015",0
31254,Miconazole,vaginal yeast infection,"""if i could give this cream a negative rating...i would!! about 2 mins after application my itching and burning got worst! never again!

i have 2 words for you ladies...plain yogurt! make sure it has lactobacillus acidophilus. omg...works wonders and it's inexpensive. i used a needless syringe ( of course) as he applicator.""",1.0,"August 27, 2016",10
123857,Skyla,birth control,"""awful bc method!! while on skyla i got pregnant about exactly a year after having it in. it was in place and i was having regular monthly periods. not to mention about six months after having it in i developed a ovarian cyst the size of a grapefruit that had to be surgically removed. the cyst also killed one of my ovaries causing in the removal of one of my ovaries and one of my falopian tubes. seriously this method is not safe. after finding out i was pregnant i found a lot of others who had gotten pregnant on this.""",1.0,"December 9, 2016",3
108469,Bupropion / naltrexone,obesity,"""i am 11 days into my diet/contrave. i have lost 13 pounds. the only side affect i have experienced is dry lips. love it! i am only at two pills a day. i dont have the cravings i used to have. with the prescription card you get when you sign up.. brought my prescription cost to $70 a month. which i have already saved in food! i was a donut and soda morning person. no longer feel the need for the sweets or soda! also don't use the vending machines at work. huge savings!""",10.0,"March 20, 2015",11
44271,Ethinyl estradiol / norgestimate,birth control,"""have been taking this for not even a month and i have been super emotional, its crazy because i'm usually layed back. i want sex more now but i guess you can say i experience a little cramping sharp pains every now and then. overall its okay.""",4.0,"March 13, 2011",12
205133,Acetaminophen / aspirin / caffeine,migraine,"""the first time i took excedrin migraine i think i took too many because it didn't help my migraine! but the second time i took it i took one and it was gone...but then it came back again and i didn't take another one because it says to only take 2 in 24 hours and i wanted to wait. but i'm looking forward to buying a bottle & using it in the future. thanks excedrin migraine!""",10.0,"March 25, 2013",16
87295,Latuda,bipolar disorde,"""i have been on latuda now for three weeks and am quite pleased.  my anger and agitation level is tolerable (great difference).  my manic is still elevated but where i like it.  first week i had bouts of headaches that have since passed.  i can't take it at dinner because i only last about an hour and a half after taking it.  only issue i'm struggling with right now is although i get tired from the pill i can't fall asleep. """,9.0,"October 16, 2011",69
68123,Plan B,emergency contraception,"""i had an incident where the condom broke and he came inside me, we were both freaking out and about an hour and a half later we went out and got plan b. i was very nervous/anxious waiting for my period to start. the whole week i was extremely emotional and had period symptoms. 5 days after taking it i started my period. you will be worried, theres no way around it, but this pill works! i am currently on my period and i have had worse cramps than usual, but i am so happy to not be pregnant. i am only 18 and i am not ready to have a child yet. this was definitely a wake up call that accidents do happen and you have to be very safe and take precautions.""",10.0,"September 25, 2015",4
133091,Tri-Sprintec,birth control,"""well i took tri- sprintec for a couple of months. no problems. then i stopped taking it for a month. got back on it. it's been almost a month since i've been back on it and the first week i was bloated to where it was uncomfortable. starting peeing a lot. felt very nausea for 2 weeks. to where it would keep me up at night. after the nausea went away my boobs felt a little sore. but those symptoms slowly went away. the only big problem i have with it now is that it's making me obsess over my stomach. i'm naturally skinny and it's made me gain so much weight and on top of that i'm still extremely bloated. it's really making me really upset! thinking about changing bc. haven't had my period this month yet. should start next week.""",2.0,"May 20, 2015",7
204545,BuSpar,anxiety,"""i've been on buspar for about 6 weeks. at first i had headaches that turned into migraines. after taking 15 mg in am, 15 in the pm as prescribed. i no longer have experienced anxieties attacks and handle stress much better.""",8.0,"November 27, 2011",23
127693,Phentermine,weight loss,"""i started taking phentermine in february weighing 207. as of april 2nd i'm down to 191. the doctor prescribed topamax since i have been in the same weight for 2 weeks. today is my first night taking the topamax. i was unsure of taking it because of the side effects. hopefully it goes good this week.""",7.0,"April 5, 2017",7
88963,Singulair,"asthma, maintenance","""i have used this drug for over 15 years. i have asthma triggered by inhalants and the original version has totally controlled my symptoms. i used the generic when it came out because of cost. i started having mild asthma symptoms within a few days. when my local target switched to another generic i developed hypersensitivity pneumonitis which was diagnosed after over $20,000 in lab work and a bronchoscopy. back on original singulair..and no problem again. it really controls my asthma and allergic reactions.""",10.0,"September 7, 2017",9
227813,Etonogestrel,birth control,"""i had my implanon inserted about 6 months ago. i love this birth control! relatively painless insertion,  great for those who have trouble remembering to take their pill. i did have post partum depression and that i didn't treat. implanon intensified the feelings of depression but i knew i was depressed before the insertion. i am now on antidepressants for 6 months and will be done with them soon! everyone is different but don't be afraid to try this form of birth control. i didn't have a period for 6 months and i had one last week that was 3 days and very light. love it. no other unusual side effects.""",10.0,"October 28, 2011",0
21927,Eliquis,prevention of thromboembolism in atrial fibrillation,"""the following problems occur when taking eliquis:
first i want to mention that i am also on sotalol since 2008 (taken alone no side effects) 80mg am and 40mg pm.  it seems as if most drugs that i try out have an effect on the sotalol although the register says that there is no inteaction between those drugs. beside it runs in the family that most of us (3) have a problem with almost any drug 
eliquis:  headache, restless heartbeat,  perspiring, dizziness and physical instability, general weakness and shaky legs,etc.
generally unhappy""",4.0,"August 18, 2017",9
95565,Bontril Slow Release,obesity,"""i'm taking bontril now. today was a week. i have lost at least 3 lbs, eat 1/4th of what i did, and am more focused. while taking this you should drink lots of water because your mouth will be dry.""",9.0,"March 24, 2009",43
208476,Clomid,emale infertility,"""i'm trying for a baby over 17 months after my first month of trying clomid 50mg  day 5-9 still nothing. i'm having periods regulary but no baby. 
looks like doesn't work for me so far""",1.0,"June 23, 2017",2
39946,Contrave,obesity,"""been on this medicine for a month and had lots of trouble. had palpitations and heart hurts. high blood pressure and don't know if i should stop taking this drug. lost 20 pounds already.""",8.0,"August 6, 2015",16
120992,Venlafaxine,depression,"""i had been on prystiq for about 8 months, but i thought my mood swings, irritability, paranoid thoughts, anxiousness, etc, were a thing of the past.  also, prystiq is an expensive drug that is not covered by my pharmacy coverage.  so, i quit cold turkey.  brain zaps, zombie mode, feeling horrible were all part of what i endured, but the symptoms quickly subsided.  what came back a month after stopping prystiq was the little dark cloud and all over the other things that i thought were in my past.  i was having difficult coping. 
 now, i am on day two of effexor (which costs pennies on the dollar as compared to prystiq).  the nausea is intense but i know that if i stick with it the results will be all for the best.""",6.0,"July 7, 2017",0
71615,Tramadol,chronic pain,"""i have been on this medication for about 4 years due to ankylosing spondylitis and i find it pretty effective.  however, i have found that this medication caused unexpected side effects.  it was pointed out to me that shortly after taking a dose, i undertake massive projects that i normally wouldn't, become extremely talkative, insomnia and motivation that wasn't there originally.  i was diagnosed as being bipolar a year ago and these are all symptoms of the ""hypermania"" aspect of bipolar disorder.  my doctor has found that ultram put me in a ""manic state"" and when the medication begins to wear off i tend to become anxious and agitated.  there are studies reflecting this online. i would not recommend this medication if you are bipolar.""",7.0,"December 1, 2017",2
223240,Estradiol,postmenopausal symptoms,"""works well with mood swings and hot flashes.  side effects are not that great for me, i have dizziness and sore breasts, however both seem to be dissipating as i go through my first month's doses.""",6.0,"September 23, 2009",64
163982,Fluorouracil,skin cance,"""used months ago on my upper chest now my skin looks 20 years younger there. i just had a surgery so i took advantage of a week prior starting  it. areas i would have never thought were the worst and i am thankful i used the product to help prevent and stop or slow an issue that would turn to cancer.""",10.0,"July 5, 2014",32
472,Medroxyprogesterone,birth control,"""the depo shot is extremely effective, however i had the horrible experience of mood changes. i became an absolute terror and began becoming depressed after just one shot! i am switching back over to the pill!""",8.0,"April 30, 2015",1
35411,Levofloxacin,sinusitis,"""i started taking levaquin about 12 hours ago.  my muscles are very weak, i%u2019m dizzy, restless, didn%u2019t sleep last night, and having a very hard time focusing.  i%u2019m sure this is a great drug if you need to go to these extremes, but it%u2019s a little much for me.  i%u2019m calling the doctor to get off of it this morning.""",5.0,"December 15, 2009",15
56702,Meclizine,vertig,"""i've had vertigo for years.  i take meclizine but have had vertigo since this morning and the meclizine is not working.  i am only taking 12.5 mg.  i used to take 25 but couldn't stay awake so my doctor cut the dosage down to half.  miserable.  can't lay down so have to sit up in living chair tonight.""",3.0,"October 25, 2015",21
230414,Depo-Provera,abnormal uterine bleeding,"""i started the depo shot in january due to my extremely heavy periods. it had gotten to the point where i was missing school a few days every month and just laying in bed because my menstrual cycle was so bad. i decided to try out the depo shot. i've been on it a year and have just recently had spotting in between my shots. depo shot has helped so much, i no longer have periods (except for the occasional spotting) and i feel so much better. granted i do get the occasional migraine, spotting and cramps, i'd say the shot is definitely worth it""",8.0,"November 8, 2013",24
229250,Tadalafil,erectile dysfunction,"""what is available in the drugstores here is 20mg cialis. i used to take one every weekend. i satisfactorily enjoy the side problems of headache and muscle aches. just two months ago i started to divide the 20mg bill into three i.e. a third per week i.e. a 20mg cialis for three weeks .. it has been working effectively!""",10.0,"December 30, 2009",66
217212,Clarithromycin,pertussis,"""i have only just started taking this tablet  and  feel a bit rubbish already, its  2am i have a vile horrid taste in my mouth, tried swilling my mouth with copius amounts of water, it does not work, stomach is making hideous gurgling noises and feel gassy but i do have a very sensitive stomach and i know this drug is going to cripple me. however my breathing seems a little itsy improved as docs say  i have whooping cough! i am on this for 10 days yet- 19 more big horrid  bulky tablets to suffer yet. """,6.0,"August 23, 2017",0
199378,Depo-Provera,birth control,"""ive been on the shot for about a year now and i absolutely hate it!!!! ive gained so much weight and were talking like 40 lbs. its like i cant stop eating. my cravings are absolutely horrible. im always hungry. i work out here and there but i cant seem to lose the weight. im 17 years old. this birth control method is not something i would suggest to anyone except for the fact that it is very effective against pregnancy""",10.0,"August 10, 2015",1
104902,Ethinyl estradiol / levonorgestrel,birth control,"""i used to take another oral contraceptive, which had 21 pill cycle, and was very happy- very light periods, max 5 days, no other side effects. but it contained hormone gestodene, which is not available in us, so i switched to lybrel, because the ingredients are similar. when my other pills ended, i started lybrel immediately, on my first day of period, as the instructions said. and the period lasted for two weeks. when taking the second pack- same two weeks. and now, with third pack things got even worse- my third period lasted for two weeks and now it's the end of the third week- i still have daily brown discharge.
the positive side is that i didn't have any other side effects. the idea of being period free was so tempting... alas.""",5.0,"December 14, 2009",17
97428,St. john's wort,depression,"""i use st. john's wort with great success when working away at sea to lighten my moods, coming from a family with a big history of mental conditions i'm the only one who refuses to take prescribed medication. this helps me get by, be careful when coming off it because i tend to slip back into the hole once stopped...try to exercise and get lots of fresh air into the lungs when taking it. avoid alcohol full stop.""",8.0,"July 1, 2014",155
109183,Nexplanon,birth control,"""got nexplanon in august 2016. have had on and off bleeding since three days after getting it. these bleeding spells would last from 7-14 days. i would be free for 3-7 days and then bleeding again. after first getting it was depressed constantly. i would cry if someone would pull out in front of me in traffic it was awful. after 4 months i went and talked to my doctor. he told me to wait it out til the 6 month mark, which i wanted it to work. being i paid so much for the implant. so i did. it's been over 7 months and i just had a concerning amount of tissue and clotting. i want it out and now they want to play games. it has been awful everyone is different, but this has been a roller coaster. now i'm going to a diff doc to remove it""",1.0,"March 14, 2017",2
208635,Amlodipine / olmesartan,high blood pressure,"""i have been on azor 10/20 for my blood pressure for a year or so now. just as a lot of other have said the drug works on contact. it has kept my levels down, but i started losing my hair at the same time. the worst part is i cut my hair off once i started noticing it was falling out because i thought it was coming from me not taking care of it well enough. azor does not have hair loss listed as one of the side affects. once i started losing my hair in patches i did more research & saw that their were others having this same problem w/ azor. on top of that i was having muscle pain in my arm every night which was causing my husband & i to stay up. i finally made an appt with my primary to switch off this drug. good drug, two many side affects""",6.0,"January 12, 2016",7
195006,Levetiracetam,seizures,"""i have been taking keppra for 1 week now and have only had the side effect of drowziness and dizziness but there is one thing that's not on here that i have and it's a bad taste in my mouth. all the time a lot of things will make me sick if i eat them like chicken and pork they have a sewer taste in my mouth no matter how bad i brush my teeth it wont go away. i don't take any other medicines besides keppra. i have epilepsy and used to take depakote but was taken off of it when i was 18 because of weight gain. i have not had a seizure in 5 years then i got them again the doctor put me on keppra and told me it will help.""",7.0,"March 8, 2009",4
199451,Depo-Provera,abnormal uterine bleeding,"""my experience on this shot was.. awful, to say the least. i gained 40 lbs and became extremely depressed, and started having anxiety. i only got the shot 3 times and gained that much weight.. i am now struggling with body image due to this shot. it had a huge effect on my joints as well. i am now weak, always sick, have stomach issues, and am always tired. i never had any of these symptoms before starting it. not to mention, it didn't help my period at all. i was having if for 3 weeks straight, and a day between then i'd start again. i was perfectly healthy and it has ruined my life. never take this medicine.""",1.0,"June 18, 2015",18
5544,Almotriptan,migraine,"""this medicine works every time i take it - zero bad side effects.  the downside is the cost.   and that cost means that some of my migraines must drag on and on.""",10.0,"November 27, 2013",8
39603,Contrave,obesity,"""i have been on contrave since jan 2. 2016, and have lost about 12lbs. i did experience nausea in the beginning. i am very happy with starting this medication. it helps me curbe my binge eating and depression.""",9.0,"January 26, 2016",1
205786,Pristiq,depression,"""the increase in happiness is amazing. i had been taking effexor and wellbutrin for about 4 yrs. i am on day 5 of pristiq and i really love it. scaling down from effexor was extremely difficult. my poor kiddies, i just kept explaining to them that i was not mad at them and it was just a change in my crazy pills, as we call them. i am still on the wellbutrin. i would love to see a decrease in weight.  i am an emotional eater. i tend to think about food constantly. i eat by the clock and i actually forgot to eat lunch this weekend!  my hubby says this is the girl he fell in love with. """,8.0,"April 11, 2011",11
129008,Levonorgestrel,emergency contraception,"""me & my boyfriend were having sex when all of a sudden his condom broke & the oops happened. i took this pill 67 hours later i thought it was very late to take it. but it wasn't. i had no side effects & also got my period right on time. thanks plan b.""",10.0,"November 21, 2015",25
207044,Zarah,birth control,"""i'm 25 and am basically taking birth control for acne. i have tried many different pills but this was my least favorite, i took it for 2 months. i am small framed about 98lbs and 5'. i feel this was too much hormone for my small body. first month i was getting anxiety around my period time, crying spells, very crampy, a heavy flow, and mood swings(my poor boyfriend). this has never happened with any pill i've taken the anxiousness scared me. i gave it another month and not really much of a change. my acne did not clear up at all! no weight gain and sex drive was great. overall not for me. i switched to monessa, few weeks ago, a much lower dose bc pill and so far so good! everyone's different good luck!""",5.0,"September 15, 2015",1
142069,Escitalopram,depression,"""i have been on lexapro for almost 5 months now and i am doing great. it has really helped a lot. i don't have the negative thoughts like i did and i can actually have positive thoughts. the only downside that i see is the drowsiness. but i am super sensitive when it comes to medicines that ""can cause drowsiness"". i can function but i go around yawning a lot. that is getting better though. i have tried taking it before bed to see if that would help.""",9.0,"May 28, 2008",41
193649,Symbicort,"asthma, maintenance","""as i got older my asthma got worse, and eventually my doctor gave me symbicort. i absolutely loved it, and i would totally recommend it. i only had to use it once a day, and i was able to go about my day with no shortness of breath. i was finally confident enough to engage in a lot of activities without the fear of struggling. the only problem i had with this medication was that if i missed a dose i found that i would have a full blown asthma attack. i don't know if anyone else has had that problem.""",8.0,"May 7, 2011",38
43462,Hydromorphone,chronic pain,"""after a failed back surgery, my orthopedic surgeons kept telling me i %u201cshould%u201d be walking again. i could not get out of the wheel chair i had been in for over 12 weeks without assistance. and once out of it, i could not walk without severe pain. the docs eventually found bone fragments had been pushed into my spine rather than being removed before bone cement was used to repair my crushed vertebrae.  while they could %u201ctry%u201d to remove them and redo the surgery, the chances of my not being able to walk, ever, were far too high to justify the risk of surgery. a brilliant pain management specialist in la found the combination of dilaudid and morphine worked well for me. after starting pain medications, i was able to stand and eventually to walk again.""",8.0,"November 30, 2014",95
44949,Fluoxetine,premenstrual dysphoric disorde,"""i'm 51 and premenopausal- for a few days each month around ovulation, i'd go from my normal self to an ""eeyore"" state....the smallest things could set me off into an increasingly downward spiral of depression. when i finally told my amazing doctor about this, he explained that if it was truly pmdd and menopausal related, a very very small dose of prozac for just a few days per month would help the problem tremendously. if it was actual depression, it would not work so well or so quickly. he was absolutely right! i am only using 5 mg, which is a dose so small that i have to get a 10 mg pill and break it in half. i take it for approx 3 days. it's critical that i take it at the very first sign of that depression before it is able to take root.""",10.0,"July 8, 2017",6
214159,Tioconazole,vaginal yeast infection,"""horrible, horrible experience with this drug. immediately after i used it at bedtime, i started feeling a burning sensation down there. i woke up at 3:30 a.m. with severe burning and couldn't go back to sleep. then when i went to the bathroom, i was bleeding from down there, and no, it is not my monthly cycle. and it has not helped my problem; it made it worse. please, monistat manufacturer, take this terrible drug off the market before more women have the experience i had. i would not even give this drug to a rat.""",1.0,"March 31, 2016",6
112310,Gabapentin,hot flashes,"""my physician recommends 100mg, three times daily.  i only take 100 mg twice a day, and it has significantly reduced the number of episodes i have had.  i also do high intensity interval training which also acts on the hypothalamus in the brain, (which helps to set body temperature).  between the two, i am a whole lot more comfortable!""",10.0,"December 16, 2016",16
68064,Plan B,emergency contraception,"""i'd be lying if i said this was the first time i've taken plan b due to a sexy time slip up.  in fact, it's the third. the first was 10 years ago (when it wasn't otc and 2 pills). the most recent was dec 18th, which, by the the was ovulation day, i didn't realize until after the fact. i took plan b maybe two hours afterwards.  over the weekend i was super fatigued and crampy as well.  the following week i felt fine.  my period was to come on new years eve, that monday the cramps started back up on tuesday i was spotting.  on nye my period started and ended on the 4th.  today, i noticed a little bit of spotting, but i've had that happen before with plan b. so, not preggers and so is finally calling about a vasectomy.""",10.0,"January 6, 2016",4
94884,Abilify,bipolar disorde,"""abilify gave me total erectile dysfunction, spasms. it made me fatigued even if i took it at night but at the same time it made me feel quite agitated inside. i was only on this medication for a month so i cannot say whether it controlled my symptoms effectively. it may work for some, however the side effects were unbearable for me.""",2.0,"May 8, 2012",12
61163,Xyzal,allergies,"""the first 2 bottles i bought were amazing.  i took them at night as indicated; slept well and no morning 'hangover' and best of all no allergy symptoms.   the 3rd bottle however, feels as though i haven't taken anything.  i have been taking medication from this bottle for approximately 2 weeks.  not sure if i got a bad batch or what.  i will buy a smaller bottle next time just to make sure.""",6.0,"June 6, 2017",5
44888,Fluoxetine,major depressive disorde,"""my doctor switched me from cymbalta to prozac after the cymbalta didn't seem to be working for me any longer.  i started out taking 10mg per day, now i am taking 20mg per day.  i had been taking the prozac at night before going to bed but noticed i was having a lot more trouble getting to sleep.  after reading the dosing information, i realized that i needed to be taking this medication in the morning.  so i will start that in the morning by holding off my dose tonight.  for the time that i've been taking this medication, i have not had depressive episodes that i was unable to handle and taking the depression test, it was not as high as it had been in the past.  so for now, i will continue this med but just change to taking it in the morn.""",8.0,"September 13, 2017",12
182418,Mirena,birth control,"""i've had it for 6 days. i don't have kids, am young compared to most users, and have a tilted uterus. i chose not to use the numbing shot, because my doctor said the needle would hurt just as bad as the insertion. i took 400mg of ibuprofen, 1 hour before the insertion. it hurt but only for about 20 seconds. i had a kind of reverse contractions for 2 hours. i was directed to take 800mg of ibuprofen. i suggest going #2 before the insertion, since it's very painful to do so after. since insertion i've had minor spotting, and very little pain. do not use a tampon, it's so painful to remove. (i use a diva cup when i go out) don't be scared off by all of the horrible reviews, most people only write a review when something goes wrong.""",9.0,"March 13, 2010",131
147358,Alprazolam,anxiety,"""xanax xr is very similar to klonopin. it's slow to start up (around an hour) then it lasts a long time (8-12 hours). it has subtle effects and no big highs and lows in anxiety like regular xanax ir does. i highly recommend xanax xr for all-day (or  most of the day) relief from anxiety and panic attacks. you might want to have regular xanax or ativan around for panic attacks on a when required, or as needed, basis for panic attacks only.""",8.0,"October 17, 2011",64
192950,Drospirenone / ethinyl estradiol,birth control,"""i've been on ocella going on almost a year then boom - it's no longer generic. $35 bucks a month! or $90 if you buy 3 months (and that's with insurance), all in a matter of three months from when i last refilled my prescription. very upsetting. only one manufacturer for it so it is now a brand.  i'm not sure if this all works under your insurance and what they cover but that was the reason i was given for the increase. now i'm nervous about switching to something else because that's just outrageous to pay, especially in this economy. $15 bucks for 3 months worth was nice, hopefully having to switch doesn't cost me elsewhere. other than that i think this is a great birth control and would continue to use it if i could afford it.""",9.0,"October 16, 2009",6
209824,Phosphorated carbohydrate solution,nausea/vomiting,"""this is the best.  amazingly, it only cost $5.  zofran costs $50.  my nausea subsided by the time i finished chewing up the second tablet of nauzene.  this stuff is amazing.  the only thing is the flavor is awful when you are nauseated....it should have been made in a mint flavor instead.""",10.0,"August 3, 2015",18
196040,Stendra,erectile dysfunction,"""terrible. i have used vardenafil, sildenafil, and taladafil all without issue (levitra, viagra, cialis). then, because of cost, i tried switching to stendra... i rarely have side effects with medicine, but this stuff is terrible for me. i can be guaranteed to break out in a cold sweat, heart racing, and feel like i'm about to die. i take so many medications it took me awhile to zone in on the problem - and sure enough, through painful trial and error . . . i learned. stendra is terrbile for my body. best luck to those who it works for, but for me - never again.""",1.0,"March 17, 2016",14
216148,Copper,birth control,"""i had paragard inserted 3 months ago. 34 and never had children. i did a lot of research and looked up reviews online to fully know what to expect. as far as insertion, pretty on point. the major cramp started and lasted about 5 minutes. i had someone take me and drive me home. so glad i did. the cramping got worse but stopped after a short nap and i felt mild cramping throughout the rest of my cycle. my periods have been a bit irregular and have had spotting almost daily since my insertion, but i read that it is expected. my flow seems normal so far. so far i have no pain not discomfort just the light spotting and irregular periods. all seems to be good so far. i will update in a few months!""",8.0,"July 10, 2015",16
104881,Ethinyl estradiol / levonorgestrel,birth control,"""i'm on my 2nd week of taking aviane, and so far i've been dealing with insanely annoying mood swings. i have been extremely emotional and it made my period last longer than it normally does. also i got dizzy after my 3rd day on the pill and occasionally get a bit off balance. i'm going to try and stick it out for a few months but after that, if i'm still like this, i'm going to see if i could switch medicines.""",5.0,"January 20, 2010",3
148693,Mirena,birth control,"""i love this method of birth control.  i have had very heavy periods and cramping since i was 11.  mirena has virtually erased my period.  i have had some light spotting on and off since insertion 2 months ago but that's a small price to pay.  zero cramps.  zero!  no crazy side effects like what i experienced on various brands of oral contraceptives.  
i have 2 kids and that's enough so i'm happy that i don't have to worry about birth control for the next 5 years.  
insertion was a breeze.  about 30 seconds of heavy crampy pain and light headedness but then i was fine.  i didn't take any of the painkillers that my dr. supplied me with prior to the procedure.""",10.0,"July 7, 2016",6
211699,Lamotrigine,bipolar disorde,"""in 3 days of use i had itchy scalp within 2 weeks i had to be taken off due to itchy rash on neck and face as it was getting worse. it has been 2 weeks on new medication and i am still having the breakout.""",1.0,"June 9, 2017",11
159458,Nefazodone,depression,"""i have taken this antidepressant for as long as it has been on the market. it was and remains the only antidepressant that works for me. it has almost zero side effects when compared to the tri-cyclics, ssris and snris that i tried before this drug. it is in a class by itself and unfortunately will probably remain so. this antidepressant gave me back my life, calmed my panic attacks and even helped with social phobia. it is too bad that it has been given such a bad rap that it is hardly prescribed anymore.""",10.0,"May 27, 2009",61
95331,Otezla,plaque psoriasis,"""after reading endless negativity reviews, i feel almost guilty to say how big a fan i am of otezla.  i developed mild to severe psoriasis around 33.  tried all the ointments, cortisone injections, laser and light treatment options with light/temporary relief. started  otezla 1/1/17, had immediate positive results.  little nausea at first along with slight headache & bowel issues, all side effects subsided within a couple of weeks.  haven't lost any weight.  not depressed or sad.  in fact, quite the opposite - due to clear skin/confidence i'm happier than i've been in years.  i'm 99% clear!  never thought i'd be able to wear little shorts & be at the beach with clear skin again.  big fan & feel blessed.  hope this helped if you're on the fence""",9.0,"October 3, 2017",12
161875,Ciprofloxacin,urinary tract infection,"""i am a 67 year old female with no history of uti until last week. pa prescribed cipro 250. i can't sleep, i am having horrible heartburn, belching & burning. i have 3 tabs left & will finish taking because has helped the uti. but i will not take again.""",8.0,"August 14, 2017",9
45610,Fluoxetine,depression,"""i suffer from depression which has worsened with the onset of menopause. i have a son with adhd and a husband with hf autism so my life can be very stressful.  fluoxetine has calmed me down and helped me to see positives in my lifestyle.  drawbacks include dry mouth and initially i put 2 stone on which i have now managed to lose.  i fluctuate between 20mg and 40mg depending on how testing things get. i have come off it several times and also reduced to one 20mg every other day but increased again now. i hope to be able to come off it at some point. """,7.0,"July 20, 2013",6
135961,Acamprosate,alcohol dependence,"""i am on day 5 of campral. the first day i took it, it was like the depressed empty void inside of me (which i now know to be alcohol withdrawal), was filled and i felt whole again. now, day 5, i feel even better. it's like a dream to be free of cravings and withdrawal, i spent so many years drinking and now i have my life back. it's opened my eyes to what it is to feel normal. no side effects, and i'm on four tablets a day. i tried aa/na for 2 years but couldn't stay sober longer than 8 months. finally i have some peace of mind, no cravings at all, and i'm functioning like a normal person. thank you doc.""",10.0,"June 6, 2015",111
84031,Ethinyl estradiol / norgestimate,birth control,"""i've only been on tri-sprintec for a month and i'm already having severe side effects. nausea, headaches, acne worse than i've ever had in my life, and the worst, severe anxiety and depression.  the second week i experienced suicidal intrusive thoughts that caused me to go into panic attacks. the only upside for me was that it helped my heavy flow and shortened my period from 6 or 7 days to 4 days. 

i would much rather live with a long, heavy period than what i went through for a week straight.""",1.0,"June 15, 2017",4
151955,Chantix,smoking cessation,"""this is actually my 2nd time quitting on chantix and will be successful this time because i am ready and dedicated. i'm so stubborn, been smoking for 35 years. when i quit the first time it felt like i lost my best friend, kind of down but this time i am proud to quit. who cares about vanity, i can lose the couple lbs i put on i mean at least i will be around this life a little healthier/ longer and happier!  nicotine.""",10.0,"February 5, 2012",5
85917,Ethinyl estradiol / norgestimate,acne,"""i was very skeptical about trying this pill because it is a generic and i have heard negative things about it.  i have been on it for two months and so far, no weight gain, no nausea, no mood swing, or any other of the reported side effect.  the best part about this pill is that it completely cleared up my cystic acne after only a few weeks.  i have been on a couple of other pills with horrible side effects.  find the pill that works best with your body.  this one seems to work best with mine.""",10.0,"August 25, 2012",21
103395,Treprostinil,pulmonary hypertension,"""i have been taking tyvaso for approximately 6 months now and haven't had any adverse effects.  there are side effects of the medicine, of course, which include cough, sore throat, hoarseness, and occasional headaches and muscle ache, but overall it is worth it for me.""",9.0,"September 15, 2014",8
125008,Dulcolax,constipation,"""i took only 1 pill around 3pm due to severe constipation & hard stools caused by pain medications i was on last week. i was fine until around 8pm when i suddenly started having severe stomach cramps. i continued to have these & finally passed some hard stools around 9:30pm, but still am severely bloated with intense stomach pains. it is now nearly 10pm & i am stuck on the toilet with severe stomach pains & hoping to pass more stool as i can see the bloated area moving through my stomach. do not take this medicine, the pain is not worth it! i am hoping the pains will pass soon, but very scared by other reviews i read of nausea & vomiting.""",1.0,"September 30, 2017",9
156872,Ibrutinib,chronic lymphocytic leukemia,"""i began this medicine in october 2016 (age 62) and saw immediate results.  having lost a sister to  leukemia just 9 months prior to my own treatment i decided to begin with this fairly new fda approved regimen for  line treatment.  the results were amazing, lymph nodes began shrinking immediately and with 6 weeks none were palpable!  due to onset a-fib, my oncologist would like me to switch to a clinical trial that is using the next generation of the ibrutinib medication which is showing less side affects, particularly with a-fib.  the next generation of this drug is showing less side affects, particularly with a-fib so i am considering.""",9.0,"April 12, 2017",20
151641,Chantix,smoking cessation,"""i am amazed-   i have been smoke free for a few years now.  while taking chantix i had awesome dreams- seriously awesome very vivid and loved them!!!  after a few days of taking the med the taste of a cigarette is terrible - this is how it helps you and the craving goes away.  seriously this is the best thing out there to help you quit.   my husband was on it and quit for three months but started back up-  he just started it again.  he smokes about two packs a day and he will need to continue chantix for a few months.   never stop quitting!  i know many people who have quit using chantix.  (wish there was a version for weight loss!!)""",10.0,"May 2, 2015",24
154228,Cyanocobalamin,vitamin b12 deficiency,"""i couldn't be happier with calomist. i've been using it now for about 4 months and i would recommend it to anyone who is taking any form of b12. i used to get b12 injections, but not anymore.""",10.0,"July 15, 2008",23
117870,Simponi,rheumatoid arthritis,"""i'm a mid to severe ra patient. i have ra for about 4.5 years. i was quickly diagnosed. less then 6 months i was prescribed  simponi. in canada my doctor got me lined up for simponi and once i started they will give it to me free of charge. the drug company pays for it. i am very lucky. i have been in remission for since i started it 4 years ago.  colin""",10.0,"July 8, 2017",4
215285,Lubiprostone,irritable bowel syndrome,"""i started taking amitiza about 4 months ago. it has been a miracle worker for me. i have had ibs for over 20 years. i just turned 40 last week and decided i had to figure something out, the doctors just do not take me seriously. for the first 3 months i took 2 pills a day then i switched to 1 in the am, and benefiber in the pm and its the same result. i go at least once a day, some days twice. i totally recommend it. its better than what any doctor has ever done for me.""",10.0,"December 16, 2008",83
128347,Phentermine,weight loss,"""started taking the tablets on 10/27/2015
weighing in at 328 i'm 22 years old female 5'7
within one month i'm now down to 305.
my dr switched the pills from the tablets to capsules don't really know the difference but the capsules seem to work a little stronger.
work out 3x's a week or whenever i can as i work behind a computer screen all day everyday.
so far i'm loving this medication!""",9.0,"November 24, 2015",50
192617,Drospirenone / ethinyl estradiol,birth control,"""i've been on yaz for over a year now. at first, it was wonderful for me because it helped eliminate the painful cramps i was suffering before and i had no side effects. i lost weight and had no acne.
but, for the past 2 months i've been extremely moody, depressed, tired and just not myself. i can't wait to go see my doctor to switch! it's affecting my social life big time.""",5.0,"June 13, 2012",6
184101,Hydroxyzine,anxiety,"""so far, so good. i was prescribed 25mg 2x a day and was so relieved to have something to tame my anxiety before a flight with my two toddlers. i take 40mg paxil, but am taking this for more intense anxiety flare ups. it made me tired the first day, but now i'm doing great and finally able to enjoy my kids and my life! i've taken benzos for years, but i'm not a fan due to tolerance and withdrawal symptoms. the only downside of hydroxyzine so far is this odd anxiety when falling asleep. i will wake myself up due to not feeling myself breathe. this can go on for an hour +. i'm hoping that will fade off and i can just enjoy the benefits of this medication.""",9.0,"January 14, 2017",25
230382,Meloxicam,osteoarthritis,"""was on celebrex 200 2x a day for years. pain was too much when dose reduced. was changed to meloxicam 15 1x a day and works just as good. for reviewer with plantar fascitis, had it for months. what works is a quality pair of compression foot sleeves. foot pain was gone after wearing them for 3-4 days.  wear them all day, everyday. (fs6 brand).""",9.0,"November 1, 2014",48
51146,Azithromycin,bronchitis,"""i went to the er this morning because i had a bad cough with chest pains. i was told i had bronchitis and was given two pills at the hospital. it's been about 1 hour and a half and my stomach is cramping horribly with severe diarrhea. i will not be taking the remainder if this medicine. honey and lemon for me.""",1.0,"May 16, 2016",7
76221,Liraglutide,obesity,"""i’ve been on saxenda for 2 weeks and 5 days and i’ve already lost 10 lbs.  i am on 1.8 dosage.  i have a doctor appointment next week and maybe he will increase the dose at that time. also, i haven’t been exercising either. i’ve been averaging between 1000 to 1200 calories a day. my starting weight was 220 lbs. as of this morning i’m 210 lbs.  i’ve tried every weight loss program you can imagine and nothing has come close to this weight loss. i have a long way to go to get down to my goal weight. it will be interesting to see if this weight loss continues at this pace. i’m really hopeful.  i will update this post if i can find it again.""",10.0,"December 11, 2017",0
188696,ParaGard,birth control,"""honestly this is the best birth control ever and i had heavy periods and cramps but heavy bleeding can come from having low iron. i had it for 9 months and i forget i have it sometimes the first few periods are heavy but who cares. i'll recommend this to anyone""",9.0,"December 29, 2015",9
120223,Astepro,allergic rhinitis,"""one day after i started using the spray, i broke out in red dots around my arm pits. did not pay attention and another day later my whole body was covered with red dots. my doctor advised i interrupt using astepro and four days later i only see a small improvements in my skin condition. asterpro is definitely not for me.""",1.0,"May 10, 2010",11
160829,Buspirone,anxiety,"""i started taking it over a month ago and it hasn't help my anxiety at all. my hands and legs are shaky, i am constantly dizzy, have a hard time focusing, and my stomach is upset a lot.""",1.0,"September 8, 2011",24
82676,Paxil,post traumatic stress disorde,"""a year ago i was put on paxil for ptsd, depression, anxiety. 
all i can say is do your research because this is a mind altering drug. it can put you in a childhood state ,time loss, carefree and not in a good way. 
dont touch this stuff. if you do be careful of the major things doctors don't tell you.""",1.0,"September 24, 2017",6
51184,Azithromycin,otitis media,"""i am allergic to penicillin so zithromax is the alternative before getting into the heavy stuff like cipro and levaquin.  i have been taking zithromax for years and always get relief around day 3.  the loose stools are normal, it means zithromax is working and the bacteria is being flushed out of your system.""",10.0,"February 15, 2016",12
48066,Cariprazine,schizophrenia,"""i have schizoaffective and have been on this medicine almost 1 month.this medicine has really helped with voices (after about 2 weeks) and hallucinations.it has also helped my motivation and mood. i too have had to use my klonopin very infrequently while on vraylar. i have tried almost all the antipsychotics and all have made me gain weight. this one i am actually losing about 1 pound a week with eating a healthy diet and exercising. i'm glad i continued to look for the right medicine because i have been without and i know how that ends up. it is really expensive but you can ask for samples then if it works for you, they do have a card that makes it 15.00 per month. good luck.""",8.0,"April 25, 2016",43
9354,Lo Loestrin Fe,birth control,"""i'm 2 weeks into lolo after mirena iud removal, and due to irregular periods, and ovarian cysts. not sure what's a mirena removal side-effect (mirena crash) vs. lolo side effect. but i've had headaches and anxiety, and really sad, sad, days. just blah. i'm going to update as time goes on to annotate any other pros/cons. i have been nauseas the past few days too.""",5.0,"July 19, 2016",12
62742,Citalopram,depression,"""i started taking celexa almost 3 weeks ago. for the first week i took half a pill (10 mg). then i went almost two weeks on 20 mg. i felt it working at first, but then my mood swings were coming back and so was the depression. i just had it upped yesterday to 40 mg, along with ativan 1 mg for panic/anxiety and trazodone 50 mg for sleep. it was working well for awhile, so i'm assuming i just needed it to be increased. i love the fact it doesn't make you eat more or feel ""weird"" like most depression medications. i am very happy with this medicine and can't wait to have my life back.""",10.0,"September 16, 2008",125
204565,BuSpar,anxiety,"""after reading these other comments i must say that this medication has affected me greatly in a good way. i have had a lot of health problems in the past and i have taken multiple different anxiety medications that have not worked. the first day i took this medication, i have already started to feel a change. plus this is also a good medication for women who are pregnant who have anxiety.""",10.0,"May 26, 2011",32
173640,Brexpiprazole,major depressive disorde,"""will be starting med tomorrow? dr. suggested this med but i am skeptical because abilify gave me akathisia! i hope rexulti works for me. i am also quite surprised how quickly it works for many people. instead of weeks, it usually works in days. looking for a good med!""",8.0,"August 16, 2017",4
29551,Topiramate,bulimia,"""i've tried prozac and effexor. i'm back on topamax because it seems to be the only medicine that works for me. i never thought my bulimia would get this far, i'm 22 and i've been bulimic since i was 14. i'm done university, and it's been the hardest thing i've had to go through. i've had trouble finding a job and leading my life in the right direction...i wish this medication was sought out more for bulimia.""",9.0,"November 26, 2013",25
43155,Sronyx,birth control,"""i've been in the pill about 3 months , i switched from nuvaring which was a nightmare so at first i was glad there were way less strong side effects. however i started birth control pills at 140lbs 3 months later i now weigh 157 . i am constantly bloated and i want to eat like i'm pregnant all the time. i also experience extreme mood swings which i'm sure are because of the pill ( my boyfriend noticed too)  my sex drive is almost non existent on top of severe vaginal dryness. i also have cramps every time i get up suddenly , which although they are way less painful than the nuvaring ones they are constant. lets just say i'm getting off this pill next month & definitely excited .""",6.0,"November 10, 2013",5
12603,Cyclosporine,keratoconjunctivitis sicca,"""i have been using restasis single use vials for years and they have definitely helped my post lasik dry eyes--eye doc confirms corneas healthier, no dry patches.  i was using the single use vials, using each one twice as everyone does, with no problems.  i decided i'd try the multidose vials.  i'd make the same comments as others--they are hard to dispense, dispense more than you need, and will not last a month, let alone 45 days, which makes them more than twice as expensive as the vials.  we will see if allergan keeps its promise to keep making the vials, as they will obviously increase profits with the multi use bottles.""",6.0,"September 4, 2017",13
61450,Citalopram,anxiety and stress,"""citalopram calms my mind and body.
without it i am very aggressive and too active sexually.
without it i feel as if my testosterone levels were too high.
my wife and i have notice that even my testicles are bigger without citalopram and that there seems to be a higher blood flow to my penis; it was the experience of a constant state of arousal. psychologically, without it, i experienced lots of anger, aggressivity, sexual energy, and just a general out of control level of mental energy.
we have both concluded that somehow citalopram reduces my testosterone levels.
and, let me tell you, i'm happy about it.
i rather feel calm and centered than aggressive, angry, and freaking horny all the time.
so, citalopram is vital in my life.""",10.0,"March 3, 2017",33
130251,Levonorgestrel,birth control,"""i got the mirena tuesday of this week. i was very weary about the insertion because i work at the obgyn & have seen the good along with the very painful inserts. i get high blood pressure with the pill and saw that the mirena was 100% covered by my insurance so i thought i would give it a try. insertion is best while you are in your menstrual cycle because it causes your cervix to dilate. with that being said i have not had children and got the mirena during my cycle, i was barely spotting. insert gave a small cramp to my surprise much easier than i was setting myself up for in my mind. if you follow direction & take advil or ibuprofen every 4-6 starting 1 hour prior insert & 5 days post same routine that will rid of cramps & bleeding. very satisfied- no cramps or bleeding!""",10.0,"February 28, 2014",20
181885,Inderal,migraine prevention,"""inderal has definitely helped with my migraine prevention. i started getting migraines when i was 13. now late 20s i am finally migraine free besides the odd one i get due to hormones or when really stressed out! i reduced to taking 40mg in the morning rather than 40mg morning and night and have found the migraines still stay away. the only side effects i've had was nightmares initially, that soon went after a couple months. i get very cold hands and feet, sometimes in warm weather my feet are still cold! i also feel slightly more tired/sleepy but its worth it compared to the regular migraines i was experiencing beforehand.""",9.0,"October 4, 2011",36
130890,Levonorgestrel,birth control,"""i am a mother of a 4 year old. i have had the mirena for 4 weeks and today is my 1st check up. i've gained 7 pounds and i'm in the process of losing it. i haven't had my period since getting the mirena but i have had symptoms as if my period is coming like tenderness of the breast spotting and discharge and cramping but no period. so far i love it and recommend it to anyone who does not want kids for the next 5 years or so. """,9.0,"May 18, 2011",2
85011,Ethinyl estradiol / norgestimate,abnormal uterine bleeding,"""i like to think of myself as a pretty normal 20-year-old and i play sports in college. ever since my pharmacy changed from ortho tri cyclen to tri-estarylla, i have been depressed, crying, angry, severe anxiety attacks and more. i have been on birth control for my irregular periods since i was about 16 and had no problems with ortho tri cyclen. do not take tri-estarylla!!!!!!!!!!!!!!!""",1.0,"January 17, 2016",8
81134,Hypercare,hyperhidrosis,"""i've had hyperhidrosis for as long as i can remember, especially on my hands and feet. my dermatologist prescribed it to me last week. i've been using hypercare for a few days now- it's definitely dried my skin out, and i haven't been sweating as much. yet i still have the occasional outbreaks. however, i talked to my doctor, who said that it takes usually around 2 weeks for the product to really affect you. i'm hanging in there, and so far satisfied.""",6.0,"May 23, 2010",7
132108,Tacrolimus,"organ transplant, rejection prophylaxis","""i received my liver transplant 4 years ago and started with 6 x 1mg caps/day. it has been reduced to 3 x 1mg tabs/day since then and i have had no episodes of rejection. prograf seems to do the trick. love it. i don't know if this is a side effect from taking prograf, but i have gained weight over the course of 4 years.""",9.0,"February 25, 2009",18
207423,Suprep Bowel Prep Kit,bowel preparation,"""i was really nervous to take this but it wasn't as bad as i had anticipated.  def tastes better chilled; at room temperature it is very salty; chilled it tastes like overly sweet cough syrup with a bitter after-taste.  it helped me to suck on ice or a popsicle in between sips of the superprep.  it began working for me about 1/2 hour after the first dose and i didn't stop going until a 1/2 hour before my procedure.  tips to help: walking or even just standing helps you from feeling too bloated, stay very, very close to the bathroom as you don't have much warning, use desitin in between every bm, and have something to keep you distracted, like netflix.  it's uncomfortable and unpleasant, but not as much as a cancer diagnosis.""",7.0,"October 25, 2016",28
144448,Etonogestrel,birth control,"""when i first had the implanon inserted it was not painful at all and very quick. the months following insertion, i received my period for about 6 months straight! it was horrible and had an effect on my relationship at the time. finally, my period subsided and i didn't have any bleeding or signs of a period for about 6 months. during this time it was amazing! then, my period started again... it started in december and it is now april. it wasn't a light period either. it was extreme to where i couldn't go an hour without changing a tampon and i couldn't sleep an entire night without having problems. tomorrow i am having it removed and having the mirena iud inserted. i am hoping for a better experience!""",2.0,"April 6, 2016",3
210385,Linzess,irritable bowel syndrome,"""this is a miracle. not only do i have irritable bowel syndrome, i also take narcotics for chronic pain, both of which will cause significant constipation. this medicine works great for both. my irritable bowel episodes that used to rule  my life have been reduced substantially since i started taking this, and the abdominal pain that used to accompany my ibs has been reduced as well. i was nervous taking it at first because it is a new medicine, but so far i haven't had any problems with side effects.""",10.0,"July 12, 2014",92
73,Medroxyprogesterone,birth control,"""best birth control ever, did make me extremely moody and hungry .. only thing that had me worried was that my bones started to crack so easily .. so i stopped taking it""",8.0,"December 16, 2015",2
139100,Phentermine,weight loss,"""i've been taking adipex for 13 months.  i've lost 50 -55 lbs.  i saw the biggest loss in the first few months 10-13 lbs.  the next several months i lost 4-8 lbs a month.  the past couple of months i have remained at the same weight.  during the past year i have been eating sensibly, but not dieted.  i have not exercised either.  now that my weight loss has tapered off and i am not to my ideal weight, i intend to start a regular exercise program and hope to shed more lbs.  i've not had any side effects and will continue taking it till i reach my goal.  i was 269lbs and am now 217lbs.  was a size 20 -22 and now a 16.   i want to lose another 50 lbs.""",9.0,"February 9, 2009",64
99324,Doxylamine,insomnia,"""physician.  relatively frequent flyer on red-eye flights.

25 mg doxylamine 15 min prior to boarding a red-eye flight cross country or trans-oceanic flights has allowed me to sleep soundly.  works far better than my previous routine of 50 mg diphenhydarmine (benedryl) plus a glass of wine.   

i recommend this without reservation to any who need to sleep on a flight of this kind.

only down side is that many... including me... will tend to be somewhat sleepy on arrival, and over the next 8 hours after arrival.   

$12 bought me a life-time supply.  this medication seems to me superior in this application to any other prescription or non-prescription medication.   used occasionally on red-eye flights to get some good sleep.""",8.0,"February 9, 2016",28
224818,Bupropion,depression,"""started taking this for depression when i was 17 (16 years ago). after about a week, i had a massive panic attack that lasted for 2 days straight and i've had a panic disorder ever since. medication destroyed my life.""",1.0,"January 17, 2017",14
201536,Zoloft,major depressive disorde,"""i've been on zoloft for almost four weeks now and it's been a life changer i use to suffer from poor impulse control anxiety and bad depression about two weeks in i started feeling better happier like.the feeling of dread has been removed the demon's are silenced i feel like i want to live i want to succeed it's like a dream come true ive suffered from drug addiction in the past and since started zoloft i don't feel the craving that overwhelming desire to get high the only downside to zoloft. is the restlessness when.trying to sleep but it's worth the trade off i started on 50 mg and am now at 100mg per day thank god for zoloft""",10.0,"March 21, 2015",29
99293,Doxylamine,insomnia,"""i am trying to come off clonezapam and the pharmacist recommended this when i said i have an adverse reaction to benadryl and nyquill.  this is supposed to have a different ingredient, well i did not fall asleep.  i had the same reaction i do with pain killers, it will keep me laying there with eyes closed but i don't actually fall asleep.  i took it at 9pm and still up at 1am.  finally broke down and took a valium.  if you have adverse reactions to these types of things, this may do the same.""",1.0,"October 20, 2013",20
161868,Ciprofloxacin,bacterial infection,"""i got a hernia from lifting a suitcase we suspect. the hernia was inguinal . at the same time i had a smaller one in the abdominal wall . it was untreated for some time ( over a month ) as i didn't notice it . i'm not sexual. the doctor said this is not uncommon in males over 40 . discovered all this after an ultrasound .non sexual epididimitus , from urinary infection .  rx cipro , immediate abdominal bloat , sluggish and exhausted feeling , and nausea . 2 times / po / daily ... ugh ...research into why is needed""",6.0,"August 28, 2017",1
218010,Teriparatide,osteoporosis,"""do to severe bone loss, a fracture in my spine & scoliosis my doctor prescribed forteo. i seemed fine in the first five months but i began to experience unbearable back pain. i could not lie down in bed at night. this went on for a few weeks. the doctor asked me to stop the forteo. four day later the pain subsided. my doctors said the medication was not right for me. i have not had a bone density test yet.""",3.0,"August 14, 2011",149
153723,Amoxicillin,tonsillitis/pharyngitis,"""i've been sick for a week. it started out with headache, throat pain, chills and over all just feeling exhausted. i had rapid strep and culture, both appearing negative. this is 7 days later, no change in symptoms and this morning i woke up with little pus pockets in my throat. i've been taking alkaseltzer for 7 days and the instructions state to see an md if taken longer than 1 week, so i went to urgent care and was prescribed amoxicillin. i took 2 amoxicillin four hours ago and already feel 90% better!  i haven't taken antibiotics for many years.  i am grateful to be feeling better so quickly~!""",10.0,"March 12, 2017",12
73650,Ethinyl estradiol / norethindrone,birth control,"""i started loestrin 24 to regulate my periods. but i didn't like being on the pill, i gained weight, had mood swings, and lost my sex drive. i always felt bloated and it was so uncomfortable. the only good thing that came from taking this pill was that after i stopped taking it my periods stayed consistent.""",4.0,"March 12, 2013",9
68865,Medroxyprogesterone,birth control,"""i started using depo when i was 18 after the birth of my first child. worked excellent!! 0 complaints, i had no period,weight gain or emotional crap. i loved it plus i was breastfeeding and it didnt mess with that. i used it for 3 years. i quit and about 6 months later got pregnant with my second baby. about a year and a half after baby #2 i tried depo agian.... i was moody but not to bad and agian no period.. took it at the 3 month mark and it bit me in the butt badly... i had every bad side effect possiable. i felt like i was crazy and pregnant, had constant spotting it was horriable. needless to say i stopped.. and about 6 months later was pregnant with baby#3  my doc tells me its a great bc for younger girls.....""",8.0,"August 3, 2016",1
73119,Ethinyl estradiol / norethindrone,birth control,"""i switched to this medicine (from camrese) mainly suffering from a very decreased sex drive and heavy periods, with very dismal mood swings.  this medicine fixed all of that (yay!).  additionally, periods are very light, lasting about 2 days.  i have not had any additional problems with weight, acne, etc.  i would highly recommend giving this a shot if you are having problems with other, heavier dose meds!""",10.0,"January 5, 2015",28
142508,Levonorgestrel,emergency contraception,"""i had unprotected sex several times and i wasn't on bc, although my partner did pull out in time. i wasn't educated and i didn't think you could get pregnant through precum. anyway, i took levonorgestrel two days in a row (mexican off-brands), within eight hours of having sex both days. i didn't notice any side effects the first day i took it, but the second time i felt very nauseous and had a headache. for the next two weeks, i experienced nausea, moodiness, headaches and other uncomfortable symptoms. after a week, i had withdrawal bleeding. i waited a couple weeks before taking pregnancy tests and they all came back negative. my period was almost 4 weeks late. when it came, it was the worst. but i'm not pregnant""",7.0,"September 5, 2017",0
97605,Synvisc,osteoarthritis,"""before injections, had continuous pain in right knee; even during the night with little relief from aleve or motrin.  had some relief with physical therapy.  after third injection, night pain was totally gone injections were two years ago.  now, only take aspirin (arthritis back & body) when i am doing strenuous exercise or gardening.  can walk 6-8 miles a day with only slight discomfort. i have not needed more injections.""",10.0,"January 22, 2016",32
210785,Mirtazapine,depression,"""i am on sertraline 100mg and 30mg of mirtazapine. as soon as i started taking it it helped immediately- it really helped with my depression but i now need to sleep around 11 hours a night - and as a result i am now registered as disabled with my university. i don't so much mind the additional sleep - people understand. however the weight gain is harsh.... i have been on it about a year and i have put on about a stone. i now ( when i'm at home) eat very healthily and the weight has started to go- but now i have been on holiday for 2 weeks and i have definitely put weight back on. but for me it is so effective with my depression - when i have sufficient sleep- i will just have to learn to deal with it and change my diet while i'm on this!""",9.0,"August 4, 2016",17
53176,Plavix,heart attack,"""i was a heavy smoker and ate all the 'bad' foods and then, one year ago this month (april 2011) i had a heart attack. now, one stent later, and after one year of plavix, i have had no recurrence. of course, i also quit smoking (hard to do but i figured my life was worth it), changed my diet (also a hard change to make), and started exercising. i guess i will be on plavix for the rest of my natural but, thanks to the plavix, that natural may just be a lot longer than i had hoped for last year. as for side effects. i feel the cold a little more due to the blood thinning properties of plavix but i don't think i bruise any easier than i used to, and i am not a 'bleeder' so all in all it's good.""",10.0,"April 4, 2011",127
217413,Clarithromycin,upper respiratory tract infection,"""so far i have only taken this for 3 days, it gives a foul taste in the mouth ( that comes through the body system and definitely not just from the tablet in the mouth) the horrible taste is there most of the time but worse for the few hours after you take the tablet, it did wake me up last night but i went back to sleep. i don't want to take them again.  i want to have a natural alternative next time, it does feel like a toxic drug, very unpleasant but sorry for those with the other dreadful side effects.""",3.0,"January 15, 2016",7
176484,Lorazepam,anxiety,"""ativan has changed my life for the better. i can do things now that i used to have to avoid because of my anxiety, such as public speaking and being in high places. i even went on a roller coaster last month for the first time in 20 years. i have extreme hypertension (taking lisinopril for that), and sometimes blood pressure spikes will trigger an anxiety attack. i take a 0.5 ativan when that happens, and in about 20 minutes i'm fine. i'm so grateful to now have this medicine.""",10.0,"September 26, 2012",96
225721,Bupropion,adhd,"""my doctor gave me wellbutrin xl as an experiment. i was hyper, couldn't focus or stay still for very long. my mind raced and i was easily distracted. and like many other i had projects that were started but never finished. my shrink told me that my childhood characteristics were those of and add kid. as an adult in my 40's i still had the hyper and difficulty staying focused on one thing at a time. wellbutrin starting at 100 mg and going up to 300mg once daily had a calming effect on me and i was more able to focus on one thing at a time instead of my thoughts being scattered and drifting. it did not have any effect on my erectile dysfunction problem though. if anything, it decreased my sexual drive. wellbutrin has helped with my add symptoms and i feel calmer.""",8.0,"May 2, 2012",127
133677,Bactrim DS,acne,"""i have had acne for about 4 years now and i started bactrim about 2 years ago when i first started my skin looked amazing i was almost cleared up in a month. after about a year of being on it and my skin was doing well we went down to half a pill. about 6 months pasted and my skin started to break out again so we went back to a whole pill. my acne started to spread all over my chest, back and shoulders he decided that we would start 2 pills a day. i recently just went back and my skin was not doing well and i'm about to start accutane. i 100% believe i formed a resistance to the drug after being on it for so long. bactrim works amazing for short periods of time but in the long run it was not successful.""",4.0,"November 23, 2016",5
150905,Sulfamethoxazole / trimethoprim,prostatitis,"""i've been having some discomfort that my doctor felt could be prostatitis. so, until i could get in for a ct scan and also see a urologist, he put me on septra ds.  everything was going fine until day 6.  i was on my 23 anniversary weekend and i got up that morning to take a nice hot bath in the hot tub in our room. when i got out of the hot tub and started to dry off i noticed hives on my inner thighs.  looking in the mirror, i noticed that i was also covered in hives from my armpit to my waist on both sides.  the culprit?  septra ds.  within the next few hours i was covered on my back, stomach, legs, arms, and a few on my lips. allergic reaction.""",1.0,"August 25, 2012",8
20383,Metformin / sitagliptin,min / sitagliptin),"""i have been taking janumet 50/1000mg for 7 months now and my blood sugar has dropped from 18.1 to approx 8 and general haemoglobin down from 120 to 50. yes, occasionally a headache when i first wake up but after a cup of coffee and a few glasses of diet soda it's gone. (every medicine has some type of side effects even aspirin so i feel you have to accept for example the odd headache) no other side effects. i am very happy with this medicine. i live in denmark and because we have a world class health system (also 40% income tax) after you use approx $300 of your own money per year you get a rebate of 85% on all diabetes medicine plus 150 strips and lancets and blood sugar machine free per year""",9.0,"January 18, 2016",27
14707,Ethinyl estradiol / norethindrone,birth control,"""i have been on this for a little more then a year. i was prescribed this pill because i have an extreme sensitivity to birth control. i had mild nausea the first week and then it was gone. i noticed spotting through out the entire year. i also noticed if i forgot to take my pill, and it was the next day, i would have cramping and what felt like the start of my period. i had clear skin and no bloating on this pill. appetite and sex drive were normal and no weight gain. this is a very mild pill for those that have extreme sensitivity. i would stay on it but i switched insurance""",8.0,"November 21, 2017",1
122767,Linaclotide,"constipation, chronic","""i have been on opioids for many years and that was increased in 2013 with a knee replacement surgery.  that's when the constipation became uncontrollable.  all the fiber in the world would not move me. until linzess.  it is still unpredictable some days, ( unexpected and explosive) but it is better than being backed up, bloated and miserable.  i've been taking it on and off because my insurance would not pay or they would pay fora lower dose which i cannot use except very infrequently.""",10.0,"February 12, 2015",9
83458,Levocetirizine,allergies,"""extremely effective. i have had horrible allergies for years, and this was the only thing that worked for me. make sure you take it an hour or so before you go to bed though, the drowsiness side effect is huge if you don't. after my allergies were under control, i was able to switch to half a pill and that helped with the morning grogginess a lot. but it gave me my health back, so i'm grateful!""",9.0,"August 5, 2017",17
65793,Propranolol,anxiety,"""i was on this medication for about a year and a half. when i did take it i was also on 13 different psychotropic medications. as you might of guessed it was/is difficult to fully understand propranolol's benefits as well as it's hinderances. i really want to believe it helped.
honestly no one knows how you will react to any medication until you take it and observe who you are and how you act. the doctor has broader intellect with pills and function of the brain.
put faith in your physician and have no expectations. 
go with the flow and take notes!!""",6.0,"March 11, 2016",7
75808,Temazepam,insomnia,"""my bp goes up when i lay down giving me insomiia. this med helps me go to sleep but not stay asleep and i sometimes have vivid dreams on this med but i still think its worth a try.iit does provide a relaxing feeling""",6.0,"April 16, 2016",32
116428,Adalimumab,rheumatoid arthritis,"""my 86 year old mother has been on humira for the past 2 years. she combined this treatment with methotrexate.  towards the end of the 2nd year the effect of each humira dose lasts less than 14 days at a time.  going down to 10 days at a time then it completely stopped working for her.  she has an excellent doctor and we are looking at other alternatives for the moment. possibly orencia.  overall humira worked wonders while it lasted.""",10.0,"July 29, 2013",63
135433,Tamiflu,influenza,"""i was achy, feverish (100.4) and had a severe headache.i felt like a truck ran me over. i went to the dr. and was prescribed tamiflu. i took the first dose and noticed a difference. i didnt have nausea, insomnia or diarrhea. no side effects. i was skeptical as viral infections have to run their course but i'm so happy i took it.""",10.0,"April 8, 2015",4
175135,Bupivacaine,local anesthesia,"""had a lot of the side effects, tremors,headache, restlessness, insomnia, irregular heartbeat, red face and neck, feeling flushed. as of today, i have been up almost 36 hours, can not go to sleep. will not have this injection again.""",10.0,"March 13, 2014",4
112168,Gabapentin,neuropathic pain,"""i'm struggling with sciatica pain with makes me barely  walking. i'm on 900mg 3 times a day and gaba doesn't make any different at all... still in massive pain and in my opinion is just worse... doesn't do trick for me so i need to visit my gp to find different solution.. but that just me everybody are individual...""",1.0,"September 22, 2016",8
108108,Ethinyl estradiol / norelgestromin,birth control,"""i've only been on it for less then a week and it has been horrific!  like truly a nightmare.   i'm nauseous all the time.   i haven't really eaten anything since i started it.  i've suffered random headaches,  extreme depression and anxiety.   i want to rip it off but my period was short and pleasant and i've only had it on for 4 agonizing horrible days.    i wonder if it gets better?""",1.0,"December 1, 2015",6
175153,Relistor,"constipation, drug induced","""i have used relistor 3 times. overall i think it's working. but i wanted to note here that as most of us have been using alternatives, including strong stimulant laxatives, for this issue prior to trying relistor, and have become dependent on them. so although i've had success with this medication,i thought it worth mentioning that i will need to work on becoming free of laxative use for best results. for those of you that are experiencing this, i highly recommend doing some online reading about laxative dependency and using some of those techniques along with relistor. good luck!""",8.0,"September 18, 2015",19
42335,Atenolol,anxiety,"""very helpful for performance anxiety when taken together with 0.5mg xanax, no more racing heart, palpitation, sweating hands, running out of the room feeling when doing presentation in front group of people, better than propanolol since this does not cause wheezing on me.""",9.0,"June 23, 2014",72
25472,Finasteride,androgenetic alopecia,"""at the tender age of 25, i noticed that my hair was beginning to thin. not wanting to look like my dad or brother, i got a prescription for propecia. so far, it's been working. in fact, if i miss a dosage, i'll notice little bits of my hair fall into my keyboard or the pages of a book i'm reading!

yes, this medication is expensive. my insurance won't cover it at all. (funny that they cover viagra, though). the only side effect is that i do notice a slight decrease in my sex drive - but honestly that's probably good. keeps me out of trouble.""",9.0,"May 11, 2011",124
57324,Oxymorphone,pain,"""i have been on opana er for approximately 4 years. i have multiple conditions with the bones in my spine and both psoriatic and rheumatoid arthritis. opana does not seem to help much with general arthritis pain and not at all the psoriatic arthritis, but it has been the most helpful medication for my back pain. unfortunately on medicare i reached gap and at that time medication becomes way too expensive. i cannot endure this cost while i am on medicare and now i have to switch medications. i go from paying $40 a month to $250. on medicare you cannot use the discount cards for the program that opana has. i am feeling very upset about this as the medication has been the most helpful to me without side effects. """,9.0,"May 25, 2014",58
22842,Mestinon,myasthenia gravis,"""i am a 44yr old male recently diagnosed with mg since nov 2015. i take 90mg 4 times a day. my medication generally last 5hrs. my mg inolves slurred speech, difficulty swallowing, teary eyes, difficulty pushing food around with my tongue, a very weak bite. my medication usually kicks in after 45m-1hr. my speech improves although there is still a hint of a slur but much improved. swallowing improves but still not confident. i always have water just in case. no diarrhea at all and only once i had severe cramps but that was while i was adjusting my dosage. taking 2  60mg tablets will probably do that. have vomited once but i function much better while on mestinon.""",7.0,"January 25, 2016",28
160940,Risperidone,bipolar disorde,"""after going through my third manic episode i was prescribed 6mg of resperidal which immediately made me feel like an absolute zombie. i couldn't think clearly, was extremely tired all of the time l, and was unhappy. through the course of about 4 months my dosage is now 1 mg and i don't feel the severe side effects. good medicine in controlling the mania but in high dosages will make you feel like a zombie""",5.0,"October 24, 2016",20
200186,Varenicline,smoking cessation,"""i would highly recommend this medication for smoking cessation. it was my saving grace to quitting smoking. i had bad dreams the first two nights when i was taking it in the am and in the evening. i switched the 2nd dose to after lunch and the bad dreams stopped.  no other side effects. absolutely the best medication ever to help you quit smoking.""",10.0,"January 11, 2015",36
177040,Promethazine,nausea/vomiting,"""this drug is truly amazing! nobody can figure out why i've been so nauseated and vomiting the last 2 years. when i have a really bad episode i take promethazine and don't throw up or feel nearly as sick. i don't even get the sleepy side effect it just makes everything better.""",10.0,"June 30, 2010",21
12759,Etanercept,rheumatoid arthritis,"""had severe rheumatoid arthritis for 6 years - pain uncontrolled by dmards. prescribed enbrel and my health improved 85%. sadly, after using enbrel successfully for 5 1/2 years,  it stopped being as effective. since tried humira - didn't work. now trying roactemra infusions - some improvement, but lots of side effects. really miss the quality of life that i had when enbrel worked for me!""",9.0,"December 10, 2012",40
26219,Sprintec,birth control,"""i suffer from severe depression and anxiety, this actually curbed it for me. instead of being depressed everyday, it cut it down to a week. it balanced out my periods. but,  on the down side they were heavy for the first few days with strong fatigue and cramps. i had spotting the first month. my emotions were great the first 9 months. once that mark hit i started to spiral. i was over emotional and cryings over just about anything. my feelings were so amped up. i stopped taking it and i felt normal a few days later. i stopped and started a new one which honestly made me feel absolutely nothing. i felt like a sociopath. i'm back on it, hoping for good to decent results. just remember, every one is different. try it for a few months.""",7.0,"August 1, 2016",5
128627,Phentermine,weight loss,"""started phentermine a week ago.  the first day i literally felt crazy. i was hot, sweaty and extremely active, water was my best friend! now i just feel energized, not crazy lol. i don't have an appetite at all and if i go without water i get headaches (shocker).  i take it everyday with the exception of sunday's, i know i won't drink alot of water but i still maintain my eating habits. i've been on if for a week now and i started at 189 and today i weighed 181, so 8lbs today. i think it's great, best decision i've made so far, gonna give another update in a month.""",10.0,"June 18, 2015",30
129817,Levonorgestrel,abnormal uterine bleeding,"""this was placed in april of 2014. i have had it removed a week ago due to very severe back pain. i also had anxiety, depression and severe headaches. i would rather have the bleeding. my headaches and back pain stopped once it was removed and suspect that the depression and anxiety will also improve now. my md and obgyn did not recommend removing it, but i insisted and am glad i did. they were convinced the back pain  & headaches was due to something else.""",1.0,"April 13, 2015",6
51078,Azithromycin,chlamydia infection,"""so after almost a month no sex i got it....needless to say i got it...i went to doctors and he gave me 8 250ml pills in one dosage. i promptly went right back to work not thinking anything...oh ya empty stomach 9am....between sweating. dry vomiting cause i was still driving.... not the work nearly cropped myself i thought i need food fast or i am pretty much fucked....i ate something and this point i shit pure brown water 30 minutes straight....but it cured me lol""",10.0,"August 16, 2016",2
47936,Naproxen / sumatriptan,migraine,"""my migraines usually consit of aura, numb hand/face/nose, and aphasia, followed by the severe headache alongside nausea and vomiting. they usually last about 3-5 hours until i can function again. i had been taking naproxen for my painful menstrual cramps. it worked quite well for this, and so when i felt my hand going numb last night i took a naproxen right away to see if it would help the migraine. well, i still had most of the symptoms prior to the headache, however the headache itself was much less intense (about a 4/10 on the pain scale compared to an 8 or 9). i also did not feel nauseous and did not experience any vomiting. i highly recommend trying naproxen for migraine treatment. it made mine much less severe. i swear by it now.""",10.0,"May 27, 2016",1
39610,Contrave,obesity,"""i'm 27, 5'1 and my starting weight was 198. i started it last year (2015) in january, followed exactly what your suppose to do, and i was miserable. headaches, tired all the time, but i figure it was worth it because after 4 months i had lost over 30lbs. eventually i couldn't handle it anymore so i stopped taking them. 
now i started back up again, i'm on my third week and am still on 1 pill in the morning. its working out great for me. i'm still losing a ton, but without any of the side effects, i drink a ton of water so i wont get the headaches and my energy level is great! i think that when i do plateau, i'll up my dose, which i shouldn't get any side effects because i've been taking the 1 pill long enough that my body is use to it.""",10.0,"January 21, 2016",17
21240,Focalin XR,adhd,"""i am a 60 year old male with adhd, who would have ever thought it? i started using focalin ir 5mg after cutting it into four(4) pieces. i would take one quarter piece every three hours. it took me from being nonproductive to productive again with very few side effects. i am now taking focalin xr, 10 mg in the morning and a 5 mg 6 hours later in the afternoon. i think my ideal dose will end up at 15 mg am and 10 mg afternoon to reach the optimal dose. the only side effect has been heartburn, a slight headache and being a little jittery with a occasional outburst of anger. i can handle the side effects which have subsided somewhat, to get the wonderful effects of this medication! alive again at 60 yrs old!""",9.0,"December 28, 2012",61
91138,Botox,overactive bladde,"""i have to say i'm shocked at the number of reviews from people just a few weeks out from their injections complaining of having to self-cath or peeing more often. did you not read any of the literature on this procedure? did your doctor not explain what the botox was doing to/for you? you are paralyzing your bladder muscles, i.e. they may not work at all or very well after, causing retention. this is why the literature states that if you are not prepared/willing to cath after, don't do it! an organ is being stuck over and over with needles - don't you think that organ may be a little upset initially and freak out a bit with spasms (causing more frequent urination in some) until it has a chance to calm down?""",10.0,"November 8, 2016",74
126325,Combivent,"copd, maintenance","""works great initially especially if you are congested but after a couple of weeks now does nothing. maybe my body just got too used to it? does nothing now. notice the drug interactions, doctor and pharmacist didn't say anything. can make your heart race as well.""",7.0,"September 6, 2011",23
27492,Requip,restless legs syndrome,"""works great at getting rid of rls, but causes rebound rls after a few months of steady use.  also doesn't affect rls brought on or worsened by extreme tiredness or dehydration.  rebound rls is worse than before, and instead of having it a few times a week, rls is constant after about 8pm, and rebound starts up in the very early am.  it works well, but i started to have issues after several months.""",6.0,"June 21, 2009",52
209714,Lupron Depot,endometriosis,"""my doctor has me on the six-month regimen. i am on my second month and have had to go to the er five times since getting this injection. i don't recommend this to anyone i feel ill all the time. very lethargic, very short of breath, heaviness in the chest, pains in my back and just overall horrible. i had my right ovary and fallopian tube removed due to severe endometriosis and the doctor recommended these injections and said i would have no problem and no buddy that she has treated his head any severe side effects so i guess i get them all. i've missed a lot of work almost losing my job because i just can't function on a day-to-day basis because of the medication. for any of you considering taking this medication please don't it is nothing but toxic""",1.0,"October 29, 2015",20
66834,Seroquel,bipolar disorde,"""since i started therapy a year ago my bipolar 1 disorder has evened out, but i sometimes have manic, depressed, or both episodes. also it has caused disturbances in my speech, and uncontrolled movements in my face, arms and legs. the benefits outweigh the risks though and i am satisfied with the way it has helped stabilize my moods.""",8.0,"February 26, 2012",12
128637,Phentermine,weight loss,"""just got back in the pill as of 6/11/15 really suppressed my appetite and boosted my energy. but i just wanted to give y'all a heads up. i paid $12 for my prescription by using a coupon""",7.0,"June 12, 2015",30
66809,Seroquel,bipolar disorde,"""i have found seroquel to be very helpful in my life. i was on high antidepressant medicines but gave those up. the seroquel helps me lead a normal life by allowing me to sleep and calm down after long working hours in a high demand job. i take 100mg before dinner which helps my appetite also. i would not take seroquel during the day as i feel it would inhibit my ability to communicate at work. 

from what i've read some interpolate the effects of the medicines in differing ways but i can honestly say it has saved me from a very dark place. 

expensive but worth the cost.""",10.0,"February 23, 2013",48
50675,Gabapentin,reflex sympathetic dystrophy syndrome,"""i have had rsd for 10 years and during my second year i used neurontin and it took care of 95% of my pain for about 10 months and then one day it just quit working for me. most other rsd patients that i talk to have the same result as i did. every now and then i will hear that it works for someone that has been taking it for several years.""",5.0,"February 11, 2010",15
201833,Lo / Ovral,birth control,"""this pill was awful for me.  i had the worst mood swings.  i was constantly depressed, crying or miserable.  i gained close to 15lbs in the first month i was on it.  my appetite could not be curbed and was eating everything in sight.  the bloating was terrible too.  overall i hated this pill for me.""",1.0,"April 28, 2015",1
87305,Latuda,bipolar disorde,"""i've been taking 400mg of lamictal a day for about 3 years now and my doctor suggested adding latuda to the mix. when i first started taking 40 mg of latuda i was getting a headache, which made me panic. so we cut it down to 10mg twice a week and it seems to be working well. just enough to get by. as posted earlier i felt it kind of hard to get up in the morning when taking latuda at night. i take it before bed in fear of having that panicky headache thing going on again.""",7.0,"August 13, 2011",44
228302,Butrans,chronic pain,"""i have suffered back, knee and foot pain for years after two failed back surgeries. finally given butran patches and the relief was terrific. here is the problem that led to me having to stop the treatment. the release of the medication in the patch is accelerated by heat and perspiration and i was overdosing myself by being to active. even the sun on my shirt caused an overdose.""",10.0,"September 11, 2015",34
42915,Xulane,birth control,"""i started taking xulane when my insurance stopped covering ortho evra. the first month was fine, no side effects, irritation or pregnancy scares or anything but then the second month i started experiencing nausea, cramps, my period was late and then i had the absolute worst depression and even started losing touch with reality. i thought i was going crazy but since i stopped it, i've felt completely fine. did prevent me from getting pregnant but the mood swings were not worth it anymore, will have to move onto the pill.""",4.0,"August 9, 2015",7
162128,Denosumab,osteoporosis,"""it’s worked very well for me. i started taking it at 55 years old when after falling and breaking 5 bones in my foot, the doctor had a dexa scan done. i was -2.8. i’ve now been on it for four and a half years with no side effects or problems. last bone scan had my lowest score at -1.6.""",10.0,"November 3, 2017",8
187188,Azelastine / fluticasone,allergic rhinitis,"""dymista is the only spray that keeps my sinuses unblocked. without it i get sleep apnea and my hearing is affected. i also use a daily nasal rinse. i've tried other sprays, but dymista is the only one that really works for me. it's $50 australian, but lasts for a few months.""",10.0,"October 18, 2017",0
39930,Contrave,obesity,"""i have been on contrave for 4 months and i am so happy with the results.  i have lost a total of 62lbs.  i will continue to take this pill until i reach the goal that i happy with.""",10.0,"August 16, 2015",59
79703,Xarelto,pulmonary embolism,"""have been on xarelto now for 2 months without any complaints. i've not had the out of the ordinary dreams that others have reported. i am an endurance athlete and other than deconditioning from a forced no exercise restriction for 4 weeks, i cannot say that this medicine limits my performance. i must say i have had some very short duration dizzy spells on occasion, but definitely not the norm. my insurance required that xarelto be preauthorized prior to getting it. so far i am very happy with its performance and convenience.""",10.0,"October 23, 2014",24
183873,Mometasone,allergic rhinitis,"""i've had an annoying and embarrassing hay fever related symptom for about 10 years. first red eyes and  itchy tear ducts which progressed to eyelid twitching. at first my eyelids twitched whenever i sneezed, but then it would happen randomly and increased in frequency. it became so bad i would avoid meetings at the office. i tried the common hayfever medication and some helped off and on but i could never get the darn twitching to stop. a few months ago i saw my doctor for an unrelated issue and he prescribed nasonex. my hay fever, itchy eyes and eyelid twitching disappeared within a few days. i feel like a new person now!!!""",10.0,"January 6, 2015",15
173895,Provigil,narcolepsy,"""i was good the first two days on this medicine but on the third day i got lots of itching and skin sensitivity. i was hoping this would work for me but it did not.""",1.0,"October 9, 2012",23
2352,Clobex,dermatitis,"""after just 3 days of using this i'm starting to see significant clearing on the inside of my elbow where a stress rash got out of control. i might not need to even use it for the whole 2 weeks and be able to save it for next time!""",10.0,"November 1, 2013",18
183198,Cymbalta,ibromyalgia,"""i am 46 and have suffered from depression since i was a teenager and fibromyalgia pain and stiffness since i was 30.  nothing else helped much. i tried gabapentin, prozac, and other anti-depressants.  ibuprofen and tramadol helped a little with the pain but not like cymbalta! i started on 30mg and worked up to 90mg daily. i feel like i am cured!  no more morning pain and stiffness, no more aches and pain and my mood is so much brighter! i haven't felt this happy since i was a kid. i am laughing all the time. i can do things that i haven't been able to do physically for years. i started jogging.  side effects have been a loss of appetite, insomnia, and hot flashes but well worth it!""",10.0,"June 24, 2013",84
221020,Junel Fe 1.5 / 30,birth control,"""i have been on this pill for over 5 years. the first ~6 months were difficult (i had to take it with food or i'd get nauseous, certain times of the cycle it made me extremely tired, moody, etc). the longer i stayed on it, the more those symptoms subsided- so i encourage anyone struggling with it to hold out because it will likely improve. i also learned that you have to take it at the exact same time every day or the side effects are worse. the past few years i have had no problems with it at all.""",7.0,"April 17, 2016",2
18643,Alosetron,irritable bowel syndrome,"""over 10 years ago i took lotronex for severe ibs with diarrhea. that condition had crippled me so that i could not leave the house without taking an antidiarrheal and a motion sickness medication. that was to just get out the door. i had to know the location of every restroom in every store, on every road. you get the picture. i had no social life because i didn't dare go anywhere with this condition. i had been reading about meds that might help with the ibs and had taken several at various times but they all made me sick. i did some research on lotronex when it first came out and asked my pcp if he would prescribe it for me. the first night i took it, 99% of my symptoms were gone. within a week or two i finally felt normal and alive again""",10.0,"September 7, 2016",10
36271,Imiquimod,human papilloma virus,"""i have genital wart on my skin of penis. the doctor recommend me to use aldara cream to wipe it out. i have been applied for a week which already applied for 3 times. i don't feel any pain or itching!!. i really hope this cream work for me. as i'm scare to go through the freezing or burning treatment. and some more is quite pricey.""",1.0,"October 11, 2015",2
21677,Guaifenesin / pseudoephedrine,cough and nasal congestion,"""have taken mucinex d several times over the past few years with congestion.  it is the best thing out there to make me feel better during the day but i only take it in the morning with food.  even then i usually don't sleep great at night but do not experience the insomnia others are talking about""",8.0,"January 5, 2017",9
1713,Zolmitriptan,migraine,"""maxalt did nothing and oral sumatriptan stopped working so i tried zomig spray. i followed the directions exactly and still got a ton of product dripping down the back of my throat (which is normal). either my migraine kept getting worse of the zomig made it worse. either way, this did not work for me.""",1.0,"May 1, 2017",2
2531,Camrese,birth control,"""when i first started this medication the whole first month i would feel super nauseous and sick. this continued for about a month. i had no spotting at all until the 3rd month. my spotting lasted about 3 weeks until i finished my first 3 months and had my first period. those would be the only down sides this has given me. the positives though are that i have had zero cramps which is huge considering i used to have horrible ones. it has also cleared up all my acne and my periods only last about 3 days. i have been on this for about 5 months now and it is great to me.""",7.0,"November 13, 2016",6
112916,Bisacodyl,constipation,"""i've been feeling blocked up for a few days so i decided to try this. i've never taken any laxatives before, so a whole new experience for me. i took 2 pills at noon and started having some cramping about an hour after. then it all hit me. i had liquid coming out of me about 2 hours after and the cramps were almost unbearable. i was hunched over in tears for hours because of the pain this put me through. after i was cleared out the symptoms stopped. at about 8 i had dinner, and the whole experience started over again. 8 hours after taking the pill. i thought i was going to have to go to the hospital from the pain i was going through. will never recommend to anyone and threw the rest away""",2.0,"May 29, 2017",2
82477,Liraglutide,obesity,"""i started using liraglutide some time in september 2011 and so far i have lost around 12lbs! i had some major nausea issues at first though. however, since i went up to '50 clicks' the nausea seems to have subsided! i feel fuller for longer, aren't eating half as much as i used to and i am not constantly thinking about eating neither! i actually feel very good already and it's making me really happy noticing little changes to my body that have come with losing 12lbs! i hope the weight loss continues. it's fabulous.""",9.0,"October 27, 2011",4
96460,Neurontin,peripheral neuropathy,"""i have peripheral neuropathy, my arms, hands, legs and feet are all affected, my legs and feet get ice cold. i have been taking neurontin for 4 years now. for me it's not working i was taking 1800 mg a day. i had to call the doctor the other day the pain was so bad and he changed my dose to a higher 1800 mg a day. it's been 3 days and the pain level has not changed.""",1.0,"April 22, 2012",102
55883,Effexor,depression,"""effexor is risky. the years that i took effexor were fantastic, but the withdrawal symptoms are just as bad as everyone says. in fact, after about three years effexor stopped working for me out of the blue. there was no controlled withdrawal. my symptoms were the ""brain zaps"" or an ""electric shock"" feeling in my head. my mind felt like a skipping record. i was severely depressed and cried all the time. that said, i am now starting to take it again after taking prozac for several years. prozac doesn't make me feel as good as effexor did, so i'm taking it again. hopefully i'll have another few good years on it before i have to push through withdrawal.""",5.0,"August 24, 2011",26
68106,Plan B,emergency contraception,"""i definitely recommend plan b for any girls who have had unprotected sex and are scared of the possible outcome. my experience with plan b was both good and bad. i took plan b 5 hours after the condom broke. unfortunately for me it was my predicted day of ovulation. at first i had faith in plan b but after reading hundreds of reviews i had mixed emotions. i have a 40 day cycle sometimes earlier, but never more than 40 days. the morning after taking plan b i got serious nausea and i was so tired, i slept a lot. my symptoms went on for about 2 weeks. i also was very emotional during this time. plan b really messes up your hormones and i was so overemotional. since the condom broke and he finished inside me and it was on ovulation day i was freaking out. i also had tons of discharge. i kept thinking i got my period and would race to the washroom however, it was this clear discharge. i was very concerned and thought that plan b had failed. on the day i was suppose to get my period, there was nothing. a few days passed and there was still nothing. i was still very nauseous, my boobs were super sore, and i had weird cramps every so often. i was preparing for the worse, but finally a week after i was suppose to, i got my period. at first it was light and i was, once again, worried it was a sign of pregnancy; spotting. the day after i got my normal flow. plan b saved me and i'm so thankful, i will definitely be more careful next time. all in all, plan b is very effective and i recommend it, however, the symptoms were pretty bad. then again it is a lot better than being pregnant and not ready for the responsibly. i'm only 16 years old and definitely capable of raising a child. avoid a next time, plan b should be used for emergencies only and not regularly. i read tons of things on the internet about plan b and i wouldn't trust all of the feedback. plan b does work during and after ovulation. i am very grateful for plan b and give it the highest rating for effectiveness.""",10.0,"October 19, 2015",39
163457,Methylphenidate,narcolepsy,"""when i was first diagnosed with narcolepsy at 13, i started with ritalin and was taking about 40mg per day and definitely helped with my narcolepsy but wasn't strong enough to keep me fully awake and repress my cataplexy. i now take 81mg of concerta and 10mg of ritalin in the mornings and if needed another 10-20mg ritalin in the afternoons or when feeling tired. it's definitely been a life saver especially during class or when i'm out. didn't have or had any significant side effects and am so glad to have been introduced to it""",8.0,"April 4, 2017",8
45891,Fluoxetine,depression,"""i took prozac for several years to treat my depression and it was awesome. it had few side effects but gave me my life back. i went from not leaving my bed to actually being a productive member of society again. i did lose a good deal of weight while i was on it but that eventually balanced out.  i took it until it got to the point where it stopped working for me and i've never found anything that has worked as well.  hopefully i will be able to take it and have it work for me again one day.""",10.0,"April 12, 2009",185
85056,Ethinyl estradiol / norgestimate,acne,"""i started taking trinessa 3wks ago to help with my cyst acne and my cyst acne is so bad!  my jaw line is ten times worse than it was so i’m really on the fence as to whether this was a good idea ☹ .  i literally went from having one or two cysts during my period to now having ten on one side of my face and 5 on the other side the entire month! i’m getting a new one every day and they are so painful i have to ice them down at night and in the morning.  
i’ve read reviews that said things got worse before they got better and i really hope this is the case and i hope there won't be any scaring. i’ll update this review in a month.""",1.0,"December 7, 2015",5
144814,Etonogestrel,birth control,"""i rate it a 10 because i haven't gotten pregnant in the 2 years but at this point i rather be pregnant. the first month was perfect, but the second month until now has been terrible. i have terrible acne all over my face, chest, and back. my acne wasn't even close to being this bad ever not even when i was going through middle or high school. i have gained some weight but not much. the biggest issue i have with this birth control is the non-stop random bleeding the lasts for months and the horrible cramps. i have also developed ovarian cysts which are painful but usually go away within a week. i have gone to the doctor many times but i was always handed a pack of birth control pills to make up for the estrogen that isn't in the bar.""",10.0,"January 18, 2016",0
225657,Bupropion,depression,"""was taking 20mg of prozac which worked pretty good. have taken adderall in the past for add and asked my doctor about it again. he suggested i take wellbutrin. been on it for 2 weeks and i really noticed a difference. i actually feel great! 300mg xl. side effects are minimal. i did feel like a zombie the first and second day. the third day i had the giggles. but, things started to even out after that. it wasn't anything terrible. it is a little bit harder to go to sleep at night however, i've never been a good sleeper. and, dry mouth is kind of bad. other than that no anxiety depression. haven't noticed anything about my add yet. i'll give it a couple more weeks.""",8.0,"June 8, 2013",91
164163,Xiidra,dry eye disease,"""i have autoimmune arthritis, ocular hypertension and seasonal eye allergies, and all cause dry eyes.  i have used every otc tear drop, gel & ointment, and lid scrubs, and i run a cool mist humidifier while sleeping.  constant burning and stinging, feeling like my eye lids were stuck to my eyeballs, and cloudy, blurred vision. for years i looked like i had been crying all the time, or drunk!  i started xiidra about 3 weeks ago, and it is helping a lot! yes it stings for a moment. i have also gotten a slight headache after use, but that is getting better as i get used to the drops. no problems using xiidra with my pressure drops, just wait 10 mins between. so far i am happy. glad insurance covers it, i have a $50 copay for $600 prescription.""",7.0,"November 2, 2017",0
64404,Sertraline,anxiety and stress,"""this medication has changed my life for the better. i started to feel better within about a week of taking it. i chose to take it before bed rather than in the morning which i think helped me to not feel any negative side effects. i've tried 2 other types of medication but this is the only one for me that's helped reduce my anxiety but everyone is different so may not work for everyone but my experience on it has been positive.""",10.0,"August 28, 2016",59
93393,Vortioxetine,depression,"""i took 10 mg for a few days but became very uncomfortably manic.  so i started to cut the pill and it ends up that i am taking 20 mg over 3 days. 
this is the end of the 6th week. i have had chronic clinical depression for 27 years.  i am taking this with 225 mg of buproprion a day and 50 mg of
fluvoximine.  i experience no improvement and have had more thoughts of suicide in a long time.  i see the doc in two weeks.  if it is not noticeable by that time, 8 weeks, out it goes.""",1.0,"July 18, 2014",43
75953,Olodaterol / tiotropium,copd,"""i was diagnosed with early emphysema on 11th october 2017 (5 weeks ago).  i have never used a bronchodilator previously and i find this product easy to use.  i no longer wheeze when lying down and believe my breathing is easier than before.""",9.0,"November 20, 2017",1
81092,Hypercare,0</span> users found this comment helpful.,"""i have been sweating for 3 years, even if it was 30 degrees outside and i wasn't wearing a jacket. people would ask me why i was sweating and it was so embarrassing i couldn't even explain. i would sweat through shirts onto jackets. i was tired of this and knowing i would be section leader i knew i'd have to not be sweaty under my arms because people would start saying something. i went to my doctor and asked if she knew of anything to help. she prescribed this, even though there is burning and itching it is so worth the no sweating. in the texas heat this works perfectly.""",9.0,"June 27, 2011",0
117593,Nortriptyline,migraine prevention,"""i have been experiencing significant feelings of my ""brain hurting"" with it feeling like it wanted to bust out of my skull, was overwhelmed by sounds and sights, feeling off-kilter b/c of brain dizziness.  all affected my cognitive functioning (can't think, difficulty processing information, very bad memory, couldn't express myself verbally). have had just about every scan done possible, showing nothing of concern.  my neurologist started me on 25 mg. ofnortriptyline, and the head-hurting has stopped!still some dizziness and difficulty processing information. only side effect is dry mouth and a bad taste in my mouth, so always carry water.  happy with just this change as a place to start! i used to just cry, hold my head and stay home.""",9.0,"July 30, 2015",45
49369,Ethinyl estradiol / levonorgestrel,birth control,"""i've been on lutera 28 for a year now. i've noticed how if i'm late taking my pill each day, even by two hours, i'll spot or even start my period early. major mood swings and depression. some days i think i'm loosing my mind. it's effective in preventing pregnancy, however i've completely lost my libido. if you're considering taking this pill, i would look into other bc options besides this one.""",4.0,"January 25, 2016",3
219620,Taytulla,birth control,"""almost a week after switching to taytulla i knew something was wrong. i figured my body was going through an adjustment period, but 2 more weeks went by and every single day has been hell. i'm nauseous, i get light-headed, i have double vision, and i have a weird taste in my mouth that just won't go away. the actual gel capsule itself is dangerous too. i have no issues with swallowing gel capsules usually but one day i almost choked while trying to swallow it. oddly enough, the taytulla glided over my tongue while i swallowed water. when i attempted a breath, the slippery coating allowed it to slip right into my windpipe. i was aggressively coughing until it finally came back out. my body feels like it's going haywire, i'm switching back.""",2.0,"September 27, 2017",0
195435,Aviane,birth control,"""i've been on this birth control for about two years & this is the only one i've ever used. i can say i've definitely gained weight but i'm sure it had to do with many other factors as well. sex drive decreased and i get moody and irritable. however, nothing is extreme & it does its job. i've noticed constant mood swings the week after my period or the first week of the pills so i sometimes double up to avoid the dip in hormones. i guess it's good enough to the point where i don't want to trial and error any other one so that's why i stay on it. everyone's body's are so different""",7.0,"July 11, 2017",4
53097,Plavix,heart attack,"""i have been taking plavix from the day it came on the market because of my unique clotting problem. my heart doctor has me on both plavix and 325 mg of aspirin once daily. when i developed atrial fibrillation, they put me on warfarin also. then i started having bleeding problems. they took me off the warfarin and i was fine on the plavix and aspirin, no clot problems encountered.""",10.0,"September 13, 2011",140
38677,Liletta,birth control,"""i had the liletta inserted on the 7th of july (exactly a month ago) - the insertion was fantastic, i literally felt nothing (i previously had skyla- that was agony when inserted) since the insertion i have had a fairly heavy period and have had non stop bright red, clotted spotting. i have also develop moderate to severe cystic acne (i had clear skin before) the acne is all down my chest, chack, forehead and dotted across my face. the dermatologist prescribed an antibiotic, i have been on it a week and the acne has gotten worse. feeling like the liletta may have been a mistake? the contraception benefit doesn't seem worth the acne and associated self esteem issues.considering having it removed... anyone else had severe acne side effects?""",3.0,"August 7, 2016",9
81815,Liraglutide,obesity,"""i started taking saxenda on december 27, 2016. for the first three or four weeks i struggled to beat the nausea and ""full"" feeling. i questioned if losing weight was worth being that miserable - however i pushed through. it's now march 21, 2017 and i have lost 23lbs. i have reduced my caloric intake and have increased my daily exercise. i am hoping to meet a goal that i have had set for years. in high school i gained 52lbs in seven months from birth control. since then i struggled with weight loss and ended up at 233lbs (the most i have ever weighed). i was miserable and tried exercise, dieting and everything else yet nothing worked. this medication so far has helped me set goals and reach them. i'll update in three months!""",7.0,"March 21, 2017",42
176898,Promethazine,nausea/vomiting,"""promethazine is a lifesaver. i'm 26yrs old and was diagnosed with acute renal failure 8 months ago. my main symptom was extreme nausea and vomiting. i've had to take a plastic bag with me everytime i left the house and was in the er about 7 times since the diagnosis for dehydration.the doctors give me 3 medications( including zofran, which i took and was no match for the vomiting). things were looking pretty grim, my psychological and physical health was going downhill until i was prescribed promethazine. i took it for 2 days and bam, all the vomiting and nauseousness was gone. i stopped taking it and felt fine. it's now 3 months later and the vomiting is back, i know just what i'll be taking now.""",9.0,"November 13, 2017",0
45420,Fluoxetine,anxiety and stress,"""i've been on fluoxetine for about 7 years or more now and i can tell you it has been the best decision i've ever made. i was put on for ocd and depression as well as anxiety and the constant hand washing is a thing of the past! when on it i feel like a happier person wanting to do more things and have become more outgoing!
as like any medicine, there are side effects at first, but funnily enough i don't think i had any. don't worry if you feel horrible when you first get on them, you sometimes have to go down to come all the way back up!""",9.0,"December 11, 2014",50
51767,Aczone,acne,"""i have used every product out there- many did not work and others made my skin so dry and red.  aczone works beautifully- my skin is very clear most of the time.  highly recommended.""",9.0,"February 16, 2011",10
51822,Ustekinumab,psoriasis,"""i highly recommend stelara. after getting my first shot i immediately felt my skin clearing up and by the next day about 60% was gone. that week 80% was gone (btw i have guttate psoriasis) and i was super stoked because i've tried metho, cyclo,and enbril (enbril only made my skin worse) but nothing really worked 100%. after my second shot which was a month after my first one i noticed it start coming back even on my scalp and i hadn't had it there in years. about 60% has came back. luckily i had no side effects though. i think this could be the answer for a lot of psoriasis sufferers! my skin is just stubborn and hard to treat but not as bad as most people ):""",5.0,"May 17, 2017",6
204779,Cyproheptadine,anorexia,"""i was 9st 4lb wanted to put some weight on tried calorie drinks and and eating more but you can't eat more if you're not hungry did research found these pills doctor had never heard of them but prescribed me 3 months of pills 3 a day i took 1 felt shattered so i take half a tablet a day no side effects and now 10st 6lbs in 7 months feeling lot better just give your body time to get used to them""",10.0,"March 4, 2016",28
134173,Prednisone,ibromyalgia,"""i have just taken prednisalone for the first time for a moderate exacerbation of asthma. for the first time in 28 years i was pain free. i kept telling my husband that despite how sick i was  with pneumonia i felt so relaxed and i realised i had no pain. now i know how normal people feel i could cry. you can't take it forever due to the effects on your body but gosh i sure wish they could work on something that worked the same without the side effects.meanwhile i am trying to readjust to pain again and feeling heartbroken that i have to live with fibromyalgia.""",10.0,"April 19, 2016",32
82738,Maxalt-MLT,migraine,"""when i first tried it, my migraine was being relieved in about 30 minutes. ten years later it takes about 11/2 hours. previously, my headache pain lasted about 16 hours. nothing over the counter ever worked. no unusual short term or long term side affects. can make me a little drowsy sometimes.""",10.0,"April 8, 2015",5
143439,Etonogestrel,birth control,"""my nexplanon was inserted on january 20th, the last day of my period. i'm afraid of needles but it didn't hurt as bad/just a slight tug and pressure when inserting! this is my 1st bc ever. 

now it's 02/09/2017 and i noticed some spotting last night (originally it's 3 days left until i would normally have my period) i never spotted before throughout any of my periods. i thought i had started last night when it ""felt"" like my normal period symptoms, except this morning, i only had brown discharge but no. blood  

my arm was aching for about 1-2 weeks after it was inserted and i have two toddlers (1 & 2 year olds) so i try to avoid them laying on my arm or touching it. 

so far, i like nexplanon. hopefully my overall, future, reviews are great!""",9.0,"February 8, 2017",4
142097,Escitalopram,anxiety,"""i got into a burnout and had anxiety, depressive and obsessive thoughts. i couldn't sleep anymore. my doctor initially prescribed paxil but the side effects were horrible so she switched me to lexapro. my symptoms gradually went away over a month. the only side effect i had was mild weight gain which i could not sweat off until i quit the medication.

i stayed on lexapro for just over a year while i also did cbt. i gradually quit over a 6-wk period with no withdrawal symptom.

lexapro litteraly saved my job, relationship and my sanity. i only have good comments to say about this drug.""",9.0,"April 6, 2009",113
63463,Epiduo,acne,"""i started using epiduo last monday.  i did not have any side effects until day 5, my face peeled but nothing i couldn't exfoliate off when i washed my face.  no peeling after day 5.  on day 6 my face stung a little when i put the lotion on a few minutes after the epiduo.  after that my face still stings a little around the eye area only but nothing that i can't just get over right away... very mild.  my face looks about 50% better already!! i am so happy and my husband, kids & coworkers have noticed.  i'm afraid of the ""purge"" to come since i have been on it for about 11 days now and see positive changes.  i will update you guys again in about a week.  i wanted to post because i am not having the negative experience most people are posting.""",8.0,"November 14, 2015",13
86616,Invokana,"diabetes, type 2","""was diagnosed in 1998 with type ii diabetes, went from one medicine to another until none of them worked. told by my endocrinoligist that i must now start insulin
4 x a day....worked for a few months then after about 10 months it did not lower blood sugar. started this medicine about 3 weeks ago and the results have been super. only inject long lasting insulin at night only. blood sugar numbers are now normal or just above normal. love this medication!""",10.0,"February 12, 2014",81
196808,Paroxetine,hot flashes,"""saw relief within 24 hours after starting paroxetine 12.5 mg.  no more hot flashes! i didn't realize how much sleep i was missing. now i wake up rested. take them in the am so any energy surge happens in the morning. only having a teeny bit of nausea and loss of appetite in the evening. drinking water helps.
 i'll trade that for no more hot flashes.""",9.0,"February 9, 2017",15
133414,Soolantra,rosacea,"""this is so amazing, i had a severe outbreak and saw change in just a couple of days, now 2 weeks in to using it i am so much better, the redness and bumps has reduced by at least 80% and there is hardly any new spots since i started. i am from sweden and soolantra is subsidized, and the cost came to about 20 dollars, a fee that my employer reimbursed me.""",10.0,"March 25, 2017",8
135030,Dapsone,acne,"""this medicine is amazing! i've been on 10-15 different acne medicines and this is hands down the best. it doesn't dry out your skin and is an excellent spot treatment with breakouts gone is days""",10.0,"October 25, 2016",7
86211,Magnesium sulfate / potassium sulfate / sodium sulfate,bowel preparation,"""so thankful for this website, it definitely eased my mind prior to the prep and procedure! overall this experience was pretty easy and pain free. the suprep was pretty gross (salty, grape flavor) and the 1st bottle is much easier going down then the 2nd. i did throw up with both, but managed to keep most of it down. it worked and worked quickly! best advice i read was to eat lightly a couple days prior and it made things so much easier and tolerable. kept plenty of fluids (gatorade, ginger ale, apple juice) butterscotch candy and chicken broth. as far as procedure, i was beyond nervous and it was complete cake! staff was great, explained step by step, gave me meds (completely sedated) and next thing i knew it was over and i was awake!""",8.0,"October 19, 2015",10
98766,Nexplanon,birth control,"""i had nexplanon implanted after the birth of my daughter. at first i did spot for 2 months but nothing heavy or even compared to what my normal cycles were. after the first couple of months no bleeding whatsoever. love it! couldn't be more happy with my decision to choose this method of birth control. best part is that i always know where it is and can make sure that it is in the correct spot.""",9.0,"September 9, 2013",4
192212,Drospirenone / ethinyl estradiol,acne,"""when i was 15 i started on estelle/brenda and this helped to clear up my skin as i had both face and back acne that started when i was 14. although estelle helped with my skin i also had a lot of water retention, my face became puffy/rounder and i felt like it was harder to lose weight once i had gained it. i decided to go off estelle for a year when i was 18 and i was able to lose weight quickly but my acne came back straight away. i tried for a whole year to deal with it but just couldn't bear it. then at 19 i went on yasmin which was amazing for my skin! within a couple of months it was completely clear and had no impact on my weight. it is slightly more expensive than other pills but completely worth it!""",9.0,"February 10, 2016",7
54666,Bupropion / naltrexone,weight loss,"""i have been taking contrave for 3 weeks. i am now on 2 pills in the morning. i am constantly hungry, growling stomach and actual pains.  i still have cravings, especially chocolate. my insurance does not cover the cost of this medication and i am not sure it is worth $140 per month. for 60 pills. i might try it one more month, but i'm hungrier now than i was before i started using it.""",1.0,"April 28, 2017",9
196386,Atovaquone / proguanil,malaria prevention,"""after taking the 2nd pill i developed raised red welts on my neck, shoulders and upper chest.  i immediately stopped taking malarone.  the next day the raised welts were replaced by another rash where the skin was cracked, dry and felt hot to touch....like a bad burn.  after a week of the new rash continuing to spread i went to the emergency room.  i was immediately put on predisone and i was told if my rash continued to spread and develop blisters i would then need to seek immediate emergency medical treatment.  i was endanger of developing steven-johnson syndrome.  it has been four weeks since i first took this drug.  the rash is gone and my skin has peeled but i am now being tested systemic damage/ liver damage.""",1.0,"October 3, 2016",4
27101,Ultram,pain,"""i have been using ultram for about 2 months. i think this medicine works very well for pain, however the withdrawal side effects for me have been bad. if i stop taking this medicine for two days i experience cold sweats, hot flashes, can't sleep, my legs get restless at night. i find that i have to take the medicine without having pain, just to feel like my normal self again. the restless legs is probably the worst part of the withdrawal symptoms. it does however work fairly well for pain if taken regularly.""",9.0,"June 4, 2009",235
145565,Qsymia,weight loss,"""i've had great results with this medication with some of the side effects listed; dry mouth and  numbness (in my toes). this medication if used properly with help you loose weight and aid you in your journey. i best describe it to my friends as, ""feels like you just ate a thanksgiving meal!"" everytime you take the medication. i suffer from migraines, and this medication has been the one that works for me! if you go to the qsymia website, they offer a savings coupon, which works at every pharmacy! if you just eat junk every month and hope to loose lots of weight it won't happen! the healthier you eat the more this medicine will help you! good luck!""",9.0,"July 25, 2016",43
188339,ParaGard,birth control,"""i would never recommended as a birth control. i got it in 2014 i just got to take it out today in 2017. for the past year-and-a-half i've been so sick. i've been seen special doctors got my gallbladder taken out, and been on many medications because they could never figure out what was truly wrong with me. i had cramping horribly bad and heavy  periods, nausea, vomiting, upset stomach. always felt like i had morning sickness. fatigue, brain fog. finally i saw a link on a website saying how paragard has really bad side effects thank god i clicked on that. i have 85% of all side effects. found out that the copper on this has been going to my bloodstream and i have what's called copper toxicity. way too much copper in my body.""",1.0,"June 27, 2017",6
132675,Doxepin,insomnia,"""i've been taking 6 mgs now for over a week and it doesn't do much for me. last night i slept maybe 2 hours. i may see if my doctor will prescribe 10 mgs doxepin. i'm really worried, as nothing seems to work.""",1.0,"February 2, 2011",28
183427,Cymbalta,anxiety,"""when i started taking cymbalta it took only a few days for it to kick in.  it worked great for my anxiety and depression, but did nothing for arthritis pain. the only side effect i had was extremely difficult urination.  i had to discontinue the medication.""",4.0,"October 6, 2011",14
37140,Vyvanse,binge eating disorde,"""i’ve been on vyvanse for 6 months and have slowly increased from 20mg to 40mg.  i’ve lost 24 pounds and plan to lose more.  i had the hardest time changing my eating habits after pregnancy and continued to eat more than i should have.  i gained the 34 pounds back that i had lost after giving birth to my son.  i ate large portions and didn’t realize it until after it was gone.  vyvanse has changed my eating habits much more than i expected.  i eat very little and when i look at food, nothing looks appetizing not even crackers. i’ve started to experience issues with anxiety and depression and am worried that it is being brought on by vyvanse as anxiety and agitation are side effects. vyvanse works but listen to your body for signs of trouble!""",7.0,"November 7, 2017",2
21953,Infliximab,"crohn's disease, maintenance","""i have been on remicade since i was 7 years old when i developed crohns disease, i am 26 years old this year. for the past 19 years i have been receiving this medicine and it has kept me healthy. you do need to find a cycle be it 4, 6 or 8 weeks for your infusions. i do every 6 weeks and it keeps my symptoms minimal. the day of and the day after the infusion i feel like crap, tired, painful joints, but after that wears off i feel a lot better than before the infusion.""",10.0,"July 25, 2017",9
93361,Vortioxetine,major depressive disorde,"""i've suffered from moderately severe episodes of depression and chronic anxiety for years. i have tried everything from prozac to cymbalta to paxil to remeron to abilify. side effects ranged from bad to intolerable. headaches, weight gain, cognitive dulling. i almost gave up hope that anything would help. this medication has provided a lot of relief. my depression seemingly vanished. my anxiety is still there but seems a little better. everyone's body reacts differently, but if you feel like you've tried every other ssri starting a low dose of this might really help. it could be the placebo effect for all i know, but somehow i don't think so because of the lack of success with past meds. i'm on 5mg only. (i take it with low dose benzos).""",9.0,"November 13, 2014",37
76904,Lorcaserin,obesity,"""i started taking the belviq about 2 weeks ago and i'm already down 10 pounds. the bad part is i have the painful urination, frequent urge to go, back pain, increased headaches. i have gone to 2 specialist about my ""bladder issue"" and they have confirmed that this medication is the cause. it sucks because it's effective but i can't take the irritation.""",5.0,"June 12, 2015",19
143286,Etonogestrel,birth control,"""i got nexplanon abut a year and a half ago and i can not wait until i get it removed. i get frequent migraines, i am having problems fighting depression and major anxiety. i have acne all over my face, my shoulders, my back, and it's even started on my stomach area. i have my period for about 3 weeks every month and it's not just spotting, it is extremely heavy, and i have cramps constantly. my sleeping habits are way out of wack; its either i want to sleep all day or not at all. my appetite has sky rocketed and i feel like i can never get enough to eat and yet i've lost a ton of weight since getting it. i have absolutely no sex drive what so ever. i would never in a million years recommend this to anyone. i hope this gave some insight""",1.0,"March 19, 2017",12
12374,Atripla,hiv infection,"""never thought i'd be raving about a drug but here i am. i was well on my way to meet my maker before i got on atripla. it's been over 2 years now and i am happy to say that it has saved my life! i don't drink, i don't smoke, i've never done drugs for recreation, and i was always against taking medications. i was scared to death of the possible side effects of atripla before taking the plunge because i had such a queasy stomach. thankfully the side effects were only a problem for me in the first month. i am now healthier than ever, i have vivid dreams again, and my severe depression has gone away! i also believe that atripla has made me smarter! however, i can't stay up late anymore and i must stay in bed counting sheeps until i fall asleep.""",10.0,"July 2, 2010",18
47593,Tapentadol,pain,"""after taking second pill had to go to e.r. i couldn't control my emotions i broke down balling like a baby no reason why just uncontrollable need to cry. never had these side effects with opiate pain relievers. """,1.0,"March 2, 2014",63
40625,Zanaflex,muscle spasm,"""i have disc disease. i take 4mg only at night. knocks me out. this is the only medicine that has helped with my pain and my muscle spasms. i sleep well all night and lasts through until next day. only been taking it for 3 days. finally found a good muscle relaxer. only side effect i have noticed is dry mouth. i think it is great. """,10.0,"November 5, 2010",59
155211,Metronidazole,clostridial infection,"""i caught c diff after having two surgeries in 2 days and a hospital stay. i was in so much pain from the cdiff, nausea, diarrhea, cramping, sharp stabbing pains, and no appetite. i did one round of meds 3 times a day for 14 days. the symptoms only subsided a little, got tested again and still had high toxin levels. so they gave me another round, symptoms again got a little better. got tested again and still had the toxins, so yet another round. to this day my insides are still haywire, but maybe have to do with the gallbladder removal as well. my surgeon explained cdiff can be a hard bugger to eliminate sometimes. so i feel like the medicine did its job, it won the war, just took a few battles to get there.""",8.0,"March 6, 2016",9
191879,Lisdexamfetamine,adhd,"""i was diagnosed three years ago with adult add (and i'm 46!). first was prescribed adderall, but i found that even the slow-release capsule wore off quickly, leaving me exhausted and crashing at work, scarfing down cups of coffee. my doctor switched me by vyvanse, and it's been much, much better. i am better able to focus, it lasts longer. however, it still doesn't get me through the whole day and i find i'm extremely tired at night. also, sometimes i get caught up in the trivial details of both work and home projects. but on the whole, i am far better off since i began vyvanse. i wish that 70mg was not the highest recommended amount, but i stick to it.""",9.0,"November 29, 2009",31
16,Medroxyprogesterone,abnormal uterine bleeding,"""i'm 17 and i went on depo for very heavy bleeding. like so heavy i would go through a super plus tampon and over night pad in less then a hour. i had the first shot about a month ago and it was fine a little pain but all shots do and now a month later a got my period much lighter for 11 days which is very long for me then there was a 1 day break and now it started again so in total i have been on my period for 15 days i can't even go to school because the bleeding is very unpredictable its heavy one minute and lighter the next there is also large palm size. clots never had those before and the cramps sent me to the er thinking i was having an appendix attack.  i never had cramps this bad before.  don't know whats going on but i am not happy""",5.0,"October 15, 2015",8
44463,Ethinyl estradiol / norgestimate,birth control,"""i have been using sprintec for almost two years and have not had any problems with it.  i was originally put on birth control to slow down my breast growth (one kept growing while the other did not) and not only did it help with that, but i have never gotten crazy acne, my periods are almost always on time and last 3-5 days, and i have not gotten any cramps or weight gain from being on it.  i would highly recommend sprintec.""",9.0,"March 5, 2010",5
140495,Escitalopram,anxiety,"""hi there, i'm 35 years old male, have strong anxiety and panic attacks 5 years ago.
i'm getting worse 2 months ago, i can't go out from home, or stay alone in the house, so my therapist decided we had to change my medication. before this i took only miratazapine. this time i combined with ssri
-1st try: 5 mg/day : extreme anxiety-nausea-diarrhea. on the day 7th i quit.
-2nd try: 10 days later, this time with xanax (2x0.5 mg): first 3 days i took 5 mg/day, no side effects. from the day 4th, i took 7.5 mg/day: no diarrhea, but my anxiety getting worse, extreme, non-stop nausea, i ate maybe 1 or 2 bananas/day. from day 15th, side effects still here + i couldn't sleep, feeling tired and depressed. on the 18th i quit.
not for me.""",1.0,"November 12, 2016",4
203782,Suvorexant,insomnia,"""i have been taking belsomra for about 2 months now; but, not every night. my doctor took me off ambien, which had worked great for me with no side effects. i've found that belsomra works sometimes and sometimes not. if i eat anything at all an hour or two before going to bed, (and i'm talking a very light snack), this med will not put me to sleep. i lie there for hours in a kind of twilight sleep, not being able to totally drift off. the next day it feels as if i haven't slept at all. i cannot count on this med to help me sleep. it does work on some nights and i have not been able to find the trigger that makes it work some nights and others not? i'm going to try it for a while longer; but, so far it's not worth the high price!""",5.0,"February 10, 2017",20
66565,Seroquel,bipolar disorde,"""been in therapy with a counselling psychologist for just over 3 years.
diagnosis from consultant psychiatrist - complex-ptsd, bipolar type 2 and fibromyalgia. 

been on sertraline 200mg for 2 years. ate diazepam 2.5mg like smarties after a relationship with an anti social personality disordered man.

been taking quetiapine since december '15 and slowly moved up to 125mg to increase to 200mg.

was taking 7.5mg mertazipine for sleep though have now removed it due to increase of quetiapine and weight gain.

overall i'm feeling much calmer, more rational, less reactive and more confident talking to people.

after intrusive thoughts, cognitive dissonance, depression, anxiety, insomnia, crying, dissacociation, nightmares etc i'm happy!""",6.0,"March 22, 2016",30
203206,Blisovi 24 Fe,birth control,"""gained about 10 pounds taking this birth control, and i have never gained weight in my life. it helped with my periods which is why i switched to it but made me break out more. also i took one pill about six hours too late and got pregnant. do not recommend""",1.0,"July 23, 2017",2
198639,Depo-Provera,endometriosis,"""this is the only medicine that i've tried that controls my endometriosis symptoms. it has been a miracle. the first shot caused intense hunger that lasted about a month. but i have not experienced any weight gain and have in fact lost 10 pounds with diet and exercise while on depo. the first month also caused some bad adult acne but i got that under control with acne washes. i've had some occasional light spotting that requires an ultra thin pad for a day or two. there was 1 bad period when i was due for the second shot, but since then, i haven't had any periods at all. it's been 6 months and this shot allows me to live a normal life, make plans, and work a normal job without having to miss numerous days.""",10.0,"July 5, 2017",5
148319,Tarka,high blood pressure,"""i was on this drug for many years. i took the 4mg dose 2 x and sometimes 3 x a day, without any problems. i did get skin sensitivity but that is genetic as my daughter also has it. i found the drug more effective taken with diuretic -bendroflumethiazide up to 5 mg daily - but this caused gout eventually.
to be honest this is a good drug, given that i've tried many combinations of blood pressure medicines.""",7.0,"February 4, 2009",8
34593,Minocycline,acne,"""i am on  solodyn for 5 month now and my first 3 months was bad and the 4th month got better but i developed a minor itch on my leg and i  ask the doctor about it , guess was one of the drug side effects, also feeling  nausea or loopy is what i get some time too!
but my back is so much better now and no acne or inflamed blackheads slowly clearing up! but worry about liver damage : (""",6.0,"May 15, 2017",4
181126,Tetrahydrozoline / zinc sulfate,eye redness/itching,"""i was having redness and itching due to allergies and i used the visine totality. it made my eyes burn and i couldn't see for 10 minutes. it amplified the symptoms i was already having. i'm scared to use this product because it's painful and i wasn't expecting it to burn.""",1.0,"December 28, 2016",8
90697,Chateal,birth control,"""i've been really happy with chateal. i don't experience the irritability i've experienced with other birth control pills. i also like that my period doesn't kick in immediately if i forget a dose.""",10.0,"July 12, 2016",1
51903,Ustekinumab,psoriasis,"""stelara very effective, have been on it for 3 years and can lengthen time between injections i.e. 16 weeks without too much flare up. have experienced chronic rhinitis and symptoms of depression as side effects.""",8.0,"January 15, 2013",26
16565,Ethinyl estradiol / norethindrone,birth control,"""i just read most of the reviews and half of them to me are ridiculous, anxiety, and depression?? your period gives you mood swings being a girl you get mood swings !!! i've been on this pill since i was 15 i am 22 now never had a problem unless i miss a few pills, i have never been pregnant, very light blood, no cramps, very little pimples to anyone with bad acne and bad cramps i highly recommend this pill. i used to throw up because of my bad cramps and now i rarely even get one""",10.0,"December 3, 2015",16
215408,Copper,birth control,"""this was one of the worst experiences of my life, i had the copper iud inserted about 5 months ago and got it removed today! those were the worst 5 months of my life! to start off the insertion was extremely painful (i've also never had any children). from there all the awful side effects started. periods from hell! i bleed like i've never in my life before, cramps were so bad i had to call out of work a few times and only laying in the bed with a heating pad helped them. i lost so much blood i ended up with anemia, and looked like a walking zombie all the time. & then after about 2 months of this my face began to break out with very painful cystic acne everywhere. (i've never had a problem with acne my whole entire life). worst thing ever""",1.0,"November 3, 2017",0
131632,Effexor XR,major depressive disorde,"""i was prescribed effexor after a really bad anxiety attack about 3 years ago. at first, it was really great. less suicidal thoughts, my anxiety wasn't as bad, but i wasn't eating. i had absolutely no appetite whatsoever, i starved myself until i lost 20 lbs and they increased my dosage from 37.5 to 150 mg. it's years later and i now suffer from an eating disorder that i didn't before. the side effects; dizziness, bad coordination, insomnia, headaches, lightheadedness, and especially the fatigue, all impacted my life to the point where i dropped out of high school. the withdrawals, which occur after 24 hours of not taking the pill, make you feel inhuman. i was better before.""",1.0,"September 21, 2016",12
73691,Ethinyl estradiol / norethindrone,birth control,"""i have tried many birth control pills and i absolutely love love this pill.
so many others have cause extreme moodiness, anger, and depression.  this pill works great at keeping my hormones level, my skin is clear and i have had no weight gain. my period is barely anything and usually i don't even have one. 
i highly recommend this pill. i know everyone is different but if you have tried other and they caused you to lose your mind, try this one.  the only downfall is that it can be pricey if your insurance does not fully cover it.""",10.0,"November 16, 2012",11
103489,Loestrin 21 1 / 20,endometriosis,"""taking this medication for endometriosis has made all my symptoms better. i no longer have the horrible cramping and irregular bleeding. there isn't any more inflamation but i do suffer acne and have gained 15lbs in the past 2 months using loestrin""",10.0,"March 6, 2008",10
78273,Tapentadol,pain,"""it did not work at at. it's cost was $107 and that was with insurance. it caused the worst headache i have ever had in 20 years, i was sent home from work, so i lost pay and then the $250.00 for the cost of my imitrex injections for the migraine it caused. i was prescribed it for the pain in my shoulder after a slap repair was done. """,1.0,"January 26, 2010",53
155629,Metronidazole,diverticulitis,"""some diarrhea, besides that no side effects whatsoever.  i had read some of the side effects and it bothered me when i started the medicine but nothing happened while i was taking it. i didn't get tired, did not hurt my stomach, nothing.  the added benefit was that i had a knee i injured about 6 months ago and it hurt almost constantly.  after taking the medicine a couple of days the pain in my knee disappeared. """,9.0,"March 29, 2013",20
84394,Ethinyl estradiol / norgestimate,birth control,"""i have been on sprintec for about a year and it's okay. my skin is absolutely perfect, but it has made me extremely emotional to the point where i can cry just thinking about something sad (something that would never happen to me before taking these pills) and my anxiety is just constantly on. i'm glad to see that i am not the only one with these severe emotional symptoms coming from this pill.""",6.0,"December 9, 2016",6
214353,Tioconazole,vaginal yeast infection,"""i really hate writing negative reviews but i am burning like hell. i used this at 1;20 am & was abruptly awakened by the burn at 4:30! its now 5:20 & i'm up writing this & reading now reviews. just go see your doctor for your yi if possible""",1.0,"December 5, 2015",3
215682,Copper,birth control,"""i had the paragard iud in for five years, it is supposed to be effective up to ten years but i got pregnant in my fifth year of having it and subsequently had to have an abortion.  this was the single most horrific experience of my life.""",1.0,"May 11, 2017",7
222540,Kyleena,birth control,"""update: i have now been on the kyleena for almost 3 months. i have not had a period since i got it inserted, nor have i spotted since the first week. i have only experienced cramps and a appetite increase. so far it has worked great for me. i hope it stays this way!! i hope it works for you ladies as well :-)""",10.0,"April 24, 2017",8
101657,Methocarbamol,muscle spasm,"""just started, prescribed as 500mg twice daily.
blurred vision 
total body jerking (approx 3/1min, followed by single limb jerking for approx /30 min then repeat of total body jerking.  
head spinning""",3.0,"August 7, 2016",5
49674,Ethinyl estradiol / levonorgestrel,abnormal uterine bleeding,"""this has been such a sweet relief, i wish i stared sooner as soon as my periods were getting slowly heavier and horrible. after throwing up on my last period and getting anaemic - enough was enough and decided to speak to my doctor, after getting my script filled and examined ( i had nothing wrong internally) and got seasonique. took about a month for my body to settle down. expect some side effects, headache, tender breast and fluid retention until ur levels even out. u must take the pill same time everyday!! i experienced  one break through bleed, cause i was 8 hrs late in taking one and lasted a week. this is because the hormones  last so long in the bloodstream and any slight dip triggers bleeding. goodluck in starting!! :)""",10.0,"August 9, 2015",7
34891,Minocycline,acne,"""hi i have been taking minocycline for at least 2 weeks and after two weeks i broke out in hives. i noticed the hives because it started on my fingers with swelling and itching and then moved up on my arms. i had to go to the emergency room and get medicine for the swelling and itching to go down. i do not recommend this medication.""",2.0,"September 19, 2015",5
38200,Albuterol,"asthma, acute","""i just read these reviews as i was no longer getting any relief from respiclick. i read someone's review stating they replaced their old respiclick with a new one and the new one worked. there is a design flaw for sure. i just opened a new one and it works now. i was about to set up a doctor appointment because i haven't been able to breath correctly for weeks. seems like it can go bad at any moment. not good. i will be switching as i don't have the money or the time to deal with a design flaw especially when it comes to my ability to breathe.""",2.0,"July 17, 2016",14
92683,Ondansetron,nausea/vomiting,"""i was prescribed to this medicine for morning sickness. i never vomit but always feel nauseated. it only works for me sometimes. sometimes i feel like a million bucks..other times its like i didnt even take any medicine""",7.0,"February 21, 2010",15
203313,Blisovi 24 Fe,birth control,"""i was originally prescribed something else  then i somehow got switched to guildess fe, which wasn't too bad. i was getting headaches, everyday with those. now, the insurance sent me blisovi fe. since i been taking the blisovi my period has increased in length, cramps in intensity, and heaviness in bleeding, including clots. im hungry almost all the time, and my bra no longer fits completely (size d, before pill). the only thing this pill is effective in, is keeping you from getting pregnant. i had a scare and i did not get pregnant. but i never missed a pill and took at the same time everyday, which i was told makes it more effective.i am switching to an iud soon because i cannot keep taking diff bc brands without warning.""",5.0,"February 23, 2017",4
223862,Vitamin B12,b12 nutritional deficiency,"""i've been getting bvitamin injections for 9 months. taking with phentermine for weight loss. have more energy, i sleep less hours without being fatigued and have not been sick once since i started. lost 40lbs total with both meds.""",10.0,"August 14, 2015",26
184709,Canagliflozin,"diabetes, type 2","""my internist has been trying me on various diabetes medications, alone and in combination, over the past 12 plus years to lower my blood sugar levels. for a long time the situation was ultimately with a combination of januvia 100mg, glimipiride twice per day, and metformin 2 500mg tablets twice per day.  initially the combination gave me diarrhea but i also discovered i was lactose intolerant and eventually the problem went away. but gradually within the past few years my 1ac levels slowly started climbing, at one point to 7.8. about 6 months ago he added trulicity.5 mg ramped up to 1.5mg. did not improve blood sugar. did lower weight.stopped trulicity. just started invokana. scared of the risks. am dehydrated and have yeast infection.""",4.0,"January 8, 2017",11
88227,Clindamycin,bacterial infection,"""i had a root canal 2 weeks ago, and there was no abscess or infection then. after the second part of the root canal a couple days ago, the x-ray showed an infection. since i'm allergic to penicillin, they prescribed clindamycin. i have a sensitive stomach, and this medicine really did a number on me! i took 3 capsules 8 hours apart, and each one had worse results. i also forgot about not lying down for 30 minutes after taking a pill the 3rd time. i filled my stomach up with food to try and protect it, but it didn't work. i had nausea, stomach pain, and intestinal cramps. i have no idea if it would have cleared the infection. i just started taking cephalexin tonight, which can also cause stomach problems, but so far it hasn't.""",1.0,"November 7, 2009",23
167280,Levonorgestrel,emergency contraception,"""it's annoying to pull money out of your pocket to buy little things like this because of a little accident or a little overthinking/hesitation. if you're starting to hesitate whether or not the guy has finished inside of you and you just have a gut feeling that he did. take the pill. mistakes happen so stop calling yourself stupid. 

i took aftera about 10 hours after intercourse. the condom ended up breaking and i just wanted to be safe. aftera is usually $10 cheaper than plan b. anyway, i took it and the only side effects i got were cramping and a slight headache but they were both manageable and nothing too bad.  both subsided within 2 and a half hours. got my period on the day it was supposed to.""",10.0,"April 12, 2016",9
144698,Etonogestrel,birth control,"""i bled constantly for 7 months had it removed and refitted and have continued too bleed and i constantly feel fatigued. my memory is terrible and i'm just not well at all. also i'm from the uk""",1.0,"February 12, 2016",0
208969,Belsomra,insomnia,"""i've had insomnia for 32 years.i've tried every sleeping pill there is and all pills used off label for sleep.my latest cocktail of 10mg ambian and .1 mg of clonidine no longer works. i started belsomra 1 week ago. 10mg didn't work but 20mg does. i take it an hour before bed. i sleep 5 or 6 hours a night. i don't feel tired when i wake up, but not exactly well rested either. i have a lot of dreams, but not nightmares and this is why i don't feel as well rested as i'd like to be i will continue to take it because 5 or 6 hours of sleep is better than my 2 hours on ambien. i took advanage of the coupon for free trail. my copay is $125.00.""",1.0,"August 20, 2015",22
180652,Adderall XR,adhd,"""i am a 57 year old male who struggled through five years of college and finally gave up without getting a degree.  at home i would start projects and never finish them.  in my early forties, i finally earned a bs degree out of sheer determination.  my wife, who is a psychologist, gave me an iq test and found that my iq is rather high.  i started asking myself, ""why have i been an under-achiever for most of my life?""   my wife suggested that i might have add.  i started taking adderall xr 20mg about 6 years ago which changed my life for the better. i am now able to finish things that i start.  plus, i don't procrastinate nearly as much.  i now read entire books, newspaper articles, etc., without quitting part way through.""",9.0,"February 10, 2011",43
110318,Nexplanon,birth control,"""i hate this birth control, i'm 18 i got it inserted late july 2015 so about 8 months. i only got this so i wouldn't forget to take the pill and for my periods because they were so heavy! i was on my period for about 5 months including the heavy spotting. i just recently got off my period a month ago and now it hasn't came back. this birth control makes me break out even worse, i know i'm a teen and break outs are normal but come on i have it all over my back and chest and on my cheeks and i wash and moisturize twice a day. also with this birth control it makes me very moody and slightly depressed. i highly do not recommend this type of protection. personally i'm thinking about going back to the pill.""",3.0,"February 17, 2016",1
72357,Tramadol,pain,"""i have been using tramadol for eight years for joint and muscle pain, the result of lyme disease which was undetected for more than a year.  i have no adverse effects.  the one major problem i have had is since the medicine has now been classified a narcotic, my doctor now hesitates to prescribe it even though i have taken the same dosage for eight years with no reduction of effectiveness or need to increase dosage.""",10.0,"November 28, 2011",105
39554,Contrave,obesity,"""47 y.o., 6 ft and 282lbs. i sit at a computer all day. despite hitting the treadmill daily and only eating 1800 calories a day or so, i was still putting on a few pounds a month - every month for a decade. when the 2010s started i was about 215. its been miserable. diets just made everything worse. we tried the mediterranean diet. nothing helped. blood pressure sky high. sleep apnea.  i was slowly dying and i could feel it. dr. said i could try contrave. i'd taken wellbutrin before so was skeptical, but why not. that was 10 weeks ago. this morning i was 258. i am eating healthy but normal portions. i'm not on the treadmill all the time. weight is just slipping off at a steady 2-3 lbs a week. i haven't had the nausea people talk about.""",10.0,"June 16, 2016",34
210934,Mirtazapine,insomnia,"""so i cycle this med in and out with ambien as a sleep aid, 1x 30mg at night. makes your mouth numb anywhere it touches which is strange. i like it for sleep - feels much more natural than ambien - i simply get tired about 30 minutes in but don't feel drugged. as a benefit, i've noticed that when i take it steady for about a week or more, i have much less anxiety and tend to focus better overall (adhd like you wouldn't believe - treated w/ adderall).

on the downside, there's been a few times (1 per month?) where i wake up feeling mildly drugged until 10 or so. no apparent increase in appetite. i am hallucinating that everything is made of fur though... wait, never mind. my cat is just a jerk and sheds on everything.""",8.0,"February 23, 2016",62
113184,Bisacodyl,constipation,"""i have a wheat intolerance and also i a, i am frequently blocked up and was recommended to use dulcolax instead of my normal senna for a stronger more effective result. i took 2 tablets at around 8pm and by 12/1am my whole stomach has bloated to the fact it felt like it was going to pop it was pulling my skin that tight ... finally this discomfort passed and the bloating did ease however the pains i experienced made me consider going to hospital ! i nearly passed out of several occasions ... i did eventually go and it did do its job but i do not recommend this at all it is not worth the severity of the side effects atall""",1.0,"March 1, 2016",7
130420,Levonorgestrel,emergency contraception,"""i have used this product 4 times and each time it has been very effective. the side effects aren't that bad, the worst that happens is stronger cramps on your period and fatigue. your period may come a couple days after you take the pill or it may not even come that month however you shouldn't stress because stressing will delay it even more. this product is great and if taken correctly you should have nothing to worry about.""",10.0,"April 26, 2013",33
33148,Seasonique,birth control,"""i have been on seasonique for 4 months now, i got on it because your only suppose to have a period 4 times a year. i started on seasonique and started bleeding which really sucked because i just had my son and just stopped bleeding from having him. then i just figured my body has to get used to it. i bled for 4 1/2 days like my normal period. every other week i started bleeding. now after 4 months i have been bleeding for 2 weeks straight sometimes it gets so light i think it's going to stop and will stop at night. i go to sleep and wake up and surprise i'm bleeding again. i have never had a period last for more then 5 days and this birth control is supposed to help not have a period. i have stomach cramps so bad i can't move sometimes.""",1.0,"January 19, 2012",5
182423,Mirena,abnormal uterine bleeding,"""i had mirena placed 6 months ago to control excessive bleeding during periods.  i am 38 and have had one child.  

the placement was extremely painful for me even with taking 800 mg of ibuprofen prior to the procedure.  that being said, i have friends who have had it placed with no more pain than what you'd expect during a pap smear.  it all depends on the person.

my periods are tremendously lighter, to the point that i can almost get by with only a liner. so mirena has served its purpose.  on the down side, i spot frequently between periods, have reoccurring yeast infections, mild acne, less sex drive, and mood swings.  my orgasms are no where near as intense as they used to be and i frequently get mild cramping and lower backaches.""",8.0,"February 22, 2010",31
130520,Levonorgestrel,abnormal uterine bleeding,"""i'm 48 years old and had the mirena for 4 years now, it totally stopped my period and i was very pleased due to heavy bleeding. i have had dizziness, weight gain, and lots of acne, hair loss etc. i'm getting it removed a year early. it took a toll on my body, but everybody is effected in different ways.""",4.0,"August 24, 2012",19
145451,Empagliflozin / metformin,min),"""ive been on it for a week now, since switching from metformin i've noticed no more aches and pains and have been able to workout since the 2nd day of changed! love this synjardy so far using samples so have no idea on price and insurance but ill deal w that when it comes to it.""",10.0,"December 1, 2016",10
123117,Azelastine,allergic rhinitis,"""i had a very extreme adverse reaction to  azelastine.  i took one spray in my right nostril.  immediately, i had intense nasal burning, terrible pressure over my sinuses and severe headache, muscle spasms in calves and shoulders, drowsiness, increased blood pressure. days later i developed nerve irritation and occipital neuralgia and dizziness due to pinched nerves from the muscle spasms in my shoulders.   my mouth became extremely dry with a bitter taste but luckily that only lasted a couple of days.  the occipital neuralgia has been the worst part.  it has been almost two weeks and i still have the neuralgia.  massage and stretching help relieve it temporarily but then the pain comes back.""",1.0,"March 6, 2016",13
121890,Venlafaxine,depression,"""effexor xr changed my life. before i was on it, i suffered from constant unremitting generalized anxiety and deep, dark depressive episodes.  150mg effexor xr gave me my life back.  over the years i had to increase my dose, ultimately ending up at 450mg. unfortunately after year 9 it pooped out on me altogether. how i wish it would come back! a great antidepressant. all side effects for me went away within the first few weeks. now giving pristiq a try. """,9.0,"December 15, 2012",51
216590,Sucralfate,not listed / othe,"""carafate suspension was prescribed by my doctor because of stomach problems caused by taking pain killers and anti-inflamatory drugs for knee injury. already taking omeprozole but it was not doing the trick. the carafate worked great. realy calmed down the acid reflux.""",8.0,"October 27, 2008",21
161575,Remeron,depression,"""i was prescribed this medication for insomnia and depression. it worked great for the insomnia the first six months but then it no longer worked. i'm too sensitive to ssris medication so i thought this would be a great match until it stopped working. also makes you perpetually hungry and prone to gain weight""",5.0,"November 12, 2016",27
126897,Dilaudid,pain,"""while i was in the emergency room the doctors diagonosis was that i had a blood clot in the right lung. i was given morphine, which didn't work, they then gave me dilaudid and it was a wonderful pain reliever.  thank you for the pharmaceutical advances that have been made to help me in my hours of pain.""",10.0,"December 17, 2008",57
104590,Ethinyl estradiol / levonorgestrel,abnormal uterine bleeding,"""my doctor prescribed avaine to me after i was suffering from very severe anemia caused by my ridiculously heavy and painful period. i used to bleed heavily for 10-12 days, meaning i would have to change my pad every 30 minutes or less. this is the first and only birth control pill that i have taken and i am only taking it for anemia (but consider using it for it's original purpose) and it has been a god send. my periods are significantly less painful, lighter, and the side effects are not nearly as awful. i have been taking the pill for about 3 1/2 years now and other than some nausea, spotting, and discomfort for the first couple of months, it's been great. mood swings occur, but so has breast enlargement. fair trade in my book.""",9.0,"June 23, 2011",6
165496,Levonorgestrel,birth control,"""so, i read a lot of these reviews and freaked out. i used to faint during paps. my new gyne and i decided  kyleena was best for my pcos, migraines, and piriformis that flares up during my period (i have post traumatic migraines already, but periods make it worse).  my gyne gave me cytotec to take before insertion. one 24 hours before, and one 12 hours before. the first dose made me a tad nauseated, but the second dose was fine. i also took 1000 mg of extra strength tylenol about 30 minutes before. the process was quick ( about 2 min)    but was the most nauseating pressure/cramp ever. the cramps that night were awful, but i slept with a heating pad. i was terrified, but the cytotec helped insertion and i'm very pleased!""",9.0,"June 9, 2017",0
16032,Ethinyl estradiol / norethindrone,birth control,"""run the other way! 

i started on gildess because the mail order pharmacy chose it as a substitute to my normal brand. i've been on it for 2 months and i'm up 9 pounds so far despite doing the 21 day fix over the past month. called my gyno and she asked me to come in immediately. rapid weight gain like that is apparently not good.

other unpleasant side effects seem to be alternating between rage and depression, acne on my face, neck and chest (oh baby!) zero libido, long, heavy periods with a decent amount of cramping and migraines. 

having another kid wouldn't be as bad as another month on this pill.""",1.0,"June 10, 2016",5
125962,Viibryd,depression,"""i have fought depression all my life-60  years. i have tried pretty much every medicine available. my care provider put me on 40 mg viibryd and 100 mg lamotrigine. after about 6 weeks i woke up and could face the day. i have the desire to live and no longer have to try to pull myself out of a deep pit every day. """,10.0,"January 11, 2015",120
2237,Metformin,polycystic ovary syndrome,"""i started 850mg metformin twice per day for pcos and at first it made me nauseated for about 1 week or so and then the nausea  stopped. i feel better now after being on it for aprox. 4 month's. i have more alertness and i'm not in so much pain with my ovary like i use to be. i still have pains time to time but not daily like before. i do not get bathroom problems and i've always been on the bigger side.""",7.0,"April 28, 2015",23
197947,Metoprolol,migraine prevention,"""after trying imitrex and tylenol  and countless other medications for what seems to be hormone       related migraines.  even if they worked for a short time the rebound effect was awful.  i have found it very difficult to get a physician to give me a one time dosage of metropolol.  one small dose cures me.  american doctors refuse to give me the prescription.  i finally had to go to another country to obtain the prescrption.i absolutely hate the american medical system.  i pay a fortune for insurance only for them to not care for me.  i am discusted by our greedy, price fixed, non caring medical system. why can we not get rid of our awful, overpriced, ineffective medical system?  big pharma bribes physicians with fancy coventions.""",9.0,"January 26, 2016",24
53840,Tri-Estarylla,birth control,"""i was taking tri-previfm, and then without my permission cvs switched me to this, claiming it was the same exact thing. well i'm not so sure. since starting this i've had a bunch of symptoms i've never had on the other one like rapid heart rate, pins and needles headaches, and frequent infections. i never got pregnant and it regulated my periods. but other than that... this stuff is garbage. not worth it.""",3.0,"November 11, 2015",6
84222,Ethinyl estradiol / norgestimate,birth control,"""i started this pill with the intent of settling my hormonal acne and it worked wonders! my skin is very clear and my periods are right on time and light. however, i am switching to a different pill as a trial because of the emotional side effects this has given me. my mental pms is much worse and i find myself very depressed often. i've also gained 5-10 pounds and it's harder for me to lose weight, but nothing significant. i've also noticed a slight decrease in sex drive if that's what you're into. however, there are ups and downs to all birth controls, if the next one i try isn't good then i am definitely going back to ortho tri-cyclen lo because it's overall been reliable.""",7.0,"February 24, 2017",4
98976,Lutera,birth control,"""i've been on the pill for almost a month since july 2nd and i schudeuled an appointment with my obgyn today due to this contraceptive cause lots of bleeding. i started on the first day i bleed from my last period and it's july 28th and i am currently still on my period. my doctor prescribed me lo loestrin now and i hope it helps me out. but with lutera it was a horrible experience, lots of headaches, low sex drive, many mood swings/depression. i got into many many arguments with my boyfriend this month and i had my relationship in danger!""",4.0,"July 28, 2016",3
222464,Kyleena,birth control,"""i got the kyleena inserted yesterday. i went to planned parenthood,  they were nice and it honestly didn't take long. i'm not gonna lie this did hurt a little,  but it wasn't to the point where i wanted to cry . it was just very uncomfortable and very crampy. however my doctor was very gentle and quick!!!  i bled all day yesterday with a couple intense cramps here and there but here i am the next day no cramps or bleeding..yay!! i hope this helps gals, don't be afraid to get it it really doesn't hurt that bad as everyone makes it seem.""",8.0,"August 18, 2017",2
218351,Amoxicillin / clavulanate,bacterial infection,"""i took augmentin for 3 days and developed severe tachycardia.  my heart rate even went to 180  where i had to end up going to the emergency room.  left there with orders not to take augmentin and  was given prescriptions for ativan (my resting heart rate was 130) and clindamycin""",4.0,"August 6, 2015",13
69536,Buprenorphine,opiate dependence,"""i've been on subutex for 5 years. i am now being tappered. i've been tappered 1 whole tablet in less then a month. i am trying my best to take care of my newborn and toddler. i have nobody at all that will help me with them so that i can come off. that's making me have panic attack, severe depression, and anxiety.  does anybody have any helpful advice.""",10.0,"March 6, 2015",31
84193,Ethinyl estradiol / norgestimate,birth control,"""i was previously using ortho-tricyclen (which i thought was great) before being switched to tri-sprintec in january. i have no idea if my symptoms are because of tri-sprintec. and what i have to share is much longer for me to type, so i'm probably better off having conversations to confirm my theory or doing more research.

all i can say is that for weeks, i've been waking up to excruciating pain every night in my back, chest, and stomach. it goes on for hours until i pass out from exhaustion as soon as it's over. what i've been feeling since early february has taken a toll on my body and my emotions.

some reviews say there's a feeling of dread, which is definitely relatable. i've had enough and i'm scared to fall asleep now because i know""",2.0,"March 21, 2017",3
5861,Flecainide,atrial flutte,"""i started taking flecainide acetate , it  was prescribed for two 100 mg tablets  twice a day.  i took one the first day and no ill affects. took the second one the next day and during the night had a bad attack of diarrhea for over twenty minutes  in the bathroom. after that it hit again about two hours later the same thing.  i won't do into details about what happen then, but i had a bad problem with it. i never had anything like that in my entire life. will talk to the doctor tomorrow about it , or his nurse. last time i had a bad reaction from a medicine i told the doctor and she said ( it might of been a virus)  i had viruses all my life including the flu, and none every acted like this one did.""",1.0,"November 27, 2017",0
97746,Simvastatin,high cholesterol,"""i have been taking this medication for over 15 years and have experienced the leg cramping, sleepless nights due to having to use the restroom, and pain in my hip area. but overall the medication has helped me to lower my cholesterol over the years. i will say that maybe it's time for my doctor to lower my dosage from 40mg to 20mg.""",7.0,"May 5, 2016",24
120464,Montelukast,allergic rhinitis,"""i was able to eliminate the use of four allergy medicines while using singulair. i don't have asthma or any lung congestion; but my sinuses just wouldn't stop for anything, regardless of what antihistamine i was taking, whether in pill or nasal spray form. singulair allowed me to sleep without a cough drop in my mouth and to breathe all night through my nose (something i haven't done in over 10 years).""",10.0,"May 5, 2009",83
210088,Linzess,irritable bowel syndrome,"""i have been taking linzess 290 mg for over 3 months now.  in the beginning i had a few experiences of diarrhea but not so much now.  what i cannot take is the stomach pain, gas and bloating which has gotten worse over time.  i stopped taking the drug for a few days to determine if these symptoms were from the drug and they were.  the stomach paid came right back today when i took a dose.   while it does help with the constipation it is not worth the other side effects.  back to magnesium capsules i go.""",5.0,"March 9, 2017",24
37533,Vyvanse,adhd,"""today was my first day taking vyvanse and wow! i usually have a sad down feeling and don't want to talk to anyone. i am a 26 year old college student. but today i actually made two new friends from class and went to lunch with them. i feel like i can walk in a room with confidence now. the only bad thing is i did have a mild headache around 9 pm. after it wore off and it only lasted around 8 hours with a dry mouth i am on the 60 mg dose. the other great thing is i actually felt like being in class today and took 7 pages of notes and sat in the very front of the class and wasn't afraid to ask questions! i'm happy to have found vyvanse and paying attention is so much easier now. highly recommended for people with add.""",9.0,"August 31, 2011",11
142673,Levonorgestrel,birth control,"""did anyone else produce a horrific smell after getting kyleena? i've never had a bad smell and have always taken care of myself, but now that i've been bleeding consistently, there is a horrible smell""",5.0,"August 12, 2017",4
185831,Saxenda,obesity,"""three days of this drug and i feel like the walking dead. fevers, extreme body aches and bone pain. i feel like i've been beaten by baseball bats. no vomiting or diarrhea, but i would have gladly accepted these symptoms in exchange for the ones i have. strep throat and natural childbirth have nothing on the effects of this drug.""",1.0,"December 15, 2015",12
8277,Zolpidem,insomnia,"""extremely addicting and after a while you need more and more to sleep. also, in mornings i would find cooked meals, tv and lights on, and scary time i found bicycle out front! !!  stay away from this and lanista.""",1.0,"August 2, 2015",19
29498,Topiramate,obesity,"""i  actually requested to be put on topiramate to help lose weight knowing it was a side effect and to prevent my horrible migraines. i can say it has worked for both. i started out on 50mg a night on dec.21, 2014 and at that time i weighed in at 227 lbs per doc scales. at my last check up on march 31st i weighed 203. and my migraines were reduced greatly. the thing was my body was starting to get use to the medication so they did have to up the dosage to help my migraines; i'm now on 100mg a night. the side effects subsided after about two months of taking the medication (slightly tingling in the fingers and feet from time to time, little foggy/forgetful). i can not taste and have not had one carbonated beverage since the 21st of december.""",10.0,"April 17, 2015",107
18594,Alendronate,osteoporosis,"""when i first started this there were little, small side effects. i figured over time i would get used to the side effects and thus deal with them. instead the side effects became intolerable. i would test the med by taking it while i was feeling well. i still had several side effects. finally the last time i took this the side effects me sick for two full days. terrible upset stomach, extreme gas and bloating. worse aches and pains, unable to sleep even with sleep medication. the verge of vomiting at any moment, very dizzy. extreme bone pain. several other situations happened with the last dose.""",5.0,"October 16, 2013",259
79146,Plan B One-Step,emergency contraception,"""to all the ladies reading the reviews and stressing out stop. this pill is very affective but stress will delay your period even more. mine finally came today 9 days late. and i took the pill on day three after the 'accident'. i just kept stressing and stressing having parsley in tea and taking in lots of vitamin c and cinnamon paranoid. reading reviews all day. the incident happened like 5 days before my period was supposed to start so this waiting game seemed like forever. my friends kept telling me to relax but i felt like i was going to die being 18 and all with overprotective parents. it was my first time and it didnt happened all the way but my friends told me about precum so i was terrified. having bad cramps right now and bleedin:d""",9.0,"September 22, 2016",18
7804,Xanax,panic disorde,"""this medicine is a life-saver. before i began taking xanax the suffering i endured was indescribable. i panicked when i rode on trains or buses. i almost went out of my mind if a train stopped or slowed down between stations and i could not get off. i felt trapped. 

  during a job interview i suffered such a severe panic attack that i wanted to flee into the street. my doctor prescribed xanax and i was able to start and continue to work. otherwise, i would have committed suicide. fortunately, i get a generous supply each month, which i use up.

i've heard horror stories from people whose doctors will not prescribe benzodiazepines at all. also, some states place unnecessary  red tape on xanax prescriptions.""",10.0,"May 30, 2011",10
25378,Golimumab,rheumatoid arthritis,"""was ready to retire from teaching from the pain and tiredness from difficulty walking from ra. simponi gave me my life back. reduced immune system from ra meds given as reason for legionnaires disease but benefits far out way any negatives. at 7.00 am about to go on extended world trip.""",9.0,"February 25, 2017",15
218284,Amoxicillin / clavulanate,sinusitis,"""i was just prescribed amoxicillin clav 875mg- 2 pills a day. i'm going on my 3rd day of meds. the first day i had a horrible headache but i'm prone to them and the weather was rainy too. soo i figure that could have been something else. the worst thing i have experienced is the nausea. it happens a few hours after i have taken a dose. i've been taking the meds with a half bottle of water. i sip some milk and eat cereal along with it each time. usually a few hrs after dose and or when i eat i will have to go to the bathroom. somewhat loose stool. may be the nausea but i also feel sick/feverish a few hours after the pill but i do not have a fever. comes and goes.""",7.0,"March 12, 2016",8
53884,Immune globulin subcutaneous,primary immunodeficiency syndrome,"""easy to use and keeps my son very healthy.  the only side effect he has is redness and swelling at the infusion site, but that clears up within a few hours.""",9.0,"July 27, 2010",4
172037,Amitiza,"constipation, chronic","""my doctor put me on the 24s twice a day with meal. despite always taking it correctly, it always gives me unbearable nausea and occasionally diarrhea. for me personally the side effects make this medication very unbearable. however, i gave it a decent rating because it certainly gets things moving along. the first day i took it i passed stool 5 times which seemed excessive. overall, it's up to you to decide if you feel better or worse after taking it.""",8.0,"September 26, 2015",29
144211,Etonogestrel,birth control,"""so far i've had a positive experience with this. i'm on my second one. in march of 2017 i will have had it 6 years. no periods at all. none. no spotting. no depression. no mood swings. no hairloss. no decrease in sex drive. no pregnancy's. i will say i've had a decrease in appetite and gained weight. i'd say probably 30ish lbs in 5 years, but i wouldn't say it's been impossible to lose i've been dieting for one month now and have lost 15lbs. i know that it isn't for everyone but it's been good for me insertion left minimal bruising the first time i had it done and on removal and reinsertion it bruised a little worse and was more sore but that's mainly from the first one being removed. i will be getting my 3rd one done in march. (:""",10.0,"June 6, 2016",9
192373,Drospirenone / ethinyl estradiol,acne,"""yasmin changed my life!

for the past year or so i started breaking out due to hormones (it only happened the week before my period) & getting horrible pms. about 2-3 days before my period, i would get very irritable and grouchy, to the point where it affected my work and social life.

i went to my doctor with these problems & she recommended yasmin.

the first 6wks or so, it was horrible. i broke out even more, gained about 10-15lbs, & that led to a slight depression. but people told me that is just what happens when your hormones adjust to new birth control?

i'm really glad i stuck through because my acne is now completely gone and my pms levels have decreased by at least 75%, feeling so much better!""",10.0,"April 17, 2015",12
160472,Buspirone,anxiety,"""this is a great medication! i started off on 5 mg which didn't do much at all, so then i was bumped up to 10 mg and also put on 25 mg of zoloft. i take buspirone 3 times a day whenever i feel anxious and it works so well for me. the only side effect that i have experienced with this are slight brain zaps, however they went away for me in 3-4 days! i recommend this highly.""",9.0,"January 13, 2016",14
4139,Atropine / diphenoxylate,diarrhea,"""i am taking lomotil because i had surgery. then bone infection set in and i had to take iv antibiotics which caused extensive diarrhea.  the first day i took lomotil, it worked great for about 10 hours, but the following days, decreased in its effectiveness. by the third day, it was no longer working for me, but i attribute this to the antibiotics.  i will have to let my doctor know so that he can possibly prescribe another anti-diarrhea medicine or change my antibiotic.""",2.0,"May 2, 2010",25
200277,Varenicline,smoking cessation,"""i have tried to quit many times and nothing worked. i have been on chantix for 15 days and today is day 3 that i have not smoked. i smoked anywhere from a 1/2 to a pack a day and i am 29 years old and i have smoked since i was 15. it doesn't even make me want one and i cant believe that before 2 weeks of taking chantix i have quit.  my sister even quit using chantix and she has been a non- smoker for a couple of years now! you can do it using chantix!!!!""",10.0,"May 16, 2014",46
30447,Klonopin,3</span> users found this comment helpful.,"""i have been on all anti-anxiety medicines (lexapro, paxil, effexor).  personally, when i take an anti-anxiety medicine that is also used for depression, i do not respond well at all.  even with dose adjustments nothing worked well.  i was prescribed klonopin five years ago. it last longer than xanax and in my opinion is more effective for me. i started on 0.5mg 2 xs a day.  now i'm at 1 mg 2 x a day.  that's not very much. i'm 200 lbs.""",10.0,"February 22, 2009",3
50205,Gabapentin,peripheral neuropathy,"""i have been taking 300mg of gabapentin 4 weeks ago for moderate neuropathy.  my biggest problem was radiating intense pain from the little toe on my right foot.  within days, my pain was totally gone.  however, i am constantly very sleepy.  hopefully that will subside over time.""",10.0,"December 2, 2014",142
117442,Nortriptyline,migraine prevention,"""i was given this medicine to take daily to prevent migraines, and i don't know if it worked because it threw me into the worst depression i've ever dealt with in my life. at the peak of this i had a panic attack so bad i was considering dropping out of college! luckily i realized that the pill was making me feel this way and as soon as i stopped it the depressive episodes and anxiety went away. i was on a small dose too. terrible. be careful with it if you have a history/predisposition to depression/anxiety""",1.0,"April 26, 2017",19
28717,Lexapro,depression,"""i was put on lexapro 4 years ago. i didn't think it was doing anything except keeping me from having to run to the bathroom all the time after an intestinal infection. it did a good job at that but 3 months ago i did not have the money for the copay and thought i could do without it. i was so wrong. i am so depressed and anxious i can barely stand it.  i started back on it last night and hope it kicks in soon. if this lexapro helps again i do not plan on going off it again. the side effects are minimal. """,8.0,"November 19, 2011",13
146497,Tamsulosin,overactive bladde,"""i went from having to go to the bathroom 5 or 6 times in one night to just once but, i had severe shortness of breath. had to quit taking it.""",6.0,"January 18, 2017",22
58283,Acetaminophen / hydrocodone,pain,"""i am 22 years old and have had 2 micro-disc surgeries on the l5. the first on 1/19/04, the second on 7/19/04. i'm 5'10"" 125lbs. for a couple years i relied heavily on ibuprofen due to lack of insurance, and was taking 8-16 a day depending on weather conditions and working conditions. i now have insurance and have been taking vicodin 500mg up to 3 times a day for almost a year now and live a more painfree life.""",9.0,"April 14, 2008",69
190525,Oxybutynin,hyperhidrosis,"""i've been suffering from sweaty palms and feet since i was really little, but now at 15, it has really started to impact my life. as a child, i thought it was normal to have clammy hands and feet  but as i hit puberty it got very excessive and my armpits started to sweat heavily as well. it never really bothered me until high school ,as people would make remarks which hurt me as i couldn't help it. it was embarassing and made me constantly self conscious. i started taking lyrinel 1 week ago and i sweat like a normal person! my hands and feet are dry, unless i'm clenching them for a long time, they'll get a bit clammy. my pits barely sweat. this stuff is a life saver , although it makes me drowsy sometimes and gives me a dry throat.""",8.0,"June 18, 2017",13
173981,Valium,anxiety,"""i have suffered with anxiety and severe panic attacks for many years.

it is a godsend. initially anyway.

i have noticed over the years i've had to increase the dose i take (which i've never taken daily).

5mg of diazepam  (valium) never did much for me. but 7.5mg used to have a perfect effect. these days i need 15mg for that same affect. 

its a shame. and i thought i wasn't abusing it because i didn't take it daily. (generally 2 or 3 times a week, depending how i felt).

i'm still giving it a high rating for the many times its helped me.  

but even taking it as prn has eventually caught up on me. if i don't take it for several days i start feeling sick. 

devastated to lose a medication that can work so well.""",8.0,"September 2, 2017",8
9207,Lo Loestrin Fe,birth control,"""after a few years of not being on birth control i decided i needed to go back on it because the out of control mood swings and irrationality during pms paired with the completely dibilitating back pain i was experiencing during the first two days of my period were ruining my life. 
month 1: rough. crazy emotions for the first two weeks. i could barely sleep for the first 9 days. my skin and hair got very oily and i got a couple pimples which i never do. my boobs got bigger without weight gain.
month 2 - spotted for 1 day instead of a period but still had pms mood. no back pain. skin and hair a+. no weight gain.
in the months since then i haven't bled or pms at all but my back pain is starting to come back in waves so i might discontinue.""",8.0,"June 13, 2017",7
223970,Epinephrine,"asthma, acute","""i was born with asthma had been in and out of hospitals since birth.  when i was old enough to use my own judgement on inhalers i decided to try primatene mist.  i have used it for over 20 years.  i only need to use it...maybe...2 times a month...if that.  nothing the doctors gave me ever worked.  primatene mist keeps me out of the hospital and home with my family.  """,10.0,"March 22, 2012",11
35064,Levofloxacin,pneumonia,"""i was prescribed this medication after having chest x-rays showing i had pneumonia. wasn’t given any other option. i first learned about a few side effects when i picked it up from the pharmacy. on day 2, i couldn’t sleep at all even though i was exhausted. after a few days i skipped it because i had pain in my feet and wanted to sleep. i was able to sleep after not taking the next dose for over 24 hours. then i took half a dose then on until i finished. i seemed to feel better with just half (i’m small), but now over a week later and i have awful pain in my feet when i walk and if i walk more, it feels like the bottom inside of my feet are swollen even though it doesn’t appear they are swollen. don't take this stuff!!""",2.0,"July 6, 2017",4
203882,Suvorexant,insomnia,"""i have suffered from insomnia for many years after doing shift work.  i feel i have exhausted all other meds that were given to me......trazadone, lunesta, seroquel, ambien, etc.  nothing worked.  then this wonderful drug came into my life.  for the first time in many, many years i was able to sleep 7-8 hours after taking belsomra.  i never felt better than when i took the belsomra.  my happiness faded fast as my insurance company wouldn't cover it and it was far too expensive for me to do on my own.  my insurance required that i try three of ""their"" listed medications before they will consider covering this.  even then my co-pay would be $80 per month.  still out of my reach.  can't wait until there is a generic.  definitely recommend!""",10.0,"November 20, 2015",21
129323,Levonorgestrel,birth control,"""i'm 22, one child. i got the iud inserted i wanna say about 3 months ago. the surgery was just a quick pinch that gave u normal menstrual cramps during/ afterwards. something any female can get over. i suffer from the wonderful thing of bv and that first month or so i was bv free prior to insertion, had a regular period with same symptoms but actually ended earlier and got slightly lighter. after my first period i didn't spot or anything. had nipple soreness, oily skin, acne, headaches that next month thought i was pregnant but ended up having a late period i've been bleeding every since(about a full month) and now i'm just waiting for another full period to come. trying to wait out first 6 months before i decide to get it removed""",6.0,"September 17, 2015",4
177228,Duloxetine,depression,"""had panic attacks and major depression. this medication changed my life for the better. been on this medication for almost a year. takes about 3 months to feel the full effect. if the dose is too strong you may feel worse. its trial and error.""",10.0,"June 28, 2017",36
28237,Lexapro,depression,"""i was tired all the time. everything stressed me out. i was very negative. i found fault in most things. i was irritable most of the time. my thoughts raced with negativity most of the time. i withdrew socially a lot because other people upset me most of the time. i lacked compassion for other people most of the time. i felt like life was worthless. lots of trouble concentrating at work. trouble sleeping. more depressed in winter time. these problems progressively got worse as i got older. the doctor gave me lexapro. i noticed some changes the 1st day i took the medicines but it took a little over 4 months to take it's full effect on me. i'm almost exactly opposite of who i used to be now. lexapro changed my life.""",10.0,"January 12, 2015",254
166995,Levonorgestrel,birth control,"""i have had my iud for almost a year now and theonly positive thing about it is that i have not gotten pregnant. i've gained so much weight and just can't seem to get rid of it. my sex drive is completely gone. i bleed more days a month than i don't. i'm really very unhappy with it. i plan on calling my doctor on monday to schedule an appointment to remove it.""",4.0,"June 23, 2016",2
61701,Citalopram,obsessive compulsive disorde,"""i suffered from severe panic attacks and ocd, particularly checking. i have been on 20 mg of celexa for 7 years and am a new person. i have never had a side effect and handle stress with ease. i still engage in some ""checking,"" but have been panic attack-free and lost many of my other ocd behaviours.""",10.0,"April 25, 2016",30
24184,Tretinoin,acne,"""i've been on tretinoin .025 for 5 weeks now and can't decide whether to continue. i've always had super oily skin, and this product has had no effect on the oiliness. i see so many people discuss moisturizing methods and peeling, yet i've had nothing even close to that. i wake up and my skin is just as oily. i used to have mild cystic acne, and i'm glad to say this product has eliminated that. now i get smaller bumps that never really come to the surface and just stay there. it's really frustrating because they don't really go away yet they are small and hard to notice. i worry i need a stronger percentage but my doctor doesn't think i should. i'm really having doubts on whether to continue or not help!!""",6.0,"August 16, 2015",6
163118,ella,emergency contraception,"""had a small accident early hours of 18th june took ella on 19th june at 10am then today 20th june started bleeding considering i'm only 14 days in to my cycle so its my normal ovulation time was recommended to take ella one 
had no reactions when i took tablet this morning slight cramping then came on so doing as its supposed to 

it is the first accident we've had since my daughter arrived so don't want another baby just yet""",8.0,"June 20, 2017",1
138419,Phentermine,weight loss,"""started phentermine january 15, so almost 2 months ago. i'm 5'2 and my starting weight was 151lbs. i'm now down to 126lbs! lost weight really fast during the first month (about 20 pounds). weight loss slowed during the second month but i wasn't eating quite as healthy as the first month. i'm trying to lose 10 more pounds, so we'll see how it goes! i have a little over 2 weeks of phentermine left, so hopefully it will help me.""",8.0,"March 8, 2014",25
153803,Amoxicillin,bronchitis,"""i started taking amoxicillin on friday evening for bronchitis and saw major improvements by that sunday. i noticed that following wednesday i started having some diarrhea, and now today, i am having major diarrhea that caused me to miss work. i am taking the amoxicillin twice a day for 10 days. i will complete the regimen but hoping the diarrhea goes away soon.""",10.0,"February 4, 2016",3
115588,Drixoral Cold and Allergy,cold symptoms,"""my boyfriend got me on drixoral. it's the only thing that works with my family when the cold season comes around!  my whole family loves it!  why did they discontinue it and i'm praying that the company that makes it will definitley bring it back!""",10.0,"September 9, 2009",10
60120,NuvaRing,birth control,"""i have been on birth control for 10 years, 5 on the patch then 5 on nuvaring. i love the ring, but i did get side effects like sore breasts and low sex drive, which i think goes with any hormone birth control. my skin cleared up and no babies so it was great, and really easy. i stopped when it started giving me either a yeast or bacterial vaginosis infection every month around the same time in my cycle. i would take it out and wash it to help prevent. it is down on the list of side effects, but i haven't found anything with less side effects so i'm going to go back on it again.""",8.0,"November 17, 2012",6
90757,Chateal,birth control,"""i've been on this pill for a month and a half since planned parenthood switched me from reclipsen. i've never had any side effects from my pills that i've used, i started with diane when i was 18 because i had severe acne and it went away with the pills like two weeks after i started! so happy i did that. after that they switched me to jasmine which was fine, then reclipsen which was fine and then chateal. 
i've had two side effects with this pill so far, nausea and headaches. it hasn't been that bad though and i hope they go away. i feel like if you have a lot sideffects with pills, you will have them with all pills, and you should choose another method. this is the birthcontrol that is for me but not for everyone!""",9.0,"September 27, 2015",9
181645,Prozac,obsessive compulsive disorde,"""in 1990 (age 45) i had a nervous breakdown. i did a lot of strange things and ended up in a mental ward. because of medication i was taking i developed a problem with simple walking. while at the hospital, i decided to re-teach myself to walk normally. i practiced all the time. i got it right by the time i left but i found it was now impossible to stop walking back and forth, i was pacing all the time. this went on at least a year. then my doctor thought that prozac would possibly help me. after starting prozac, 2 weeks into it, i sat down and no longer needed to pace.....aaaahhhhh...peace at last. i continue to take it for depression, no side effects noticed.""",10.0,"August 15, 2013",83
91943,Lyrica,diabetic peripheral neuropathy,"""i just started .75 mg. lyrica two nights ago.  helped me sleep and not annoyed by rls or diabetic nerve annoyance (not pain).  also, have had issues with back pain and it seems to be helping after such a short time.""",6.0,"August 1, 2015",28
136046,Acamprosate,alcohol dependence,"""i have been on campral for only five days now. previous drinking was about 3 cases of beer a week and two of those being on the weekend.  past weekend - as everyone else here has reported - no cravings for beer.  usually, if i was trying to not drink on the weekends, the craving would be persistent about every two minutes. it just didn't have the appeal.  really weird but it seems to be working.  also, not centering the day around being able to drive, and i know a dui was getting very close. that is what scared me into doing something and i am glad for doing so.  the cost savings of an estimated 300  dollars per month is already felt. so went shopping since i could drive and had extra money. small reward.""",9.0,"August 25, 2010",37
64144,Sertraline,panic disorde,"""i'm 19 years old and have been on sertraline for 4 weeks now they're definitely starting to work the first week was a few side affects but nothing major just a bit nervous that's all, i can definitely tell i'm starting to feel better! i use to have 3 panic attacks a day and worry all day everyday but now it's like i don't get any anymore maybe now and then i can worry but not as much as i use to , it takes 4-6 weeks to work anyway , they're amazing i feel so much happier and first time in months i went out for a meal without having a panic attack as the tablets feel like they blank noise out more and i didn't even concentrate on people around me or i don't have thoughts about dying going through my head all day everyday anymore ! recommend them!""",8.0,"April 4, 2017",4
93984,Trintellix,depression,"""i've been taking trintellix for about 3 weeks and have been miserable. i know a new medication takes about a month before being able to tell if it works. from day one, i have had a headache, crazy dreams, a constant banana taste and cotton mouth. the dreams are disjointed, overlapping and exhausting. the banana taste is like that artificial flavor like taffy or snack cakes. it is constant, even after eating pickles. i am constantly drinking something to try to get did of the cotton mouth. i have a traumatic brain injury so my brain is wired differently. i'm taking 450mg lamictal and 300mg wellbutrin and now trintellix along with it. i have a feeling that i'm going to have to stop taking the 10mg of trintellix""",2.0,"February 27, 2017",26
147222,Alprazolam,anxiety,"""i suffer from anxiety/ panic attacks as well as live a somewhat stressful life style. xanax has been my life saver and has been a tremendous aide in allowing me to continue  to function in life on a daily basis. truly a blessing in my life 100%.""",10.0,"January 4, 2013",77
148305,Norethindrone,endometriosis,"""having no periods every month is wonderful and all my pain from endometriosis has subsided. i feel wonderful, but did experience quite a bit of weight gain with this medication but in the long run it is worth it.""",9.0,"November 19, 2009",41
88501,Adderall,adhd,"""i take adderall for adhd, simply put my gpa in college has literally doubled to 3.5, school is easy now. this medicine is like night and day. i'm glad it only lasts for a certain time 6-8 hours. i have zero appetite on the medicine and lost 15 lbs in two weeks when i started these pills. aggression is increased. adderall is amazing. listen to your doctor and do not take more than you are supposed to.""",8.0,"July 23, 2009",69
182428,Mirena,birth control,"""i've never had children, and don't really ever plan to, so i wanted something that wouldn't require going back to the clinic every 3 months. plus, the whole not getting periods thing was a major plus. 
the insertion was pretty painful. i tend to have a pretty high tolerance, so it wasn't the most pain i've ever experienced, but it certainly wasn't comfortable. luckily that part didn't last more than a few seconds. 
the cramping the first day was really bad. the first week or so i used a lot of ibuprofen and did some deep breathing. it has been a week and my cramps are totally gone, i haven't had any bleeding, and i'm very happy with it so far!""",9.0,"January 29, 2010",7
5895,Opana,pain,"""i have been taking 4 of the 40mg for about two years, because it works better than anything else i have had, and that is every other narcotic, for my spondilolisthesis. it kills the pain and i can work like a 20 year old and do everything i want, but without it, i feel like the 48 year old i am. i highly recommend this pain medicine to anyone with chronic pain. i would much rather take these than have bone fusion surgery. """,10.0,"May 11, 2008",135
183199,Cymbalta,depression,"""i have taken cymbalta 60mg for 30 days after being on zoloft with wellbutrin for almost a year. i'm feeling better every day. i have been able to do things that i have been unable to do for years such as cooking. depression is lifted this medication is god send!""",9.0,"June 21, 2013",91
154919,Metronidazole,diverticulitis,"""oh, man,am i ever sick....yes, the lower abd pain is getting better, but!  i am on methotrexate and am having blood in my stools...i didn't see anyone else mention that....so, tomorrow is thanksgiving, but i guess i'll try to contact my doc and see what he says...i'm on day three almost...if i take it tonight???!!  i was prescribed cipro and flagyl in the er for acute diverticulitis.""",7.0,"November 24, 2016",28
114136,Amlodipine,high blood pressure,"""just completed my first week of amlodipine. i take 5mg once a day. my blood pressure went from 140's/100's to 115/80's. i have experienced absolutely no side effects. i'm young, in shape, and pretty active. i'm so happy to find a medication that works for me.""",9.0,"June 29, 2011",35
81306,Yaz,birth control,"""i have been taking yaz now for a little over a year, and i have noticed a few effects of it. some good and some bad. 
it cleared up my acne a lot, made my periods way lighter and less painful. 
the bad side effects are that i almost completely have lost my sex drive, also it makes my eyes super sensitive, i always have to wear sunglasses and can barley wear contacts for about 3 hours. 
when i first started taking it i got really bad nausea but now i don't.""",9.0,"August 5, 2015",11
117581,Nortriptyline,migraine prevention,"""i have been using this medication for a year now. i was on the basketball team my freshman year (i'm a sophmore now) and unfortunately suffered a severe concussion.  this medication is my lifesaver. in december of 2013, i had to go on home hospital and i was on home hospital for 8 months until august of 2014. i first tried steroid type medication for a week and it failed. but i was on this medication soon after, 10 mg, then 20 mg and then 25 mg over the course of 8 months.  it has worked wonderfully for me and i have been able to go back to school. the only reason i am giving it a 9 is because it also caused me to have slow thinning hair loss on my scalp, eyebrows, and eyelashes, however this was my experience and i still suggest using it.""",9.0,"November 14, 2014",44
149488,Mirena,birth control,"""i'm 18 with no children and had mirena inserted about 3 weeks ago. the procedure was pretty painful for me but it went quick and no tears so i got through that. i got right up and continued on the cramping, started instantly and was pretty intense, so i took something for it and called it a day early. i got the mirena inserted for regulation of my period, and because i'm leaving for college and am aware that my schedule will get hectic so i wanted new source of birth control (i've been on the pill since 12/13 yrs old) . i haven't had any other symptoms besides cramping. i rarely cramped before so this cramping to me is intense. they usually aren't continuous cramps, in and out something like a spasm.""",7.0,"June 14, 2013",30
47610,Tapentadol,pain,"""i have rheumatoid arthritis, fibromyalgia and had a knee replacement recently. i was having a lot of pain and the short term medicines were not helping.  i switched to this on the advice of my physician and it is the difference between night and day. one pill in the morning and one at night keep me from derailing.  i am able to do my physical therapy, go to work, and have energy for the first time in a month.""",9.0,"October 15, 2012",58
158533,Methylphenidate,adhd,"""my son has been on this patch for a year.  we started at 10mg, and are moving to 15 mg now.  it has (by far) been the best adhd medicine we've tried. we have had pretty minimal skin irritation issues overall.  sometimes the backing of the patch is hard to peel, but 15 seconds in the freezer solves that problem.  by far our favorite adhd medicine.""",10.0,"November 11, 2014",25
133983,Ashlyna,birth control,"""i have been on this birth control for 5 and 1/2 months. the first pack was alright, i had a little breakthrough bleeding for about a week but it stopped and then i had a very nice and light period when it came to the end of the pack. however, since i have started my 2nd pack, i have been on my period nonstop since week 4... it is now week 11. another fun side effect i found is that i have gained a ton of weight. needless to say, i'm switching birth controls.""",1.0,"November 6, 2016",2
202690,Hydroxychloroquine,rheumatoid arthritis,"""the first time i took hydroxychloroquine is last year in march.
i was swelling and after taking the drug 200 mg for a few days, my swelling subsided and i was feeling normal again. i found it best to take after lunch but had to take it everyday. i did try to skip a day or two a few months after that but i can see and feel the swelling come back. after that, i try not to skip taking the drug. i was only able to stop taking this medication last august of this year, when i was determined to be happy and accomplish in what i wanted to learn. i accomplished that and went on without the drug until end of october (2 months). i gave up hope learning that topic and feel ra coming back now. i will try not to give up that topic so can stop taking drug""",8.0,"November 3, 2016",10
228955,Tadalafil,erectile dysfunction,"""i had tried viagra without any positive results, before my doctor switched me to cialis (20 mg) tablets. i take one tablet, usually an hour to 3 hours before intercourse. what a difference this has truly made in our lives. we had gone two plus years without real sex, mostly just foreplay. now, with cialis, i am rock hard like my younger days and can go for hours. i always wake up with a pitched tent the next morning . sometimes i do wake up with a mild head ache as a side effect but that is really all.""",10.0,"March 27, 2016",54
136851,Sodium hyaluronate,osteoarthritis,"""had first series 6 months ago and had to wait the full six weeks for relief. i would say that the pain subsided at that point but not completely. i have just completed my second series six months later and the relief was immediate and complete. i am pain free! had some headaches at the back of my head but nothing bad enough that i would not continue with this life changing experience.""",10.0,"May 19, 2012",54
202304,Benzoyl peroxide / clindamycin,acne,"""i've had acne for 5 years now. i'm 11 years old with horrible, horrible breakouts! i finally visited the dermatologist, & they told me to try acanya and solodyn. i've used it for a day now, and my skin is already starting to clear up! i'm excited to get farther into the process and see how it helps my breakouts.  no side effects so far!""",7.0,"April 16, 2013",14
168838,Vilazodone,depression,"""these reviews have confirmed what i've been thinking for a few months now. i've been waking up at 3 am like clock work, i'm irritated at the smallest things, gained 20 lbs and just feel down all the time. i was on effexor and zoloft for years until they stopped working for me so my dr tried me on viibryd.  worst move ever. i want to beat my fists against everything and everyone.  going to see him next week and demanding to be changed to something else.""",3.0,"February 5, 2014",67
161692,Remeron,depression,"""took for the first time last night slept perfect. did wake up groggy for the first 2 hours, small price to pay. i have been on over ten different meds and this by far works wonders.""",10.0,"April 8, 2015",80
186251,Desvenlafaxine,anxiety,"""i have been on this medicine for about a year now and i have to say it has completely changed my life. i suffer from extreme panic disorder and generalized anxiety disorder. it was to the point that i could not be left alone without having a panic attack. i couldn't drive on my own, had trouble going to work, it was spiraling into a dark depression so i finally decided to try some different medicines to see which would work the best. i tried zoloft and it intensified these feelings of terror, i tried to stay on it but just could not stand it any longer. then i found pristiq, it has been an absolute miracle to me. i can do more now than i have been able to for years! i am elated to have found this. i feel like i can face the day!""",9.0,"April 6, 2013",64
114315,Nicotine,smoking cessation,"""i definitely believe that the patch works and i have quit smoking with it. the only problem i'm having is where my patch goes on i've received some blisters after use. i do not think this is normal.""",10.0,"November 5, 2013",8
10340,Breo Ellipta,copd,"""i was excitied to try the breo ellipta.. i have severe emphysema & 73 years old.. at first i found that i could breathe longer during the day without using my rescue proair so much during the day... after 6 days, i found that when excerting myself for a longer period of time, ( grocery shopping) that i would run out of air...my chest felt tight & my proair didn't seem to rescue me as before...it was a little frightening...""",5.0,"July 23, 2016",28
30050,Klonopin,panic disorde,"""caution: this medication is highly effective for almost every anxiety disorder that exists, somewhat too helpful which is how it's easy to abuse it; but doing so will be life devastating. using this drug responsibly at a reasonable dosage is highly effective managing anxiety disorders and i testify that it compliments antidepressants very well. daily users need to be proven the benefits outweigh the risks. taken daily for 5  years, still as effective and no need to 'up my dosage'.""",9.0,"August 23, 2015",71
201201,Zoloft,social anxiety disorde,"""the drug worked in the sense that it completely numbed me, at least mentally. it also numbs you a bit from the waist down if you are on a high enough dosage - you will have little to no libido. i felt like a zombie and have never experienced this much apathy in my life. i was only on 50mg and started to feel this way after 2-3 weeks. i continued on until 7 weeks to give my doctor the benefit of the doubt. i have never cared less about everything in my entire life - relationships, work, physical activity - i had no motivation for any of these any more. i would come home from work and just sleep until the next day due to lack of motivation. extremely scary, would not touch it again.""",2.0,"September 1, 2016",24
151082,OxyContin,chronic pain,"""i have been prescribed oxycontin 60mg for well over 6 years now in just in the last 2 months i have gotten a refill  i know for a fact that either the manufacturer or where they get  their medication through there has been a shortage of the medication per the dosage compared to what it used to be. i don't know at what level this is occurring .  whether this is another government regulation that says if someone is prescribed 60mg tablets the manufacturer is only allowed to put 30mg in that tablet?  i have been on this same medication for a long time and starting december 2015 and january 2016 my medication has been shorted. my body goes through tremendous withdrawal symptoms each month i refill this medication.  i need an answer.""",8.0,"January 24, 2016",70
32182,Wellbutrin XL,adhd,"""i started taking 150 mg of bupropion (the generic wellbutrin) and after a couple weeks doubled it to 300 mg after my doctor told me to. exactly one week later i broke out into the biggest, puffiest, itchiest hives all over my body. my joints also became swollen, stiff, and painful. my throat was also sore and tight. i ended up in the er. 

what's really sad is that it was working wonders for me! i studied half as much and it was twice as effective, my test grades were great!

i'm now trying to decide between effexor or straterra.""",8.0,"November 30, 2009",54
60743,MoviPrep,bowel preparation,"""easy put this product in perspective if you've had lots of colonoscopies. get every 1-2 yrs since young adult. i have issues w the 1s that contain vast amounts of liquid; not yummy either & i have more nausea bc too much liquid too fast. this product, by far the best i used, also prefer to otc method. smell is lemon, like lemon cleaning products. don't sit smelling before, just drink it. it tastes of salty lemon gatorade, so don't use lemon gatorade as your extra liquid. w this stuff i had less cramps, 1 of the easiest to take, & cleaned me out great. side note makes process easier & cleaner, stop eating seeded food (&nuts) another 24 hrs before diet starts, anything w seeds including berries & certain veggies (carbs & protein are good).""",10.0,"November 2, 2015",13
173652,Brexpiprazole,major depressive disorde,"""prozac kept me ""in check"" for around 30 years until it ""pooped out"".
when added to the 20 mg of brintellix, the addition of 2 mg of rexulti has significantly improved my mdd symptoms. i began with the starter pack and went from 1/2 mg for a week, 1mg for a week and then to 2mg which i have been taking for the last 3 weeks.
i have not experienced any side effects and fortunately my dr. has been providing samples to me until i can find a way to obtain this drug at an affordable cost.""",9.0,"March 11, 2016",45
139399,Armodafinil,depression,"""provigil then nuvigil (slightly less expensive) helped save my life.  took provigil first, switched to nuvigil (same effect), for 6.5 years now.  day one value, no side effects as far as i know.  still same dose (250mg nuvigil, equivalent of 200mg provigil), never increased or decreased.  effect same today as day one.  note:  i've been on a ""cocktail"":  20mg lexapro and 1mg klonopin daily, plus daily mindfulness meditation and weekly cbt. but 6.5 years of lovely life after 3 terrible episodes of major depression in under 6 years.  certainly have ups and downs, but not severe and brief.  if i run out for a few days i'm grumpier, less resilient but nuvigil greatly clarifies my thinking and energizes me.  it's not for all, but miracle for me.""",10.0,"April 9, 2013",65
72020,Tramadol,pain,"""after a 3-month heavy regimen of surgeon-prescribed oxycodone due to a head-on collision, the oxy was replaced with generic tramadol 50 mg, 1-2 tablets every 4-6 hours. at first i hated it, the numerous side effects caused more suffering than my injuries. i later saw a pain-management specialist who lowered the dosage considerably for my 90-lb frame to 25 mg every 8 hrs and i've had much improvement. my pain is more tolerable, i have no more side effects, nor do i need to sign a waiver to obtain it. most importantly, i can now  function more normally and even drive short distances again. in my case, the correct dosage is the key to success.""",7.0,"August 4, 2016",23
220295,Amitriptyline,cyclic vomiting syndrome,"""i really like this medicine because it calms my nerves right down. i am now entering week 3 of a rather bad episode of cyclic vomiting syndrome. (started 5/3/12) but any how when i can keep them down these are the best for my nerves and reasonably priced as well.""",8.0,"May 17, 2012",17
48728,Ethinyl estradiol / levonorgestrel,birth control,"""before i started it, i was mortified of it based on all these terrible reviews. within 2-3 weeks women were complaining about hair falling out, suicidal, nausea, mood swings, heavy bleeding and so forth and so forth. i'm going on 7 weeks and haven't had not one of those symptoms with a slight exception of the nausea. i get nauseous probably once every few days. sensation last for about a minute and it's gone. i can't even pinpoint the bc is the culprit. my experience with chateal has been a breeze so far, and i hope it stays that way. so don't let these negative reviews steer you the wrong way. everyone is different and it clearly works great for many, not all but many. most importantly i'm not pregnant!!!!""",10.0,"March 27, 2017",14
18835,Solifenacin,overactive bladde,"""i'm 21 and recently started taking vesicare, at first it was 10mg but i literally could not poop i would go 2-3 days without pooping and had severe heartburn. my doctor lowered it to 5mg and it helps a bit with the urinating but i do notice in situations where i'm stressed it doesn't seem to work as well but when i'm relaxed its perfectly fine. also, with the 5mg i'm still having constipation and only poop about every other day and i'm still having bad heartburn every few weeks or so. i'm not sure if i want to stick with this medication or not because i should not be having this bad of heartburn at 21.""",9.0,"June 11, 2016",30
52694,Barium sulfate,computed tomography,"""the taste of the mochacinno smoothie was very tolerable. tasted like watered down chocolate milk but with enough flavor. i was to drink 2 450ml bottles. one before bed and one 45 mins before my scheduled ct scan. first dose went down very smoothly but caused alot of gas. second dose was fine until about half way through where it just wasnt appetizing anymore. second dose caused some loose stool about 30 minutes after and then evolved into pretty significant diarrhea. definitely take the whole day off after your scan. overall not as bad as i though it would be. definitely drink lots of water for the following 24 hours after your scan.""",10.0,"August 10, 2016",5
67182,Magnesium hydroxide,constipation,"""i tried everything.   i'm 70 and have had chronic constipation.   nothing worked.  today i was miserable!  but, then i decided to try what my 98 year old mother in law took every night of her long life.  mom!   i also know a woman who is 104 and takes two tablespoons every night of her exceptional life.   both these women had no side effects and regular as clock work.    i took 2 tbs of the cherry flavored mom at 10am and at 2:30 it worked !    try it, people :)""",10.0,"May 6, 2015",38
24721,Lactase,lactose intolerance,"""if i could give this product 0 stars i would. i took this pill twice and felt that the product worked fine. a couple days later, and i was experiencing the worst abdominal pain and cramping i've ever had. it put me into the hospital. i'm on my 4th day of misery and i promise i will never take this again. i would rather experience what i usually do after eating dairy. it's not worth the risk of seeing if it works for you. it's going into the trash.""",1.0,"July 4, 2015",15
189764,Oxycodone,pain,"""oxycontin controls the pain i have from various disorders. i still have pain (i'm on 80 mg twice a day), but it's so much less and i can do so much more. """,10.0,"May 27, 2008",53
98759,Nexplanon,birth control,"""i love nexplanon. i started it about 4 months ago and it hasn't been at all terrible for me. i've been having lighter periods that last for about a week and a half. it's not that big of a deal because they are so light. i also don't get cramping at the level i used to get it. i'm hoping my period will stop all together, but either way it's still so much lighter than what i used to have before. i haven't gained any weight except maybe a pound or two but that's because i already had a weakness for sweets. i also didn't have any acne problems. i'm 16 and my skin has been as clear as a baby's bottom. i think nexplanon had to do with it because my problem acne areas haven't had any breakouts and i love it.""",10.0,"September 22, 2013",4
137066,Isotretinoin,acne,"""after hearing about the horror stories, i was hesitant to try accutane. i tried minocycline (solodyn), doryx (doxycycline), and bactrim ds. the only thing that was pretty good at clearing was bactrim ds. bactrim worked best, but was not working anymore. i had no choice but to go with accutane. it was a little drying with the eyes initially and my lips still get dry. what people fail to mention is that your body adjusts to the side effects and that you won't have an initial breakout if you start low. i started at 40mg. going to 60mg this month (my second month). don't forget, accutane takes between 2-4 months to see clearing. good luck! :)""",9.0,"November 4, 2015",22
176302,Lorazepam,panic disorde,"""i am now 46, i started experiencing panic attacks a year ago, the daily life stress and depression attributed in my opinion to my panic attacks. i would have an attack about once to twice daily, some mild,some severe. i had the worst one in sept/2015 i called 911,i was at home alone, i truly believed my time has come and that i was about to die. i was transported to er, and by the time we got there i had calmed down and start feeling normal again, and that's when the er doctor officially diagnosed me with social anxiety disorder and prescribed me....... you guessed it, lorazepam 1mg. to take as needed. the best thing ever happened to me. i love this medication. life savor .""",9.0,"March 3, 2016",33
50262,Gabapentin,pain,"""i had a back injury in the marine corp in 1989 i have had 7-9 on the pain scale for over 15 years. i have been on morphine 30mgs 6 times a day, vicodin 10/325 for over six years oxycodone, hydrocodone, fentanyl patches 150 mg every 72 hours, almost any pain medicine you can think of.  i stopped my vicodin cold turkey after six years, if you have been on pain meds you know what withdrawal is and how painful it can be. i went right to gabapentin.  oh my god thank you for this pill it is amazing, absolutely zero withdrawal effects from the vicodin and i was on over 300 mg a day for six years.  i mean it zero withdrawal symptoms. i feel zero back pain and i mean zero. this pill is a miracle i'm on 900 mg 3 times a day.""",10.0,"July 15, 2014",217
204954,Levemir,"diabetes, type 2","""i've been on levemir for approximately 2 years and have found it be quite effective.  however, i've also noticed that over time the dosage has had to steadily increase in order to achieve optimum blood glucose levels.""",9.0,"June 16, 2009",42
21913,Eliquis,prevention of thromboembolism in atrial fibrillation,"""i'm 81yr old female was put on eliquis 5 wks for af and i've had severe stomach pain. which i've had a bad pancreas before this but my pain has increased by at least 50% and lots of short term memory loss. i'm looking at getting off this medicine because i just can't handle the stomach pain. good luck to everyone .""",4.0,"February 13, 2016",58
90538,Docosanol,herpes simplex,"""did not work in reducing anything but the pain. sore remained to get bigger and bigger, regardless of how many time i wash my hands and apply cleanly. try garlic and apple cider vinegar. cost less and works so much better than this stuff""",1.0,"December 11, 2015",4
68810,Medroxyprogesterone,abnormal uterine bleeding,"""after giving birth to my son in 2003, i refused to take any kind of birth control pill/shots. i've had irregular periods for years until last year when i started bleeding heavily, soaking up my pads within an hour up to the point that blood came rushing down my legs. i was afraid that maybe i had tumors or fibroids and maybe i needed surgery. doctor gave me an ultrasound and found nothing wrong with my uterus. he gave me provera 10 mg, once a day for 14 days. took it for 2 months and had an absence of period for about 6 months. had regular periods for 5 months and started again so i saw another doctor last month and told me to take provera again. i'm just waiting for my period to be over that way i can be comfortable again.""",7.0,"September 15, 2016",13
58460,Fluticasone / salmeterol,"asthma, maintenance","""i have been on advair for over 10 years. i have never breathed better. before i couldn't even walk without being out of breath. i do experience a lot of side effects such as oral thrush, and headaches; however, being able to breathe outweighs the side effects. i would recommend this medication to anyone with asthma.""",9.0,"February 11, 2016",13
76716,Lorcaserin,weight loss,"""i started taking belviq september 12th 2016 i weigh in at 332 pounds i weighed in today september 28 2016, 318 pounds just could not believe it gave me, slight headaches but i notice i cannot take 2 a day can only do one very strong to me if i, take two in one day i, dizzy comes along plus i, workout as well and thirsty for water my appetite is really decreased a lot i,give this pill thumbs up my doctor preferred me and encourage me to take them i don't like taking medications but he said this will be just right for you so far so good. and my insurance didn't cover it so i only paid $75 out of pocket.""",9.0,"September 28, 2016",20
185260,Harvoni,hepatitis c,"""day 15 slight headache and insomnia. other then that no side effects, helps if i drink plenty of water, i have severe panic attacks an was nervous about taking harvoni but taking the first pill was the hard part. been a breeze, very excited to complete all meds. update just completed day 28 labs came back virus free yay! dr said take for one more month and done, sleeping much better very excited, if you can't get meds covered call manufacturer for medicine assistance program.""",8.0,"March 20, 2015",42
61687,Citalopram,obsessive compulsive disorde,"""i've only been on this medication for 2 weeks and i feel relief already from my ocd symptoms (pure o). the intrusive thoughts are significantly less already. the only side effect i am having is poor sleep. i wake up frequently or feel half asleep all night. finally, i slept for a full night last night. lexapro did not work for me, so they decided to try celexa instead. starting at 10mg. i am much less anxious.""",9.0,"July 1, 2016",18
192143,Drospirenone / ethinyl estradiol,acne,"""i went on yaz about 2 to 3 years ago to cure acne and very heavy periods. it worked brilliantly for both but it has caused extreme weight gain for me. i gained 10kg (around 20lbs) in the first few months and now i am considered overweight on the bmi for the first time in my life. i have tried everything from gym to cutting out carbs and can't lose any weight. i put this down to being a estrogen dominant pill. i just had my period and do not plan to go back on it.""",10.0,"July 30, 2016",6
2996,Nitrofurantoin,urinary tract infection,"""can't even explain how bad this made me feel.  seriously thought i was dying.  chills...sweating ...throwing up...i actually passed out on my bathroom bath. my chest pain was so bad i thought i was having a heart attack. no desire to eat...i've never had a problem with meds like this before in my life. never again. i took it for 2 days and stopped.  be cautious.""",2.0,"November 29, 2017",3
24793,Tresiba,"diabetes, type 1","""i have been diabetic for about 50 years. forty of those years i used regular and nph insulin. i never had any problems at all. my a1c readings were in the mid 6's most of the time. a new doctor comes along and wants all her diabetics to conform to textbook examples. she decided my insulins were old fashioned and outdated. she changes me over to tresiba. after a couple weeks my sugar would drop around 100 to 200 points from midnight to about 8 in the morning. i have to make sure my sugar is above 225 at midnight to not wake with a 40 or 50. i was 320 once and 8 hours later it was 84. this stuff is scary.""",1.0,"September 20, 2017",5
122155,Venlafaxine,postpartum depression,"""i returned to work, after having my second child, at the end of april.  by the begining of june everything was falling apart.  the job i had worked so hard to attain, my relationship, my friendships...nothing seemed to be going well, my two beautiful boys were the only thing keeping me remotely together.  i was asked to take a leave from work.  i started with zoloft - terrible i clenched my teeth all day long!  moved to cymbalta - all i wanted to do was sleep, with two very active boys naps are just not an option.  i started taking effexor xr two weeks ago now.  love it!!  the only side effect i'm noticing is short term memory loss, but hey my sex drive finally came back!!!  yeah!  that alone does help alot with my depression.""",10.0,"September 28, 2009",18
226100,Remicade,"crohn's disease, acute","""my daughter has been taking remicade since 2006. she has now built up antibodies to it and it doesn't work anymore. they now are going to try humira. hope this works. she has had to have an ileostomy done since the remicade didn't work for very long in her and now the crohn's has made it to her stomach. just because it appears to be working in the beginning of treatment doesn't mean it will last in your body as long as it is suppose to. people please be warned and be cautious.""",1.0,"January 13, 2010",14
174210,Versed,light anesthesia,"""i had to have oral surgery as the first stage of dental implants. i had four molars extracted, a sinus lift and bone grafting. i asked to be put out. i was crying from fear before the surgery, worried about getting sick from the anesthesia. they gave me some versed in my iv and everything was okay. i loved it, maybe too much. no anesthesia sickness and no fear. i highly recommend it.""",10.0,"August 11, 2015",9
215322,Lubiprostone,"constipation, chronic","""i started taking amitiza a month ago. i am on the 24 mg. it works sometimes but i am experiencing side effects that i didn't think resulted from this medication until i read some of the reviews. i have trouble taking in breaths, coughing, severe headaches, nausea, but most of all bloating and gas. before the medication while being constipated, i could still button up my pants. now that i've started the medicine, its a struggle due to bloating.""",5.0,"September 20, 2012",33
12916,Vardenafil,erectile dysfunction,"""i have to take levitra with dinner and it will work at 11:00 and through the night. any earlier than 4-5 hours wait and i get a strong erection, but it fizzles out during sex. still have moments of failure, but these can almost always be attributed to some external event or other. i am very happy with it, unless i forget to add it several hours before sex, then i can just forget the $25 for sex.""",8.0,"November 7, 2014",61
119674,CombiPatch,postmenopausal symptoms,"""it worked well, but is never available. my pharmacy has been ordering it for over a month. do yourself a favor and find something that isn't backordered for weeks at a time.""",1.0,"November 30, 2016",9
14517,Buprenorphine / naloxone,opiate dependence,"""i've been on suboxone for 5 days now and i have been taking 40 to 50 pills a day of 15 to 30 mg of oxycodone that's 800 mg a day addiction. suboxone has helped so much. very few side effects for me, some chills and a little diarrhea. i use benadryl to be able to sleep, but that's it. tomorrow will be day 6 without anything, will keep you posted. past 2 days i took only 1/2 a pill so maybe that's why i felt a little withdrawal symptoms but that's better than increasing suboxone dose. good luck to everyone and use it only to detox.""",10.0,"July 24, 2009",26
121497,Venlafaxine,anxiety,"""i have been taking venlaxafine for 4 days now. i currently am on a 75mg a day dose which my doctor put me on. day 1 didn't notice anything at all, on the second day i felt a lot more relaxed but totally suppressed my appetite all day and have had a rubbish sleeping pattern ever since. haven't really done much for my anxiety as of yet but very relaxing, will write an update shortly.""",5.0,"December 7, 2015",6
61041,Minivelle,postmenopausal symptoms,"""it took about 5 weeks to start working completely. my gynecologist told me to not give up. after 3 weeks i was still getting hot flashes daily. i continued as prescribed and zero hot flashes!! no side effects. one year using""",10.0,"July 23, 2015",42
199346,Depo-Provera,birth control,"""i am 18 and have been on depo since i was 15 due to severe menstrual bleeding. when i first got the shot i noticed my bleeding kept lightening up until my second shot and it stopped all together. i eat like a pig, but that's not really a big deal for me. during the first 4-5 months i lost 40 pounds, and slightly over a year later i've gained 20 back. i know a lot of girls fidget and carry on over the weight issue, but if you exercise daily and eat appropriately, it won't turn into a big deal. i definitely recommend this to my friends who either have bleeding issues or just don't want to get pregnant. works perfectly in both cases; at least for me!""",9.0,"May 4, 2015",12
50615,Gabapentin,ibromyalgia,"""neurontin helps with my pain and gives me a lot of energy but does not help my seizures. i am on 600mg 3 to 4 times a day but the longer i take it the less it helps and the more i have to take.""",9.0,"September 4, 2010",19
167559,Levonorgestrel,birth control,"""i had the skyla put in four months ago. my ob said it went in perfectly shook my hand and left the room. the nurse who was in the room noticed all the color drained from my face. immediately i felt nauseous, dizzy, and had to have the nurses walk me to the bathroom where i got diarrhea. i was so sick my mother had to come get me. the doctor asked me if i wanted him to take it out. at that point i didn't want him to touch me again. getting home the cramping had me doubled over in pain. after a month my ob looked at it. said it was fine. the cramping continued randomly. i had pain and pressure in my vagina. after 4 months i got it taken out and immediately the cramping went away.""",2.0,"February 15, 2016",1
18091,Ethinyl estradiol / etonogestrel,birth control,"""the only negative thing about using the ring is that for me it tends to slowly slide out often. not totally just enough where i can feel discomfort. other than that i have had no negative symptoms. it's pretty much idiot proof.""",9.0,"November 10, 2011",0
198401,Exenatide,"diabetes, type 2","""i've been taking bydureon for 1 month. so far, although i am skeptical by nature, it seems like a miracle. i had been eating paleo for about 3 months, but was only losing 1 lb per week and still seeing fasting numbers around 150. my doctor put me on bydureon and i lost 10 lbs just the in the first two weeks, and that included a few freakout days when i was eating olive garden, taco bell, and braums ice cream multiple times per day. in one month, i've lost a total of 21 lbs, dropping from 263lbs to 242lbs, with no other lifestyle changes. i have not been back yet to check my a1c as doc wants to wait a full three months, but posting numbers of 90 - 100 upon waking and 110 - 120 after meals, it stands to reason this would also have improved greatly.""",8.0,"March 2, 2014",62
66721,Seroquel,bipolar disorde,"""i've been on seroquel for a couple months and i'm surprised at how good it works and how i have minimal side effects. i take 100mg-300mg at night and before my naps, just depending on how tired i already am without the medicine. like most people, if you don't get ample sleep (8-10 hours), you usually wake up feeling tired & groggy. it usually wears off within a couple hours though. i noticed when i take it my eyes become super red like i just finished smoking weed. i have experienced a little chest pain in my lower rib cage but it's tolerable. other than that, i sleep like a baby; i have the vivid dreams which in my opinion is neither negative or positive. but it's helped in stabilizing my mood & controlling my swings.""",9.0,"March 23, 2015",39
221498,Makena,premature lab,"""i delivered my first child at 36 weeks after having preterm labor at 29 weeks. i had a partial amniotic rupture with that preterm labor and i was dilated to a 4 when they finally stopped the contractions.

i am currently 28 weeks pregnant with my second child, and i have been on weekly
makena injections since week 16. i began having closely spaced contractions yesterday and went to my local hospital. my cervix was still closed, but the frequency of the contractions and the lack of their response to the magnesium bolus caused them to send me by ambulance to a more prepared hospital in a larger city. 

i'm home today and not in the hospital. i know it's because of the makena shots! without them my cervix would have been dilating no doubt.""",10.0,"November 29, 2016",7
219581,Microgestin Fe 1.5 / 30,birth control,"""i have been using loestrin fe 1.5/30 since sept 2012.  i've been on various other bc pills since 1999 and this is hands down the best i've experienced.  i have zero side effects.  my cycle is perfectly 28 days (to the hour), my period is short (2 days) and light (i use light absorbency tampons or a pantyliner).  i cannot recall the last time i experienced cramps, and i only ever have acne in places i touch my face. i love this pill.""",9.0,"February 2, 2016",7
107145,Implanon,birth control,"""this seemed like a great idea at first. not having to remember the pill and still reaping the benefits of no pms symptoms and no pregnancy. this turned out to be a horrible idea.... i gained a substantial amount of weight even though my lifestyle has not changed and i am constantly having breakthrough bleeding. i am getting mine removed. """,3.0,"November 30, 2012",4
210447,Linzess,"constipation, chronic","""i just started taking linzess and it is a miracle worker for me. i've been constipated for over 30 yrs and nothing helped me. even amitiza didn't help, it just bloated me, gave me gas and pain. linzess works most of the day so i don't take it when i'm out and about. this morning i took 290 mcg. and within an hour i had a bowel motion. i recommend it to anyone who suffers from constipation like me.""",10.0,"July 18, 2013",66
93925,Trintellix,major depressive disorde,"""i have had depression for most of my life and had been taking zoloft for about 7 years after i had my first child, recently felt it wasn't working as well anymore so i talked to my doctor and they suggested this.took it for 6 weeks but had to stop. i know everyone is different, but for me it made my depression worse, i started having mood swings, anger issues, crying over everything, panic attacks, around the 2nd week i developed a cough, no other symptoms. when the cough persisted for about 2 1/2 weeks i went back to doc and they prescribed me antibiotics. completed those, still had cough, then i had panic attacks 2 days in a row so i stopped taking the trintellix, as soon as i did, the cough was gone. definitely don't recommend this med""",1.0,"May 2, 2017",25
193537,Cyclobenzaprine,muscle spasm,"""i sleep like a baby while on this medicine. i dont wake up with a tense neck and shoulders. im finally getting the rest i need. the only thing is i sometimes do not get enough sleep because of small kids and i wake up drowsy. oh yeah and the dry mouth/lips. other than that i love it.""",9.0,"July 14, 2009",6
88069,Clindamycin,bone infection,"""after what was supposed to be a filling, turned into a molar extraction, i ended up with dry socket. around day 5 after the extraction i also ended up osteomyltis starting in the same area as the extraction. i was than prescribed clindamycin, as the infection was getting worse and the pain was excruciating from my jawbone to my ear and in the dry socket. the clindamycin after 2 days of being on it, i could start feeling a difference. by the time i finished the prescription there were no ill effects and minimal permanent damage to my jaw.""",9.0,"March 2, 2015",20
139303,Armodafinil,narcolepsy,"""i have been taking nuvigil since 2012 started on provigil built a tolerance against it in 2 months. i take 250 mg a day but i split the pill and take each half at specific times usually  between 6-9 am the other at 3pm to 6pm (depends when i took the first one) seems to help me stay awake a little more that way. it lasts for about 1-2 hours on me with each half.""",7.0,"February 28, 2017",7
180985,Valproic acid,seizure prevention,"""i wouldn't give this to my worst enemy. the side effects are so severe that they outweigh any benefit regarding seizure control. after 2 years on this medication, i was a walking zombie.""",1.0,"September 23, 2015",5
111736,Gianvi,birth control,"""this pill was absolutely awful for me. 2 weeks in, i started feeling more irritable and moody, i ignored it, telling myself it just was the change in the hormones of the pill. i was on it for 2 months total, i got depressed on it, irritable, moody, cried for no reason, and got a migraine that lasted for days, it was unbearable. i also developed a yeast infection while on it. it was a miserable 2 months and i'll never go back. i rather take no pill then take this one""",1.0,"May 11, 2017",4
130956,Levonorgestrel,birth control,"""i have had the mirena for three years after having my second child.  i actually had the old iud with my first child for ten years.  the first iud i bled a lot with my period and cramped.  however, with the mirena i have been okay. i can't remember the last time i saw my period.  i am considering taking it out so i can get pregnant with my third child.""",9.0,"October 4, 2010",1
201232,Zoloft,panic disorde,"""it's been over a year now that i've been on zoloft. i take 200 mg a day and i still
cannot believe how much my life has changed/improved!! i am 36 years old and had been suffering from severe  panic attacks, anxiety, and agoraphobia for almost 15 years...it was a complete challenge to get to work and even imagine a day without the feeling of anxiety from literally the time i woke up until i went to bed.. .i wasn't enjoying life at all, i was just existing. i had absolutely no control of my own conscious!! i finally decided that i had to try a prescription or else i would let this take over what little life i had completely! i started zoloft on 25mg and worked up to the max of 200mg over about three months. it was the best decision ever!""",10.0,"March 5, 2016",110
125143,Dulcolax,constipation,"""i took two pills with a couple glasses of water at bedtime and had a bowel movement approximately eleven hours later with no unusual discomfort at all. when i have prepared for examinations in the past it was always the bottle of citromag that you drink after the stool softeners that made me feel cold and crampy and that i should just stay on the toilet for the night. no problem with dulcolax at all""",9.0,"December 19, 2016",2
220350,Amitriptyline,migraine prevention,"""i suffered migraines off and on for years. i've been using amiptiptyline for 3 years now at bedtime. no more bad migraines. if i do get one now, my meds work instead of it lasting for days.""",10.0,"March 6, 2014",45
147406,Alprazolam,panic disorde,"""i was diagnosed with a severe panic disorder that literally took over my life. i was prescribed xanax 0.25mg it is my life saver. i feel like my old self and i look forward to getting up in the morning. i was petrified of getting the panic attacks and this medication has helped and it works within 15 minutes of taking it. i have had reduced attacks and feel so much better. the only downside is you feel a little bit drowsy and if you are late taking it on time i found i would get severe blurred vision. it usually passed within a few hours. you definitely have to take it on time.""",10.0,"August 1, 2011",5
127569,Phentermine,obesity,"""update so i started taking this on may 19th, 5ft tall and 250 pounds. i felt dizzy my first three days and ate very little.  i try to eat less than 1200 calories a day. some days i'm still hungry though. it hasn't even been a month and today i weigh 224. that's 26 pounds in 27 days almost a pound a day with no exercise. the results for me have been amazing. i do have trouble sleeping so i usually take the pill earlier in the morning. i take a whole one a day. i also have had severe dry mouth mainly the last 3 days but i'm also taking a water pill.""",10.0,"June 15, 2017",17
162226,Hyaluronan,osteoarthritis,"""my dr thought this would be a good idea for me because of my knee condition i had had  for years. i figured i'd give it a go and  big surprise it made it worse a lot worse -  it was like he stirred up a hornets nest after those shots. now i'm having more trouble with it than ever before with walking pain, sleeping pain, knee resting pain, it's all worse i'm 40 and walk like i'm 80. physical therapy was a joke considering my condition can't be fixed without replacing the knee. all physical therapy did was get me to shift my weight to one side and now my other knee is giving me problems. i guess the dr won't be happy until i'm in a wheelchair .""",1.0,"July 30, 2017",12
172757,Clonazepam,anxiety,"""i took them for 3 months before i told my doctor to either change me or take me off them. the only thing they really did when i took them (i was on 6 mg daily) was made me a little drowsy and forgetful something i could do without. anyway not to ramble but the doc put me on xanax and i must say they work a lot better.""",3.0,"July 29, 2014",4
176725,Lorazepam,anxiety,"""i have noticed that my dose of 1mg every 4 to 6 hours worked for a week or so before needed to increase my dose. i have colorectal cancer and have been it using for anxiety. 
   """,9.0,"November 3, 2008",8
86204,Magnesium sulfate / potassium sulfate / sodium sulfate,bowel preparation,"""the taste reminds me of triaminic. gross! sucked on a lemon after each gulp. literally, within 10 minutes, i was in the bathroom and still am. no cramping, little nauseous, and it's flowing like a faucet. will drink (hopefully) second bottle at 8am tomorrow.""",8.0,"October 28, 2015",6
155399,Metronidazole,pseudomembranous colitis,"""symptoms started as going #2 bathroom over 5-10 times a day. i got flagyl/metronidazole 500mg. it generally works for intestinal bacterial infection. you take 1 tablet by mouth 3 times a day for 7 days. manufactures please make capsule form. the tablet tastes really bad. take it with soda/gatorade or something that can wash away aftertaste. the side effects i felt were; nausea and dizziness. my doctor said drink a lot of water and have it during meals and avoid all alcohol including certain mouthwash and anything that contains alcohol.""",8.0,"July 3, 2015",3
188600,ParaGard,birth control,"""i just got my paraguard removed after 5.5 months. i was having cramps that made me yelp aloud and miss work, my periods were very heavy (like overnight pad plus a heavy tampon every two hours), and i had regular nausea. i really wanted to have a hormone free option but those side effects were too, too much. i'm pretty sensitive to hormones but it comes very recommended by many women. i'm 33 and have never had kids.""",3.0,"February 6, 2016",5
55512,Hizentra,primary immunodeficiency syndrome,"""i have only been on hizentra one month so imagine it has not had time to work.  within that month i have had 2 sinus infections (dealing with one now and feel awful).  i would like to know how long it took for people to start feeling better.  one doc says 5 infusions, and another says much longer.  however, i have had more energy in between the infections.  your comments have been helpful.""",2.0,"November 15, 2013",9
103818,Ethinyl estradiol / levonorgestrel,birth control,"""this is my first time being on any birth control ever..i have no nausea or any sickness.. slight headache the first couple of days taking it.. i think my mood is changing only because i am tired of spotting every day! it's annoying, my doctor said that it is normal and to give it at least two months to regulate. i hope she's right...""",8.0,"March 4, 2015",8
116620,Aspirin / carisoprodol,muscle spasm,"""taken for costochronditis.works very well. prescription too strong for me (350 mg) so i cut in half. takes away the pain but can't skip a dose. pain will come back full force. absence of pain. better taken with food. can cause stomach problems.""",9.0,"November 6, 2013",5
162814,Cefdinir,bronchitis,"""i took this medication for a respiratory infection.  it gave me severe, relentless diarrhea that i am still suffering from a year later.  i have been hospitalized numerous times from it.  it has completely disabled me.""",1.0,"October 19, 2015",3
157880,Accutane,acne,"""accutane (i took claravis since accutane is no longer marketed) really cleared up my skin well and i have had none of the serious side effects talked about. i'm currently in month 5 of a 6 month course and couldn't be happier. only side effects are mild dryness of skin, lips, and eyes--that's it! no lab abnormalities either.  i was on retin-a for years and that caused much more dryness than the claravis. highly recommend giving it a shot!""",10.0,"August 7, 2011",3
222178,Rozerem,insomnia,"""i used rozerem and was very happy. it is strongly thought that nerve endings in the brain have been damaged by a virus or bacteria. i used it on a need to basis.  3 nights in a row, off a week, then 2 nights on and so on.  i used only 8 in a month and did sleep when i used it.  whether i felt drowsy or got a headache from rozerem i cannot say as my other diseases give me these symptoms, but i have to say i felt much better. i could not afford rozerem as my insurance would not cover it. i can now afford and will use 8 -10 a month with doctor's approval.""",9.0,"December 18, 2008",30
27883,Lexapro,generalized anxiety disorde,"""i am in week 3 of this medication for generalized anxiety & panic. so far, it's been great besides my constant drowsiness. does anyone have this as well?! will this side effect pass?! in the past i was on 20mg of celexa (beginning in 2011 until 2016) i decided to come off my celexa last summer which was a terrible idea as my anxiety and panic came back stronger than ever. my doctor suggested lexapro and i have noticed a change in my anxiety and panic! just drowsy.""",8.0,"March 15, 2017",21
201255,Zoloft,post traumatic stress disorde,"""haven't felt so calm in a very long time. taking zoloft for anxiety and depression from my ptsd. my racing thoughts and ruminating has slowed down, and i slept last night for the first time in 6 months with no sleeping pills . actually feels weird to feel so good!!""",9.0,"July 7, 2016",42
127078,Metoclopramide,gastroparesis,"""i found this medication extremely helpful when i was first diagnosed. i had to change my eating habits dramatically, so when i messed up or when the nausea flared up reglan was great. i did find, like many other patients, that the side effects (anxiety for me) got worse over time. after about a year i felt i had learned how to manage my diet and stopped taking reglan entirely. reglan was a great tool in the beginning to help me figure out what eating habits worked, but now i manage everything through diet. i think that is very possible for others with gastroparesis, too. """,8.0,"September 27, 2012",66
79559,Plan B One-Step,emergency contraception,"""my period ended on the first of november. two days later i had protected sex, but the condom had broke. this was around 7 or 8 o'clock at night. all of the pharmacies were closed so i had to wait. i found plan b one step at a local pharmacy and i had taken the pill within 48 hours. because of the pill i've experienced a lot of irritability. it basically just feels like pms. today, 6 days after i took the pill, i noticed light bleeding and i've had a little bit of cramping. """,8.0,"November 11, 2012",24
40862,Leuprolide,endometriosis,"""i was diagnosed with stage 4 endometriosis and was prescribed lupron. after reading all of the horrible reviews and side effects i was terrified to try this. after chatting with my doctor we both agreed that this would be the most aggressive treatment as my husband and i would like to get pregnant one day. i am on month 3 of the shot and i have to say that i am pleased. the worst thing are the hot flashes. for me they are at least 10  times a day! but i will take that over the excessive cramping and pain any day. i feel minor cramps occasionally during the time i would normally have my period. i have experienced no depression, weight gain, weight loss, bleeding, joint pain etc. i am hoping after the treatments i will be able to conceive.""",7.0,"December 15, 2014",52
209553,Praluent,high cholesterol,"""after having a myocardial infarction on december 22, 2015 , i was still struggling to get my numbers down, after trying just about every statin on the market, they all made my body ache and my joints  so stiff i had to have help getting out of bed. i changed physicians she tried another statin with no luck. she asked if i would be willing to try praluent injections. long story short notice side effects numbers have dropped dramatically and i feel great,only benefit on injections 3 months!!!!!! thank god for this medication!!!!!!! got help paying for this from the manufacturer!!!""",10.0,"November 19, 2016",12
23899,Tretinoin,photoaging of the skin,"""i began using this cream a few weeks ago as my dermatologist prescribed it due to my photodamaged skin   i use it 2 or 3 times a week and find it fabulous. i don't like the smell though at all. while i have had no dryness or flaking but find my skin extremely sensitive and applying moisturiser often results in a mild stinging sensation.   i did find that using an omorovicza oil was  good and did not burn then used a moisturiser. wondering if others have this issue. on the whole i like the retin a and its results. i only use a cream cleanser as they are the most gentle. i did try a foam one but it also caused my skin to be aggrevated with retin a""",8.0,"April 25, 2017",12
81857,Liraglutide,"diabetes, type 2","""i started november 18, 2016...first three weeks was super hard, fatigue  and lost of appetite. dr. gave me my first pen in the office.  took shot and straight to work to vomit. today is december 27, 2016 and i am down 22 pounds.  insurance company notified they will stop paying for the medication effective 01/01/2017.""",7.0,"December 27, 2016",27
71349,Levora,birth control,"""i've been taking this pill for about 2 months, and have been very pleased. i experienced some mild weight gain, but not so much that it really matters. i had previously been on two other birth controls within the last year (loloestrin fe and kelnor) and levora is by far better for me. i can take the pill a few hours late and it's totally fine (my previous pills would case spotting if i took it even an hour late). i have skipped my periods thus far (so, twice) and have had no issues with spotting. had one or two days in the last 60 where i was irrationally moody and bitchy, but for the most part i am very happy with levora.""",10.0,"February 18, 2015",7
124191,Skyla,birth control,"""i have had skyla since i was 20, 2 years now. it is meant for women who have not had a baby before. i took some ibuprofen before and got it done in less than 5 mins. it was pretty, pretty painful but you have to understand that they are dilating your cervex. afterwards, i was in a little pain but was able to drive home. laid down for the rest of the day. and 2 years later i still love it!! i did get an ovarian cyst like a year ago but when i felt abdominal pain i went to my dr. no complications. had no period for 1 year but overall feel great. it's not for everyone but it has worked great for me. also, i have not used a condom since i got it and never pregnant. """,9.0,"March 30, 2016",10
107547,Implanon,birth control,"""i had the implanon inserted on the 20/12/2010 the procedure wasn't too painful considering you're given local anesthetic on the area of your arm. i felt a slight sting (like a wasp/bee sting). i was on the first day of my period when it was inserted. the day after my period stopped however roughly a week later, it came on again and i had a period for 3 weeks.
once my period had stopped i didn't have another period until the 17/03/2011. i'm still on and not too pleased. this is a known side effect within the first 6 months-1 year.  i've had no other side effects. no weight gain, acne, illness, aches and pains etc. so other than the random bleeding, i'm very happy with my implant.""",8.0,"March 31, 2011",0
63004,Tranexamic acid,menorrhagia,"""within 20 minutes of taking this medication one side of my body became numb, i got really confused, and felt like i could not talk and then i lost consciousness briefly. it was the closest thing i can imagine to a stroke, and the after effects from this very scary experience lasted for days. i was told to discontinue immediately.""",1.0,"September 7, 2016",28
218196,Amoxicillin / clavulanate,not listed / othe,"""i had this prescribed to me by my dentist following dental extractions and implants. i'll be finishing the 10-day treatment tomorrow; it has been horribly painful in many ways.

a) the severe diarrhea was finally dealt with by taking 50b probiotics capsules with real plain bacterial-cultured yogurt at each meal.

b) for the mind-blowing headaches, i'm still cycling between aspirin, acetaminophen and ibuprofen 3 tablets every 6 hours; none work well continuously.

c) other side effects such as dry mouth, itchy nose and slight burning sensation while urinating are merely a slight distraction compared to the diarrhea and headaches.

i hope i had started with another antibiotic. good luck!""",5.0,"July 9, 2016",2
211925,Lamotrigine,migraine prevention,"""did not alleviate migraines at all, but did manage to both completely counteract my antidepressant and convince my body i was pregnant. lactation, dysmenorrhea, morning sickness, the whole 9 yards. the best thing i can say about it is it helped my intractable hiccups about 5%, which is more than anything else has.

all in all, bad experience.""",2.0,"March 1, 2016",3
40747,Leuprolide,endometriosis,"""2/9/12 i had a full hysterectomy (uterus and cervix removed) due to fibroids. my dr found endometriosis everywhere. my dr. put me on lupron about a month after the surgery and i had my 2nd shot 4/20/12.  i got hot flashes right after the first shot but they are really not that bad.  night sweats are more uncomfortable and my joints and muscles are achy and stiff. however, my mood is pretty terrible. i have no patience for anything and feel pretty grumpy most of the time. my pain is lessening but still present. that said, if i can be rid of most of the pain after the 6 months regimen, it will have been worth it! """,7.0,"April 27, 2012",33
146842,Alprazolam,anxiety,"""xanax saved me. apprehensive about taking meds but broke down after it got so bad i didn't even want to take the covers off my head with my eyes clenched shut just fearing every day because i knew anxiety, fear of everything under the sun and panic attacks would rule my day. i was told i needed to be on long term anxiety drugs so i tried lexapro and ended up in the er with side effects so horrific i don't even want to think of it now. xanax is basically a quick fix to calm the anxiety but it's the only thing i'm willing to take and over time i broke out of the nightmare i was living. i still have bouts of anxiety but as long as i have xanax on hand i know i'll be ok. i never had any bad side effects except for being tired. trade is worth it""",10.0,"August 15, 2016",35
138218,Ortho Evra,birth control,"""i've been using it for 4 years. never had a problem. i never had side effects until i got off it for a couple months and then went back on. i got some nausea and vomiting, but i've always had a sensitive stomach so it had to do with a combination of things. all in all, it's the best. i switch from butt cheek to butt cheek each week. it's less likely to fall off if your sitting on it.""",10.0,"August 6, 2009",27
23910,Tretinoin,acne,"""currently approaching the 6th week . started off with .05 and moved down to .025. after week four i though things were clearing up and then week five i got another inflammatory breakout. i only use on forehead. discouraging . no improvement from start and more red marks then when i started .""",4.0,"March 25, 2017",4
20110,Macrobid,urinary tract infection,"""i am currently on day 2 of macrobid, 2x daily for 5 days. pharmacist was sure to emphasize to take macrobid with food to prevent nausea. so far, i have no nausea, but have developed a terrible headache. i must say, that pain of the uti was gone within two hours of taking my first dose, which is worth it to me. so i'll be sticking this one out and hope the headache doesn't worsen.""",5.0,"July 8, 2016",17
230144,Glipizide,"diabetes, type 2","""i've been taking glipizide for two weeks.  it is effective in lowering blood sugar and helps with post prandial spikes.  it works fast, sometimes too fast and has forced me to modify the timing and quantity of my meals.""",8.0,"June 30, 2008",154
190273,Ortho Tri-Cyclen Lo,birth control,"""i have used this birth control for a year now and i have not had any side effects. even when i first started taking it nothing changed. i love how regular i am now and i love that it works perfectly as a contraceptive. i would really recommend this birth control to girls in their late teens if they decide to go on birth control like me (19). i really do love it. it's a great birth control.""",10.0,"October 10, 2014",23
146900,Alprazolam,dysautonomia,"""not only does it help my anexiety, but it also helps to relax the muscles in my back.  i broke my back in 2002 was sent home on a saturday morning at 10 am from a 15 foot fall breaking my 2 and 3 lower lumbar vertabras in my lower back.  i was given 2 demerol pills for the whole weekend, and told to go see my family dr for full time pain management.  thats canadian health care for you.  wouldn't even give me a perscription to get me through the weekend just 2 demerol pills.
i have been taking four 0.5mg a day and i have been able to cut my pain medication in almost half ( fentanyl and dilaudid.)""",8.0,"December 8, 2016",2
210362,Linzess,"constipation, chronic","""this drug has drastically improved my quality of life!  i've had ibs-mixed for as long as i can remember, though more recently i've had more trouble with chronic constipation.  linzess has allowed me to have regular, well-formed bowel movements, as long as i'm very compliant with a high-fiber, healthy diet, and as long as i stay on a predictable schedule and drink plenty of water.  it even helped me while traveling, though it's less effective if i don't follow a regular routine.  i've never had a problem with diarrhea  while taking it, even when i took the higher ibs dose, though i found that my abdomen feels less bloated and full on the lower dose.  linzess is by far the most effective treatment i've tried!""",10.0,"February 17, 2015",11
100511,Desogestrel / ethinyl estradiol,birth control,"""i have only been on apri for about a month now and i love it. i have not gained any weight, my sex drive is the same it was before i started taking the pill and my insurance covers it. i get it for no cost at all. i don't know why everyone thinks that one pill is going to give everyone that takes it the same side effects. every person is going to have different side effects and some will have the same but the pill is going to react different to every women who takes it. this pill overall is my favorite. i absolutely love this pill. it's effective and affordable.""",10.0,"July 16, 2012",6
187008,Nature-Throid,"hypothyroidism, after thyroid removal","""after decades on levothyroxine i was starting to feel really unwell: tiredness, memory lapses, hot flashes, inability to cope with hot weather, sleeping badly, verbal diarrhea, impulsive behavior, mental fog and constant pressure which made me want to jump out of my skin.  got very isolated and depressed, lost all creativity and felt i was barely existing.

the changeover was very smooth and problem free. two days after i started my eyesight seemed to improve drastically, as though a dirty filter had been removed.  on day 5 i felt totally at peace.  mentally, physically and emotionally it was like going from monochrome to full spectrum hd.  lots of energy, no hot flashes or mental fog, sleeping well.  i've got my life back!""",10.0,"July 15, 2013",266
167518,Levonorgestrel,birth control,"""six weeks after i had my baby girl i had the liletta inserted (02/01/2016). the insertion was no more painful than a pap smear or vaginal exam. i'm loving it so far, experienced some cramping the 1 st day but not since then. now i gave this a 9 because i started bleeding on the 7th day post insertion after having sex the 4th day and i'm still bleeding today 02/18 with no signs of slowing down and it's annoying me. i keep getting spotting on n off since insertion but i'd take that over the bleeds.""",9.0,"February 19, 2016",4
16326,Ethinyl estradiol / norethindrone,birth control,"""this is the only birth control that doesn't make me crazy. it does take at least 3 months for your body to get used to it and you have to take it at the exact time to prevent spotting and/or breakthrough bleeding. i don't gain any weight while on it and it clears up my acne. once my body became used to it, my periods were not painful, lighter and shorter. everyone is different but the key with this one is you must take it on time!!""",9.0,"February 25, 2016",13
94852,Abilify,borderline personality disorde,"""i did very well on abilify lost 114 pounds but i was allergic to it for a year had rashes and moods swings on it so they took me off it yesterday.""",8.0,"November 20, 2012",14
33792,Junel Fe 1 / 20,polycystic ovary syndrome,"""in 2014 i was diagnosed with pcos. i was 14 years old and had no idea what to expect. in 2017 i was switched from tri-previfem to junel fe 1/20, the 21 day pack. i've been on it for 3 months now. in that time span i've been constantly woken up from nightmares and have anxiety attacks and heart palpations. my mood has literally been off the wall. i snap at everything. if someone even asks me a question i blow up. i'm also constantly nauseous. i honestly thought i was pregnant at first, but many doctors and home tests proved me wrong. i wouldn't suggest this because i've never had problems with anxiety before this. definitely going to my gyno to switch soon!!""",3.0,"June 19, 2017",3
112437,Gabapentin,postherpetic neuralgia,"""prescribed for nerve pain following shingles after crippling left hand side pain that did not respond to standard analgesia.
two unexpected beneficial side effects have occurred.  
my long term and almost permanent anxiety ( we are talking 35 years   ) has been greatly reduced. 
the problem that i had following a transient ischamic attack some five years prior where my bodies idea of the spacial position of my left leg via external stimulus did not agree with my visual perception and viewing my leg caused a strange spacial readjustment where the leg shifted four inches to the left but in reality stayed still. my visual acuity also improved as if everything was lit by stage lighting.""",10.0,"September 30, 2016",18
179653,Adapalene / benzoyl peroxide,acne,"""i have used epiduo for about 2 years, maybe going on three. or about 2 months after beginning the use of this product my skin was really breaking out terribly (because it is a retnoid: it brings everything to the surface making your skin break out a lot, but is good in the long run). then around week 10 my skin cleared up and was actually looking pretty good. however, this past summer, my skin broke out terribly like it had the first time i used it, and has not exactly cleared up since. i still have breakouts (although not as bad) on my cheekbones, forehead, and chin.""",6.0,"September 26, 2016",2
168644,Vilazodone,depression,"""i've been on viibryd for over 4 years, 20mg. after being a zombie for 4 years bc of depression, followed by two years as a robot on prozac, viibryd has been a miracle for me. reading the other reviews, especially the negative ones, has been mind boggling, but goes to show how different everyone is. it took about 4 months for it to work on me. my partner was also on prozac then viibryd, is on 40mg viibryd right now and he had an immediate change. sexually we are the same: he has no dysfunction, and i'm as sensitive as ever. sexual drive the same. no serious side effects. a few years back i woke up in a very soaked bed, sweating. i went to the doctor and my md recommended i take viibryd in pm not am. month later, back to am and fine since!!""",10.0,"February 23, 2017",28
35767,Buprenorphine / naloxone,opiate dependence,"""insurance would not pay for suboxone so i was given bunavail and it sucks in comparison.
bunavail gave me headaches and i had to take twice the amount to fell ok but still gave me a down and out feeling. it did however keep the urge of using down but made me wish i had never started taking these.""",3.0,"August 3, 2016",12
212163,Lamotrigine,bipolar disorde,"""had a weird manic/mixed night so put myself up to 300mg from 150 while dropping effexor from 300mg to 150. went completely nuts and very confused (another manic/mixed night oddly enough, that felt about the exact same as the former) but now it's been 2 more weeks since i switched the dosages, so a month total, and i feel far more normal than i have in 7 years. seems antidepressants really are the devil for bipolar disorder, which i never truly believed until now. that being said, i'm fairly certain i needed effexor at one time. don't know what i'd do without this med actually.

if you need a dr to request approval for your insurance coverage (remember plan g if you're on the poor side), that will work instead of e.g. taking lithium.""",9.0,"March 30, 2015",6
17086,Phillips' Milk of Magnesia,constipation,"""i have tried doc-u-lace and colace and they never worked for me. this works, if you are really stopped up (think at least 2-3 days), take almost the whole cup (3-4tbsp.), if it doesn't work after about 12-28 hrs, take another 2-3 tbsp.""",10.0,"February 22, 2013",55
8539,Zolpidem,insomnia,"""i suffer from insomnia pretty bad. i can fall asleep easily but by 1 or 1:30, i'm wide awake. i worked in a bakery for 8 years and recently had to quit, i couldn't function like a normal person anymore. i saw several doctors and psychiatrists, all who at one point or another, prescribed me ambien. i had some pretty weird episodes on this medicine. i would get up and rearrange cabinets, naked, in the middle of the night.  my husband got very upset with me. i found a great doctor who finally diagnosed me with bipolar ii, with a little ocd and depression. my medicines are where i like them and he prescribed me lunesta. this is a much better sleep aid and i am finally sleeping a full night.""",4.0,"October 14, 2011",0
95068,Abilify,obsessive compulsive disorde,"""i took abilify for my ocd symptoms. though it worked as far as my obsessive thoughts go. however, i gained 50 pounds while on this medicine. i am currently off of abilify (no withdrawl symptoms)and have slowly been losing the weight.""",7.0,"April 3, 2008",61
8411,Zolpidem,insomnia,"""i had a real rough time falling asleep so my doc prescribed ambien. it worked tremendously but after 3 days i experienced finger joint pain, by the 5th day wrist and finger joint paint was excessive. i will stop using and hope the pain goes away!""",9.0,"June 15, 2013",16
133794,Bactrim DS,urinary tract infection,"""make sure bactrim is actually the correct medication for your uti! i took bactrim for 4 days with no relief before my doctor's office got the results back from my ua and realized that bactrim is resistant to the bacteria causing my uti. now i am taking cipro and it seems to be doing the trick. i did not have any side effects with bactrim though, it just didn't work for me.""",1.0,"November 11, 2013",73
33938,Junel Fe 1 / 20,birth control,"""i'm in the middle of my fourth month on the pill, and during this month i feel much better! i had some weight gain at first, but that's okay now. my face is having a lot more issues with acne so that sucks. the worst thing was during the first three months i had spotting for two weeks then would be off for a week and would spot again for two week. it was light, but constant and annoying!! i kept telling myself i was going to change and make an appointment asap but hesitated because i wanted to wait it out and give it more of a chance. i reccomend people to do that with this pill because it's all evening out right, it just took time.""",7.0,"February 16, 2015",17
13463,Amphetamine / dextroamphetamine,adhd,"""i had unknowingly suffered from adhd-pi for my entire life. i was constantly in trouble for losing my things, not paying attention in class, forgetting conversations, being unable to understand conversations, so on and so forth. my life was a wreck. my parents constantly told me that i was lazy and worthless. after i joined the military, i was diagnosed with adhd and adderall was the first and only medication that i was put on. i went from being the clumsy loser to the office hero. i recently started college and so far, i'm getting straight a's. this medication makes me cool, logical and focused. i took off a star because it makes me forget to eat sometimes and that makes me tired.""",9.0,"June 17, 2014",97
207803,Suprep Bowel Prep Kit,bowel preparation,"""well i for one do not know what the big hullabaloo was/is about drinking the stuff..no offense to anyone but i've had worse tap water !! i did put the meds in the fridge but kept my drinking water at room temp.1st dose shot the stuff right down no problem didn't breathe thru nose.. the water - it's just 32 oz of water for pete's sake ! some cramping and nausea 3 hrs all done went to sleep next am-re.2nd dose -much easier took abt 2 1/2 hrs than drank some gatorade
i would never use a straw that just prolongs the agony for those who are so freaked out abt the taste !!! drink it right done and get it over with !!! i stayed in the bathroom the whole time w/my laptop wouldn't think of getting more than 5' from toilet !  my first colonoscopy-65y""",10.0,"September 9, 2015",14
93116,Vortioxetine,major depressive disorde,"""i have bipolar. this was brought in to control the depression. it did that too well and sent me into mania. very irritable an constant feelling of anger. i was very scary to be around.
as for the nausea, that lasted about 2 weeks and i could live with that. from that point i started to have severe gastrointestinal issues. i have been off it for 9 months. i am still seeing gi specialists, as anything even slightly acidic causes immense pain.
if brintellix works for you, that's great.  but if you start getting stomach cramps you should run and get off the damn thing.
it has literally ruined my life.""",1.0,"April 7, 2016",34
130799,Levonorgestrel,birth control,"""i'm 25 years old with no children and i have mirena. i absolutely love it. the pill gave me acne, weight gain, mood swings and nausea. the nuvaring gave me blood clots. mirena has been a dream. insertion was no worse than a bad period cramp (again, i've never had kids and it didn't hurt that bad) and i spotted for a few days. no biggie. i've had oily skin and acne my whole life but am able to control it. mirena has made it no worse at all. i work out every day and have even been losing weight. so mirena has not made me gain weight. i just want to be a positive voice out there for mirena. before i got it i read message boards and it almost discouraged me from getting it. thankfully it didn't because it's been the best birth control ever.""",10.0,"January 2, 2012",41
186327,Desvenlafaxine,anxiety,"""i've been on pristiq about a month now. before that i was taking lexapro for over a year. so far i like the pristiq much better. both worked to keep the anxiety and panic attacks away but with lexapro i gained 20lbs and had zero energy. all i wanted to do was eat and sleep. with pristiq i have tons of energy! i no longer want to lay in bed all day. i don't have much of an appetite so i'm hoping i can finally lose the weight i gained from lexapro. i'm very happy i switched to pristiq and hope it continues to work for me.


""",8.0,"November 10, 2011",13
118901,Zoloft,post traumatic stress disorde,"""i had a traumatic experience with an ex-boyfriend of mine three years back and i've been fine. i am now deployed and doing missions in iraq and have seen a few explosions and what not and i think that's what triggered my post traumatic stress disorder. i was hesitant about trying medicines but they said i could take them and still go out on the road. so far they seem to be helping lighten my mood and actually want to get out of bed in the morning and not worry or get irritated and paranoid at random times like i normally would. i am also taking it with clonazepam, which is helping a lot! no side effects yet, hopefully none to come! """,8.0,"October 9, 2011",46
65920,Propranolol,anxiety,"""i was given propranolol for heart palpitations. it was ongoing for a few days due to anxiety and stress. i was given 10mg to be taken twice a day and three times a day for 3 days.

i did not react well to this medication. day two i started to feel drunk, and in another world. my eye slight was not right. i was unable to eat, i couldn't sleep, it caused severe panic, shaking, sweating.

i stopped taking it after day 4. stopping this medication suddenly can be unsafe for people with heart issues, but i had to stop taking it due to the side effects. it caused me horrible withdrawal even after 4 days of taking, i was even more sick after i had stopped. it's now day 6 after stopping, and i'm almost back to normal. i do not recommend this product""",1.0,"April 22, 2016",19
200632,Varenicline,smoking cessation,"""this drug works! i stopped smoking after 30 years of smoking up to 2 packs a day. it will be a year in february. yeah, i had strange dreams, but no other side effects, and stopping the drug didn't cause me any discomfort. what was great was it's not nicotine, like a patch, so when you stop taking it, you are free from the physical addiction too.i still get little urges here and there, but they only last a few seconds and they are easily dealt with. thank you chantix!  finally a drug that works!""",10.0,"January 24, 2010",9
200465,Varenicline,smoking cessation,"""i started  smoking during a time when it was  no big deal, it was the cool thing to do. try as hard as i could so many times during those years, watching my father die from cancer there was nothing stronger than my addiction to  smoking. in 2007 as a christmas gift to my mother  i planned to  surprise  her with  my quitting smoking. i tried chantix, did not need the 10 days  of  still smoking, i stopped  all together after 6 days. i stopped smoking december 20, 2007. it was the last  time i  was able to give my  mom a christmas gift. mom died may 9th 2008.  so happy that gift was in time, for her and i hope for me.""",10.0,"January 7, 2013",45
166168,Levonorgestrel,emergency contraception,"""omg if you are freaking out relax i know your pain but it works.. so here is my experience, my period came nov 13-19 the 20th i had unprotected sex with my boyfriend (i know stupid) and he finished inside me a little i was freaking out so i sent him to buy me the pill and i took it 2 hours later, 6 days later i was bleeding (apperently a side effect of the pill) i bleed for 6 days from nov 26 to dec 1st, i was supposed to get my period dec 28th and it never came until today 8 days later !!!! i was finally ready to take a pregnancy test and i was freaking out, relax girls this pill is a hormone bomb and it can alter your cycle""",10.0,"January 5, 2017",7
189901,Chantix,smoking cessation,"""i have been smoke free for a little over a year. i used chantix and experienced some side effects. i kind of manipulated my use of it and would take it every other day... that helped some. once i had been without a cigarette for an entire week, i quit chantix. the medicine really works and being smoke free is well worth the temporary side effects.""",10.0,"August 16, 2008",7
147239,Alprazolam,anxiety,"""i had severe anxiety, agoraphobia. i am on xanax for about 3-4 month started with 0.25mg morning and 0.25mg at night and now on 0.50mg two times a day and feel great. no panic and my life is much easy. the world is more familiar and i can go anywhere. it's like i have wings now. i will try to leave the medication in future but for now i accept my situation because i like the feeling of living.

as an anxious i was afraid of death same as i was afraid of life. now, i live.""",10.0,"May 25, 2013",128
4399,Belviq,weight loss,"""i really eat healthy on a regular basis low carb kind of like the keto and atkins diet. i lost around 60 pounds on my own and was in a plateau phase. my doctor suggested taking this medicine. the first 2 days major headaches but then they went away. i am eating, working out, and doing my normal routine with this medicine. now i weight myself 1 week later and learned i gained 9 pounds! doesn't make any sense but i am going to stop taking it when i can loose that much myself without medicine. really sad but this is what i have to do.""",2.0,"May 5, 2017",5
112251,Gabapentin,bipolar disorde,"""i struggled all my life with major depression and hypomania. have had diagnosis every where from add,major depressive disorder, general anxiety disorder, and ptsd (cancer survivor). finally  a highly experienced state pyschiatrist properly identified me as non specific bi polar with rapid cycling. over a ten year prior period, i had tried, zoloft, lexipro, zyprexa, ritalin, all the benzos, several antipyscotics, and many illegal substances to no avail. when i finally met the doctor that diagnosed my bipolar he prescribed gabapentin as a mood stabilizer as well as a sleeping med (ambien) and zoloft (the only anti depressent that ever worked). i have been on this regiment for almost 3 years now and i fully believe it has saved my life!""",10.0,"February 7, 2017",45
15083,Ethinyl estradiol / norethindrone,birth control,"""i am just putting the pieces together today thanks to all your reviews. i was switched to this from lo loestrin fe 1/20 as a generic. i don't remember having problems before but for 2 months i've had discolored discharge, now breakthrough bleeding and mild cramps. i haven't had any period or bleeding for years. i was on microgestin and hopefully my doctor will let me go back on that. this medicine though is not the same as lo loestrin fe 1/20. not even close.""",1.0,"June 4, 2017",2
112025,Gabapentin,hot flashes,"""continuous hot flashes at least one an hour during the day and at least 5 to 6 during the night, waking me up, over the last year. was required to stop estrogen patch after breast cancer scare one year ago, and cold turkey on the hormones sent hot flashes, sleeplessness and irritability off the charts. 
gabapentin was prescribed and was an immediate success at stopping the night sweats and hot flashes.  i took it at night and it worked wonders...i finally switched to a ppo insurance plan so i could choose my own obgyn.  (was previously on a hmo and no doctors would provide any help or relief from hormone issues.)
gabapentin stopped  hot flashes and insomnia within 2 days.""",10.0,"August 25, 2017",23
108323,Bupropion / naltrexone,obesity,"""dry mouth but that just prompted me to drink more water.  slight headache and insomnia yesterday, but insomnia every day for me and i had my hair up, which could be the cause of the headache.  i won't blame the meds for any except the dry mouth.   i was fine taking it on an empty stomach. 
this morning when i awoke, i wasn't crazy thinking about how to battle food cravings all day long.  my willpower was weakening as i get older, or so i thought, but yesterday i was able to work a normal day without thinking about food or the fight with my mind.
with research, i already knew my insurance wouldn't cover it.  i signed up for the savings card program, $70 out of pocket.""",10.0,"July 15, 2015",9
67381,Provera,amenorrhea,"""during the ten days on provera i was emotional, my boobs hurt severely, my face broke out like crazy, and i had horrible fatigue. two days after the 10 days of taking provera, i have the worst period i have ever had in my entire life. having to change my pad/ tampon every single hour was disgusting, i couldn't even enjoy a shower because even afterward i still bled non stop. each day that passes, the heavier my period gets. today is my 6th day, and 4,5,&6 where heavy as hell, but 5&6 had excruciating cramps. and too many blood clots! :( i do not recommend this pill at all.""",1.0,"May 1, 2016",26
125716,Flagyl,bacterial infection,"""medicine seems to be effective, but is literally the most terrible tasting medicine i've ever had.  it has no coating and dissolves instantly on your tongue, leaving a horrid taste behind.  it is upsetting to your stomach.  taking it because it's effective.  wish they'd add a coating.  i dread taking this medicine and have a knot in my stomach when it's almost time to take it.""",5.0,"February 22, 2012",58
218451,Amoxicillin / clavulanate,upper respiratory tract infection,"""used it for a 2 year old for bronchitis and was very effective. difference seen in 2 days. i used orelox before that and it did not help at all. with any chest, sinus related infection augmentin is the way to go.""",9.0,"April 15, 2011",54
130822,Levonorgestrel,birth control,"""i got the mirena about 3 months ago and so far it isn't bad. i was so scared to get it because i was reading all the reviews on it and there were some pretty bad ones, but don't pay any attention to them. when i got the mirena placed it hurt for like 30 seconds and then i had really bad cramps for about an hour. i have had my period since then but it wasn't too heavy and it's become to just daily spotting. and it's very convenient because you don't have to worry about taking a pill daily, so i highly recommend it!""",9.0,"August 25, 2011",7
42452,Concerta,adhd,"""when i was 9 my grades dropped and remained at a c-b average compared to my usual a. it became harder to socialise and eventually i started skipping school 3-4 days out of the week. i had anxiety problems and was on the verge of depression. at the age of 12 my mom in a last ditch effort put me on concerta, which did not magically fix anything but within the next 2 years i was attending school regularly and my grades got better.(from an asian family, grades are everything) i have to say i'm much better but i took a 8 month break and returned to a 36 dosage which makes me sick all day, headaches and problems sleeping. i can barely eat a half a meal without having to force it down.""",8.0,"December 3, 2016",13
175923,Levaquin,bronchitis,"""dosage was 500 mg for 10 days. stopped after 2. feet and ankle pain and swollen knees, hands and fingers that do not stop aching. also lower back pain. headache is almost constant despite tylenol every four hours. cough has lessened but feel overall much weaker.""",1.0,"December 25, 2009",27
77845,Moxifloxacin,sinusitis,"""this is only the second day i have been on it, and already notice a tremendous improvement. i took my first dose yesterday afternoon, and when i woke up this morning i could tell my ears felt much better, as did the never-ending sinus headache. no bad side effects for me so far, and they would have to be very bad for me to quit taking this! finally, relief!""",8.0,"February 16, 2010",17
81580,Yaz,menstrual disorders,"""yaz completely changed my life for good. i've suffered from pmdd for many years; to the point that i felt had no life because of mood swings, cramps, migraines, bloating and terrible anxiety.  i've been taking yaz for a month now and i just experienced my first period on it, 3 light days vs. 7 days (2 extremely heavy days). i have mild cramps still.  i really love yaz, it also has improved my sex drive!""",10.0,"July 6, 2010",10
79807,Xarelto,atrial fibrillation,"""have been on xarelto for 9 months.. no real adverse effects.. only confusing thing is i do not bleed when cut.. or bruise when bumped.. i have asked the mfg so many times to explain this.. and no one answers me.. my inr is a (1). when i ask my doctor, he tells me don't worry it's working.""",10.0,"January 1, 2013",136
87271,Latuda,bipolar disorde,"""i am honestly not sure how to rate this medication but i can relate my experience so far.  i have had no nausea, it does help me sleep better.  i was given the medication for bipolar.  i have been emotionally shut down for a long time and after 3 days it has opened up my emotions and i am not sure if that is a good thing or a bad thing.  in february my husband died of an accidental cocaine overdose.  the only emotion i have felt since he died is anger.  now i feel over whelmed with grief and i am just not sure how to deal with that.""",5.0,"July 5, 2012",40
192173,Drospirenone / ethinyl estradiol,acne,"""i'm actually on laila 35 which is the generic version and it has taken some time for my skin to get where it is but i had horrible cystic acne on my jawline and then just general acne on my face, chest and back. the pill has absolutely cleared my skin to the point where i can go out and not feel like i need makeup. maybe once i have my scars treated, i might not even need makeup for school. i get heaps of compliments on how much better my skin is and looks, let alone how good i feel. unless you have acne you wouldn't understand that its not just something on you face that goes away when you use a cleanser, it's a mental thing. take this and don't expect instant results.""",9.0,"April 30, 2016",22
10315,Sotalol,atrial fibrillation,"""i was diagnosed with af 16 years ago. back then, betapace aka sotalol was newly approved for oral use in the us although it had been around in europe. i have been on this medicine since then. my dosage have gone from as low as 40 mg 2x a day to as high as 120mg 2x a day throughout the years. all these years i had a few af every now and then but as the dose was adjusted it was well controlled until last year. most cardiologist would say i am one of the few patients they know who has been on sotalol this long. i was told since the beginning that i have the worst case of af not induced by any activity  and will not benefit from ablation because of numerous foci. i am very happy with sotalol but might need other alternative soon...""",9.0,"January 25, 2016",50
44853,Albuterol / ipratropium,"copd, maintenance","""i used to take combivent aerosol inhaler and it was wonderful. they decided to make it non aerosol and it does not work. first off anyone without two hands, or arthritis, or wrist issues could not even work the inhaler thats wrong. i have 2 good hands, thank goodness, but the inhaler malfunctions all the time. at first lots comes out, then slowly less and less over a month until i get no med. it doesn't help like it used to. clogs up. runs out before it says empty due to waste because of design flaws. i hate it. i don't even pay for it! those paying hundreds-thats messed up its not worth $10 now.""",4.0,"November 15, 2017",0
129803,Levonorgestrel,emergency contraception,"""i had sex during my most fertile time! the condom broke and i was freaked out! i took plan b 30-36 hours after it happened. i was super tired the day i took it and slept most of the day. i then received bad cramps i thought i was ""implanting""! a few days later i started getting nauseous and back pains i thought i was pregnant! that continued for almost a week.. and i got really sick... my boobs hurt, and i had awful pain in my back. at that point i was terrified!  now 2 days late i received my period!""",10.0,"April 18, 2015",37
21691,Guaifenesin / pseudoephedrine,cough and nasal congestion,"""i tend to get a sinus infection at least twice a year. the only thing that helps me during this time is musinex d. however, after the first time taking it and not being able to sleep i decided to take one pill every 6 hours instead of 2 pills every 12. taking it this way allows me to breath and still be able to sleep at night. for me it is a miracle worker.""",8.0,"September 9, 2016",11
67838,Plan B,emergency contraception,"""i had a quickie n he decided to finish it off in me... well immediately we went 2 our local pharmacy n bought this plan b 1 step pill.i took it immediately.2 weeks later,took a pregnancy test n got the world's biggest positive. the small pill was $50.that was the 1st time in a year n a half that i had intercourse n the last after i had my first son. i honestly believe this pill is ineffective because they just want u to think it works when n reality, it would never work. alot of women don't know their bodies when they ovulate so if your not fertile and he ejaculates n u and u take the pill n dont get preg., the pill is supposed to make u think it worked. do not buy. was never effective. thank u!""",1.0,"September 23, 2016",10
144101,Etonogestrel,birth control,"""i had this in for 3 years as it worked as a contreceptive it was affective. i had no periods for 3 years. i wanted the implant taken out but i had to wait 12 months. side effects were sweating problems and loss of sex drive. once i had it taken out i felt emotional for a few days, had a period and felt human again.""",10.0,"June 29, 2016",6
21248,Focalin XR,adhd,"""my daughter started taking focalin xr 15mg in the morning and 10mg in the afternoon. this medicine does not seem to be helping at all and her behavior is worse than ever to the point that we cannot handle her and she almost had to be hospitalized for the second time within a 2 week span.""",2.0,"November 5, 2011",16
53874,Immune globulin subcutaneous,primary immunodeficiency syndrome,"""i have only been on hizentra one month so imagine it has not had time to work.  within that month i have had 2 sinus infections (dealing with one now and feel awful).  i would like to know how long it took for people to start feeling better.  one doc says 5 infusions, and another says much longer.  however, i have had more energy in between the infections.  your comments have been helpful.""",2.0,"November 15, 2013",9
173021,Clonazepam,bipolar disorde,"""i am bipolar on 500mg lamictal, 1200mg gabapentin and prescribed klonopin. i am prescribed to take it 1.0 two times a day but don't need to often. when i am hysterical or very angry in which i want to hit someone or tell them off which happens sometimes you take half usually and it works. i take a whole one if its too much to handle. i don't use it all the time sometimes not even for a week. it's wonderful for those out if control moments! klonopin is much better for bipolar, to use than xanax. xanax had no effect in me at all!""",10.0,"April 13, 2013",54
212924,Tizanidine,muscle spasm,"""i have been taking tizanidine for about 8 months, having read about it in a medical publication.
i have: fibromyalgia caused by: a chiari 1 malformation (no surgery), adrenal adenoma (excess cortisol), bilateral peripheral neuropathy, 6 damaged disks, hiatal hernia, narrow esophagus, nervous/acid stomach, ibs (had), severe pain in upper leg muscles, tight hamstrings on legs (had/is effectively treated by medications), rls, ehlers-danlos syndrome, sublaxity and double joints, pots; vasoconstriction, raynauds-like feet, see stars with hands over head, fluctuations in bp; 
   tizanadine taken at night, .2 mg dosage, will help me fall into a relaxing sleep with storybook type dreams. it compliments my other drugs well, imo.""",10.0,"June 14, 2015",68
74074,Ethinyl estradiol / norethindrone,birth control,"""i've been on this birth control pill for about a year and a half... so far no pregnancies, my skin is clear but i've always been lucky in that department. my hair actually feels thicker! no weight gain and no headaches. my period is usually 2-3 days long and super light. sometimes i only spot for a day and that's it. i used to have severe cramps prior to getting on this birth control to the point i was prescribed muscle relaxants (that bad!)... and now its slight cramping for a day or two the week of my ""period"". everyone's body is different but i have had no side effects on this pill. """,10.0,"September 16, 2011",13
55123,Bupropion / naltrexone,obesity,"""soon after beginning contrave i began to feel really wonky, couldn't sleep no matter how i tried. as much as i wanted to quit, i gave it 6 weeks anyway. like many medications, thought the side effects would pass. they didn't. i titrated off as my doctor recommended. a month and a half later, i no longer feel wonky, but still only getting 2-3 hours of sleep a night. my son in law has been on it a year, working hard to change his life. but even as active as he is, surfer, runner, skateboarding, he's lost a whole 12 pounds. just not worth it.""",1.0,"March 20, 2016",8
141562,Escitalopram,depression,"""i loved lexapro, i had been on it for approximately 5 years.  it worked wonders, made me feel close to ""normal"".  recently in the past 6 months i had gone through some life altering events and had noticed my depression was coming back more and more. i finally broke down and told my doctor (i thought the problem would correct itself) so, he changed me to pristq. i had a slight yawn while on lexapro and some sexual side effects but they were less than any other medication i had ever taken.  so when lexapro works it works great!  when it's run it's course, time to move on.""",8.0,"May 24, 2013",69
121573,Venlafaxine,postpartum depression,"""it helped with my anxiety, but to the point that i didn't care and started taking risks. i had major mood swings, was full of rage and started self harming again for the first time in decades. i've had to be weaned off it to start another medicine.""",1.0,"April 25, 2015",1
84434,Ethinyl estradiol / norgestimate,birth control,"""this birth control did wonders for my stomach. other brands made me so sick and if i forgot and had to take 2 at a time i was throwing up in the middle of the night. these pills do not upset my stomach at all which is great. haven't noticed any other side effects maybe a little moody at times but i think that's just my period. also no weight changes for me""",9.0,"November 23, 2016",1
113848,Amlodipine,high blood pressure,"""i was put on a 5mg dosage on a friday. by monday i was contacting my doctor telling her that i could not take the side effects.  migraine level headaches, lightheadedness, dizziness, racing heart.  i suffer from graves disease and hypertension.  this medication made me worse.  would not recommend it at all.""",1.0,"November 3, 2017",7
217911,Strattera,adhd,"""i was prescribed this medicine, 40mg twice a day. i read a lot of information before deciding to take this. i am a 40 year old black female and have had struggles for many years while in school. i decided to go back to school and also tried this to see if there was a difference. it takes a while before you notice a change in the ability to focus. when earning my 1st degree, i struggled in school, probably all my life. while on strattera, i could sit and study for hours and not be distracted. i went from struggling to earn c's maybe a b, to earning a's and maybe a b. i actually understood what i was studying and didn't feel like doing 3-4 other things at the same time. i stopped taking it because of an ekg that showed an irregular heart beat. a side effect.""",10.0,"March 12, 2009",172
7521,Xanax,anxiety,"""i suffer from complicated grief and ptsd, i lost my only child to severe mental illness almost six years ago. my anxiety is through the roof right now.  psychiatrist prescribed ativan but it does nothing really (.5 mg) compared to alprazolam (generic for xanax).  even splitting a .5 mg pill helps me to stop frantic behaviors.  but this stuff is addictive, you have to be careful never to go over prescribed daily dose and i don't know how difficult it will be to stop this medication, if i ever decide to do that.""",8.0,"January 8, 2017",30
199850,Varenicline,smoking cessation,"""i don't think there is anything on the market as effective as champix.
get a coarse of tablets and within 2 weeks cigarettes taste vile and you have no desire for them anyway.
i don't think giving up gets any easier they are not the nicest tabs to take but we'll worth using. as a 30 a day smoker i would say i was dubious at first but they work.
i have tried all sorts but these pills are really effective.""",10.0,"January 2, 2017",16
27692,Lexapro,generalized anxiety disorde,"""hi! i just wanted to share my experience for those who are out there scared to death to take something that may help them, something your brain may need. long story short, i was diagnosed with gad/panic seven years ago at the age of 19 when my brother was diagnosed with a severe psychiatric mental illness - one that changed his life as well as my families. i began having full blown nocturnal panic attacks, depersonalization, along with extreme anxiety/panic. i tried cbt, changing my diet, doing meditation/yoga, journaling, deep breathing, etc. nothing worked & nothing helped me overcome this except lexapro. i am currently a rn and believe my brain needs this medication. please don't be scared or ashamed if you need to take something to help.""",10.0,"October 8, 2017",65
181559,Prozac,depression,"""i found that prozac has greatly helped me, and i intend on continuing to take the medicine for some time.  the only drawback is that i've found that even at max dosage i'm still greatly affected by my illness.  this is going to be supplemented by seroquel.""",8.0,"February 21, 2012",7
113734,Acetaminophen / butalbital / caffeine,headache,"""i have had a lifetime of debilitating headaches, through which pricey neurologists have determined that i have 2 types of headache going on - though perhaps not at the same time. i have severe tension headaches, as well as heachaches with a significant migraine component (i see the aura - i can tell when those are on the way). fioricet is a fundamental front-line treatment for the tension headaches, and with fioricet, they usually do not develop into the severe (keep me in a quiet, dark room) type, which were much more frequent without fioricet. i fully endorse it in my case.""",10.0,"September 6, 2014",61
139141,Phentermine,weight loss,"""i have used this pill off and on for the past 9 years. i have to say it's the best pill for losing weight and the only thing that has ever worked for me. i gain at least 60-70 pounds with each pregnancy, so each time i have a child, i have a massive amount of weight to lose, and each time i take the pill, i go right back down to my size 4 within 4-5 months ( no exercise). my tips, after taking it so long are the following: always take way before breakfast--take the first thing in the morning, and if you really want to get results, don't eat any carbs for breakfast. never go from taking one a day to stopping, because you will gain it back. you must wean yourself off slowly and you'll be fine. """,10.0,"October 19, 2008",796
222683,Topamax,seizure prevention,"""when i first started this medication it was ok ,i was never told this medicine cause memory loss. it's really bad, i can't remember at times if i took my medicine and places i have been going all my life i can't remember how to get there. please be aware!!!""",3.0,"June 28, 2016",13
184556,Hydroxyzine,allergic urticaria,"""hydroxyzine has worked great for my allergic reactions. i have been fighting these allergies for 8 years now. i have tried everything form benedryl to prescription allergy medicines. nothing has worked for me except the hydroxyzine. i have been taking it for 4 months now and have only had very mild if any skin irritations since i began taking it. the drowsiness has not affected me at all.""",10.0,"December 8, 2009",25
21346,Zaleplon,insomnia,"""it is for the person who cannot turn off their racing thoughts at night long enough to fall asleep or the person once asleep stays asleep.  you need to take it on an empty stomach or at least after merely a light non fatty meal for dinner.  if you eat mcdonalds the night of or something like that forget about it, you can take five of them and still not fall asleep.  so if prescribed it and falling asleep is your main issue or you use it only when you need sleep for a big event next day eat light that evening or just eat big lunch then take on empty or near empty stomach.  only has about a two hour life and zero half life so take your butt to bed once it kicks in""",7.0,"April 14, 2016",11
183483,Cymbalta,anxiety,"""i started take this at 30mg a week ago. i have been on so many different medicines none of them work but after only a couple of days i was feeling much better. i drove my car for an hour last night for the first time. 2 years ago i got electrocuted on 440 and i started getting the worse panic attacks. i could not get out of bed most days. i have been on every medicine they make for this. none of them worked but in a week on cymbalta i feel like i'm almost my old self again. i just turned 25 and i have a 2year old son. so thank you cymbalta. the only side effect is i can not sleep at all. maybe an hour here or there but i have not been tired.""",10.0,"May 30, 2011",30
49308,Ethinyl estradiol / levonorgestrel,birth control,"""this birth control makes me incredibly nauseous. i had to miss a day of work due to the nausea. i have been on birth control in the past and realize taking it in the evening is the best choice but that does not help. i also take it with food and i am still nauseous. i feel like i have morning sickness all over again from my pregnancy. switching pills....enough said.""",1.0,"March 24, 2016",6
119906,Losartan,high blood pressure,"""this medication is terrible. i have been running a low grade fever and have had dizzy spells and ended up in the er with a bp spike and chest pains now at 39 i have to have a stress test done. i have only been taking this for 5 days and last night after my er visit i took my clonodine and my bp has been fine all day....never again will i take this medicine.""",2.0,"October 2, 2015",47
18582,Alendronate,prevention of osteoporosis,"""give me osteoporosis.  nothing worst than this!  i could not get myself to take my weekly dose today.  i have been taking alendronate sodium 1 month now.  i feel so....bad.  today before taking it i decided to read the reviews on it.  omg, i identified with all.  i have never had so much pain, bones, joints, jaw, feet, dry mouth and sore eyes.  how can a company put out such a product?  i am so glad for everyone who posted their reaction for this terrible drug.""",1.0,"April 7, 2017",19
159498,Gabapentin enacarbil,restless legs syndrome,"""horizant has given me back my sleep!  i take one 600mg tablet at dinnertime and am able to rest without the crazy leg and arm movements that i've suffered throughout the night with for years.  i wake up feeling fine and not groggy or tired.  thanks doc!""",10.0,"July 17, 2017",5
101674,Methocarbamol,muscle spasm,"""i started taking this medicine  in feb 2015 after i had a fall. i already had sciatica and a slipped disc. i was not on meds at the time for that yet, but now i have about 7 back spasms a day , and the methocarbamol 750 mg does not help even when i take two, so i'm moving on to three. hope this helps ...  yes my family says i don't remember alot of stuff . hope this helps""",1.0,"March 28, 2015",22
82367,Liraglutide,obesity,"""i was told i had to lose 44lbs in 3 months so i could have ivf. i've been using victoza for 3.5 weeks and i've lost 14lbs. took 0.6 for the first 2 days and been on 1.2 ever since. i had some nausea and lethargy for the first 4 days, but after that i felt great. i've been working out about 5 - 6 days per week and feeling strong.

i wanted to ask whether victoza side-effects get a ""second wind"" after a while, because today i feel terrible. i had a rather fatty meal yesterday for lunch, but a small portion. felt ill almost instantly and have been feeling headachy, queasy and ""fuzzy"" all day today.  i also think i might have a fever.

i am very healthy otherwise, so i don't think it can be anything but victoza.  i have zero appetite today.""",9.0,"August 20, 2013",59
65786,Propranolol,anxiety,"""i am now in my late 30's and have always been a very confident person. i work in the construction industry and have worked my way up the ladder into an executive role. 7 years ago i had my first panic attack just prior to presenting to the company. i fought my way through it - but i developed classic fear symptoms moving forward. i would worry myself sick with anxiety thinking about my next presentation.  2 yrs ago i was prescribed propranolol and it has been a life changer. no pounding heart or shortness of breath any more! i take 30mg before a presentation /10mg before a stressful meeting that i need to run / 5mg in the morning can calm me on a stressful day. i thought i needed to change careers at one point - not anymore - miracle med!""",10.0,"March 28, 2016",38
151935,Chantix,smoking cessation,"""i would recommend this medication to anyone. my doctor advised me of the side effects, but i really wanted to quit. i have smoked for 22 years and i have a new grandson in the house. the only side effect i had was constipation, but it was something i could deal with. always take this medication just after a meal so you wont feel sick. i learned that the first week. i have been quit for 34 days and i have been off the medication for 1 week. it suggests a 12 week treatment but i knew i was ready. all of the anxiety, mood swings and insomnia come along with nicotine withdrawals, but this medication makes them so much easier to tolerate. hang in there, the first three days is the worst, but if you make it a week, don't turn back. good luck.""",9.0,"October 5, 2011",6
128868,Phentermine,weight loss,"""in my last post, i had lost 8lb in 2.5 weeks. starting weight was 181lbs, i currently weigh 168. i have been on phentermine for about 6 weeks. i have had a busy summer, in which i would usually gain weight however, i have continued to lose even though my busy schedule makes it hard to work out every day. currently down 13 lbs! i will begin to increase my workout schedule as i am not as busy anymore. hoping to lose another 10-15lbs within the next 8 weeks (maybe more!).""",10.0,"July 16, 2014",34
55983,Effexor,depression,"""i find the drug good, my doses go up and down depending on how i am feeling. i have put on weight at 225mg and i was told that you are not supposed to exceed 225mg. i will go back down to 150mg for the summer. i usually go up in the winter months.""",9.0,"June 4, 2008",27
225221,Bupropion,major depressive disorde,"""i have bipolar disorder, anxiety, severe depression, ptsd and an eating disorder. i am a 25 year old female and i've been taking wellbutrin for 3 days with lexapro. i've tried them all, lamictal, abilify, i don't need to go on. my doctor put me on this after  attempting suicide. i'm trying this before i go to my last option, hospitalization. i've read so many positive comments, and i feel a difference already. i have so much energy, but i'm still sleeping a lot. the migraines are horrible, but that's really nothing new with this type of medication. this will be the 7th trial of medications i've been on in a year. not one has worked. i'm trying really hard and being very patient. i hope for a happy ending like most of you.""",8.0,"November 13, 2015",49
215772,Copper,birth control,"""i got the paraguard inserted in taiwan, when i met my now husband. i'm giving a one star review because i got pregnant, lucky us right.. anyways, not a successful form of birth control for us and we had to deal with what to do while both of us are expats living abroad, ultimately the pregnancy ended in a miscarriage which is pretty common after having the iud removed. just a shitty situation and i wouldn't recommend this iud to others.. we asked the doctor how this could have happened, as we regularly get it checked to make sure it's in place, and he said we both must be ultra fertile. we have switched to the hormonal iud so we'll see how that works for us-- apparently it's more effective.""",1.0,"December 5, 2016",3
188821,Xeloda,"breast cancer, metastatic","""i've been on xeloda for 5 months. i have extreme traveling pains. once i woke up at 3am and my right hand felt like someone had stabbed me with a knife and the knife was still in it. this lasted for 3 days. next it was my left leg at the hip joint. i couldn't walk on it. lots of pain when i moved it. it lasted about 4 days. next was in my jaw joint. painful swelling, couldn't bite down on anything..another 3 day episode. the pain is horrible. i go for scans in two weeks to see why my tumor markers went up. could be from the inflammation xeloda is causing, could be xeloda is not working for me and the cancer is spreading. will know soon.""",6.0,"April 4, 2016",9
3963,Seroquel XR,bipolar disorde,"""i really noticed a negative difference when comparing the xr version to the regular seroquel.  it took longer to kick in and made me so drowsy at work that i felt like i was drunk.  i think i was taking 100-200 mg.  when i went back to regular seroquel, 100-200 mg put me to sleep fast and made a difference in stabilizing my mood without me feeling too drowsy to function the next day.""",4.0,"June 6, 2016",15
123645,Skyla,birth control,"""after the iud was inserted i felt some mild cramping and was spotting for a couple of hours. its only been a week and i have had bad cramps and i have been light headed almost everyday since the insertion. besides the cramping skyla does its job!""",9.0,"April 7, 2017",0
221383,Dextromethorphan,cough,"""using delsym orange liquid. suppresses cough. tastes way better than dayquil and robotussin syrups. 

raging diarrhea, lack of appetite, vertigo, chills. 

really not worth it just for a cold, but i have reached the point in my cold that if i cough or sneeze too hard that i pee.  now i get to choose between pee or poo.""",2.0,"November 22, 2016",1
43870,Acetaminophen / codeine,pain,"""i have chronic pain due to endometriosis and trust me, not pleasant at all but with this medication, it helps. it may not be as strong as i would like it to be but i'm ok it does something. i just don't want to rely on pain meds because of my daughter. however, it times of great overwhelming pain, i take one of these and a ambien and i'm out cold. upside is i met my out of pocket and deductible so its free till end of year.""",7.0,"December 7, 2016",5
2865,Belbuca,chronic pain,"""i was prescribed this medication for rsd chronic pain i've been on this medication for approximately two and a half weeks now the nausea is awful vomiting the feeling of being seasick 24 hours a day i recalled my pain management doctor and explain the side effects of this was told i would have to stay on at the full 30 days had to recall a few days later to get prescribed a pill for nausea  after two doses of that i still vomited i am now on the second day with the nausea medication and a bellvue co hopefully today is better most times the dissolving film does not dissolve completely almost 75% of the patches i have taken so far left what looked to be like a small piece of gum either stuck to my teeth or the side of the inside of my cheek""",1.0,"March 31, 2016",19
206875,Duac,acne,"""this product is working pretty well for me right now, with the exception of one old bump it has cleared my face and arms up really well. i am very happy so far.""",7.0,"August 24, 2009",6
3719,Fioricet,headache,"""this is an old medication that i hope will never be removed. my grandfather used to take it when it wasn't a prescription. my father took it and i take it. it kills the headache with just one dose within 20 minutes. 
sometimes i may get sleepy when it takes effect, but i also believe this happens due to the possibility that i hadn't slept well and is why that particular headache came on. 
when i first started taking fioricet, i did feel some light nausea, and dizziness, but i do not get those side effects any more. i also am sure i eat a couple of saltines when i take it. 
i have been on many other medications for my headaches and have not had the possitive results that i get from the fiorocet.""",10.0,"January 9, 2016",37
152971,Doxycycline,acne,"""not impressed with doxycycline at all.
been taking it for about four months now and my skin has never looked worse. 
i've been sunburnt terribly, gained weight, bruised more, and everywhere on my face has more pimples.
i'm coming off this in a few days, can't wait.""",3.0,"December 19, 2016",7
129096,Levonorgestrel,emergency contraception,"""so many of you, like me, reading these reviews have read these over and over. i was in ur position and thought my life was over, i'm a teen who thought i was pregnant. what happened was on oct 19 me and my boyfriend had sex for only the 2 time, and only my 2 time ever so i was obviously still nervous. sadly the condom broke, & we didn't notice until after the fact but i think it only broke about 5 min before we stopped. although he didn't cum and it was only a short time before we stopped, we were both super scared and freaking out bc i'm not on birth control. we could only go as soon as 5 hr later, but i took the pill. only cramps and back pains side effects, but the pill worked!!! i got my period today on time! best day ever! it will work just wait it out!""",10.0,"November 2, 2015",30
31985,Miconazole,vaginal yeast infection,"""i have had a bad yeast infection for a few days, and my mom recommended this. inserted the one day or night treatment and was hit but 100x more pain and itchiness than before! i was crying and had to dig it out. going to have to try a different one.""",1.0,"June 6, 2015",13
179443,Olanzapine,bipolar disorde,"""this drug really helped my depression and irregular moods.  it also helped to stop my restless leg syndrome.  however, i used to be quite slim (108 lbs) and now i'm getting very chubby- i'm afraid to look on the scale.  i also have been having severe night sweats and i'm only 30 years old.  all of a sudden i've been passing gas frequently, too. this drug, despite the side-effects has been wonderful for me. i've been able to start working again after several months of unemployment.""",8.0,"May 16, 2010",9
41591,Clonidine,opiate withdrawal,"""was on oxycodone 10 mg for a year. am now 72 hours clean from it. started taking clonidine at the first hour. took .2 mg every 5 hours for the first 48 hours. dropped back to .1mg every 6 hours up until now. i have had zero withdrawal symptoms but i still have problems sleeping. the only downside is that it makes me very weak. i can barely walk. i would take being weak over the nasty withdrawal symptoms any day. i am 61 years old and i was hooked on various opiates back in 80s, went through many detox units and i never had an easier 72 hours than this time. i would recommend it to anyone.""",8.0,"July 31, 2017",40
126761,Dilaudid,chronic pain,"""i have severe chronic abdominal pain and the only medication that controls my pain is dilaudid. i was first given dilaudid iv in the hospital after i had a reaction to morphine and it was amazing. in less than a minute my pain was essentially gone.  the iv dilaudid is, in my opinion, the greatest medicine ever invented. i now take 4 mg tablets six times a day for my pain and it keeps my pain at about a 4, as opposed to being 9 or 10 without it. i have a really sensitive stomach but i don't get nauseated from it like i do with other pain meds. """,9.0,"September 26, 2012",132
207498,Suprep Bowel Prep Kit,bowel preparation,"""suprep works very well. i read prior users' comments before i started, which also helped.  so, on the monday before the friday exam, i started eating easier to digest foods and drinking sports drinks (for electrolytes).  on thursday morning about 2am, i started my ""food"" routine, alternating chicken broth (cooked from boiled fresh chicken, carrots, celery, onions, pepper and purchased broth), propel, sugar free jello (from the refrigerated grocery section), lemon-ice bars and green tea with lemon juice and honey.  
i didn't have trouble drinking the suprep directly, but did try to distract myself with minor household tasks as i was taking sips. i used cetophil with tissue for wipes and added ointment when needed.tried to rest between doses""",9.0,"February 6, 2017",18
2980,Alavert,urticaria,"""i have been taking this medication for 10 years due to multiple allergies, i take it at night as it can cause drowsiness, although personally i have not found this to be a problem.""",10.0,"February 27, 2013",26
14806,Ethinyl estradiol / norethindrone,birth control,"""at first it made my sex drive non-existent... but after a while of taking it i feel back to normal, if not better! honestly, it has made me happier and more energized. the pharmacy tried to change me to another one today... no way. my sister also takes this one and loves it too. i recommend it to my friends looking to start a lower dose pill. most reviews are negative, but remember ladies, everybody is different, reactions are different. if it doesn't work for you, change it to one that will.""",8.0,"October 6, 2017",4
47259,Creatine,not listed / othe,"""creatine was recommended to increase muscle tone. i am a female, 5'1"" 118 lbs. i took 100mg daily. i quickly developed a horrible body odor. it was described as smelling like i just cleaned an aquarium. unfortunately i could not smell the odor on myself and not everybody was able to smell it, but after anonymous complaints at the gym and finally from a good friend i determined the cause was the creatiine.""",1.0,"July 19, 2014",3
127239,Disulfiram,alcohol dependence,"""used if for four weeks two years ago but was then scaremongered about its side effects by a hospital counsellor. still couldn't control my drinking and has been getting to a seriously dangerous state so i started back on them last saturday. today is day 6 and i have been to the pub for lunch and coffee and have not felt the need to drink although have felt cravings. have had trouble sleeping and a few headaches but nothing too untoward. hope to stay sober for a lot longer!""",10.0,"February 23, 2012",81
117646,Nortriptyline,pain,"""i have been taking nortriptline for a little over a month now and have found it has helped in several areas of my life.  i have been suffering from headaches for over 10 years due to nerve trauma from a wisdom tooth extraction.  i have been on every medication under the sun and then some.  usually strong narcotics and several at a time with no real results at all.  i have also suffered from chronic depression, anxiety and panic attacks.  i happened to see a doctor not my own who asked if i would be willing to try it.  why not can't hurt was my thought.  i am so grateful for his suggestion, i have stopped taking the narcotics and anxiety/depression medicines. i am currently at 50mg going to start 60mg with no side effects other than dry mouth.""",10.0,"March 26, 2014",181
143182,Etonogestrel,birth control,"""everyone i know is scared of implanon, i don't know why! i've had mine in for a year & a half & i've had the best experience. i have not gotten pregnant""",10.0,"April 13, 2017",5
229748,Ketamine,pain,"""i have taken oral ketamine for 17 days. for me it is a miracle drug for neuropathic pain. started at 10 mg daily by 2.5 mg caps compounded by pharmacy. side effects are wet mouth or excessive salivation, a dizziness that my body adjusted to quickly, a feeling of two beers or a slight intoxication, mild anxiety.  the reward of a 3 point drop in neuropathic pain level is worth it. i feel my old arthritic pain again much stronger. a 8 as the crps specific pain is a 4-5!  oral metabolizes into norketamine & hydro norketamine 5 times stronger than ketamine. the iv dosing at high levels does not get this first pass metabolism and levels are higher mg than 15 mg. going to 20 mg after ok from doctor. i recommend patients with severe nerve pain.""",10.0,"January 20, 2016",18
162121,Benzoyl peroxide,acne,"""my daughter has been using this for the past 10 days for her chest/back acne and it is fantastic.  it's easy to apply and about 90% of her acne is gone.  the only thing concern i have is that her chest area is very red and the skin seems dried out. i would highly recommend this medicine.""",9.0,"May 14, 2010",25
28756,Lexapro,depression,"""i've been on 10mg lexapro for a couple weeks now and feel much more capable of keeping myself in check during ""tough"" situations.  this is my second time on this lexapro.  the first was a few years ago in what ultimately became a failed marriage.  now, happily remarried, to a supportive woman with gad, i am on it again.  this time though it is not my wife causing the the stress (good thing) and i think because of that, the medicine is working much more effectively, which brings me to my point.  unless you change the things in your life, your life will not change.""",9.0,"August 18, 2010",47
64551,Sertraline,depression,"""i started the medicine about 2 months ago and have recently in the past few weeks been experiencing strange dreams. i don't know if it is caused by this medication or the other one i'm on called buspirone.""",3.0,"March 14, 2016",4
72610,Tramadol,ibromyalgia,"""my rheumatologist started me on ultram a few weeks ago. i also take zoloft. i was diagnosed with fibromyalgia approximately 10 years ago and have tried several medicines. my rheumatologist was concerned about my long term use of tylenol and advil on my kidneys and liver and said this would be easier on my body. it has helped a lot. i have much more energy and much reduced pain, it helps me go to work regularly and have a life with my family, but if i miss a dose i am really moody and weepy, so everyone knows when i haven't had it.  i like it so far.""",10.0,"May 12, 2010",74
217263,Clarithromycin,pneumonia,"""i've am on 500mg twice a day for pnumonia which i have had twice before..feeling much better after day 2 although energy levels still pretty low..side effects are grumbling,painful stomach ache and a horrible taste in your mouth plus i go dizzy at times and forget things..""",8.0,"July 3, 2016",14
49994,Gabapentin,alcohol withdrawal,"""i went on gabapentin for alcoholism that troubled me for 10 years when nothing including alcoholics anonymous barely worked. i read anecdotal information that it helped with alcoholism, went on 600mg twice daily and it was the first thing that helped me. now i take 1200mg twice daily and find it works great!

afterwards i read a study in the journal of american medicine, gabapentin in alcohol dependance, 2014 that confirmed it works well in many people for cravings and binge drinking.

this medicine should be further studied to confirm it works well. on this site it is obvious it helps a lot of people struggling with alcoholism which i have, along with bipolar disorder. i call gabapentin my"" happy pills"" that also takes away my anxiety.""",10.0,"February 6, 2016",70
189900,Chantix,smoking cessation,"""i was a pack a day smoker for 30 years, have copd, and was using oxygen at night and at exertion.%ufffd i used chantix for 6 months per pulmonary doctor and have been smoke free for 1 year in october. no longer use oxygen, was able to give that up after about 7 months of no smoking and have never felt better in my life. i am 52 and wish i had known about chantix long ago. i had tried to quit so many times, me and husband, and now we're both smoke/nicotine free. the nausea was very bothersome, lasted about 4 months for me. well worth all the bother and sickness.""",10.0,"August 30, 2008",26
151515,Chantix,smoking cessation,"""i'm a retired professional firefighter / paramedic, my whole career i smoked and tried to quit several times because i knew smoking was bad for my health. even in paramedic school the teachers would be talking about how bad smoking was for me, i'd be constantly be looking at the clock waiting on break so i could go smoke. we would run medical calls on people with ""copd"" (emphysema) and i'd vow that i was going to quit but as usual i couldn't, we would go on fire calls and after the fire was over the first thing i would do was to light a cigarette and that was an ongoing thing for years and years, after retiring i heard about a new thing called chantix and went to my doctor for a prescription. it was amazing the cravings went away and i quit""",10.0,"December 12, 2015",25
17433,Ethinyl estradiol / etonogestrel,birth control,"""in the past year, i've tried 7 different birth controls. pills, patches...you name it, i've been on it. i've never had any true issues with any weight gain on bc, but i am very prone to yeast infections. i got them almost every other week. after switching to the ring, i haven't had any and it's been fantastic! i'd definitely recommend this!""",10.0,"March 8, 2017",5
197367,Paroxetine,anxiety and stress,"""within a week or two of taking a low dose of paxil i experienced constant migraines (never have had a problem with headaches before), extreme fatigue, and constipation. my doctor switched me to zoloft after a month on paxil and i feel much better.""",4.0,"March 21, 2011",11
8214,Zolpidem,insomnia,"""simple, i started taking ambien in 2001 when it was prescribed for me by my orthopedic md for a swollen knee so i could sleep, then i found out it was not habit forming, other than psychological.  i am a professor and i have trouble shutting down my mind at night.  i have used it daily since that time, never have needed more than 5-10mg, never sleep walk, do my best work in the morning at my office before classes, have gone a few days when i have run out and am not somewhere i can refill.  doesn't worry me, i just accept i am not going to sleep well and i don't, but i sleep some.  i don't get anxious about it.  i am now 71, still teaching full time, no sign of weak bones.  why on earth would i want to stop taking ambien?""",10.0,"February 19, 2016",75
166078,Levonorgestrel,birth control,"""getting skyla put in felt like the worst pain of my life. the insertion is beyond painful. when my gyno told me to cough i did, but then i screamed and started crying because the pain was excruciating (i'm assuming like childbirth). then the cramping afterward was so bad my boyfriend had to carry me out the door. i got the iud because my period cramps were so bad i couldn't stand. since insertion i've had no cramps! my cramps are gone, my periods are regular, and i have no problems. i am however dreading 3 months when i have to get it replaced! but i would do it all over again because it's the best option in the long term.""",9.0,"January 24, 2017",1
199003,Depo-Provera,birth control,"""after 1 week receiving the shot. i had night sweats for 5 days. i been having severe anxiety. my body aches like i have  the flu it will be one month i've been on depo the night sweats r away but i'm having pain in my feet and in my knees. the odd thing is instead of gaining weight i'm loosing weight i lost so far 12 lbs in almost a month. i'm starting to spot due to my period always comes on the 20th. not getting cramping yet.  i'm not going to get depo again because the night sweats n leg pain n some minor headaches i don't like. i'm 31 yrs old and a mom of 4. my husband says since the shot he noticed me more down n not in the mood. so i'm certain the depo is causing all this craziness to my body.i'm getting blood work done to c if its my thyroid""",2.0,"April 18, 2016",6
30606,Miconazole,vaginal yeast infection,"""this is my 3rd time using the monistat 3 day ovules over the past 5 years or so and i swear by them! they always clear up my yi. relatively inexpensive and easier than going to the doctor to get a prescription. reading these reviews blows my mind a little because i've never experienced extreme burning, to be honest i barely know they are there. i insert them right before i go to bed and have absolutely no discomfort or issues. maybe try doing this to prevent burning so the ovules dissolve and absorb while you are lying down instead of dripping out if you are sitting up or walking around. if you've experienced burning or are worried about burning i would say go to the doctor and get oral diflucan but i can vouch it isn't always painful.""",10.0,"October 19, 2017",2
114843,Diazepam,anxiety,"""was given 5mg to take up to 3 times per day for anxiety. didn’t use it each day, only when really necessary. initially worked well, but extreme fatigue was a problem. within a few weeks i was only taking it on 2 or 3 days per week, up to 2 doses. sometimes i would half the tablets. by that time it was only helping for an hour or two so i stopped taking it. the withdrawal anxiety has been horrendous. my gp didn’t even talk about withdrawal to me. i won’t be recommending this to anyone apart from for emergency use. i am angry that i was prescribed this so easily with no advice given.""",4.0,"October 12, 2017",1
32227,Wellbutrin XL,adhd,"""i have been on wellbutrin for several months and am amazed at how it has helped my add. my anxiety and sense of being overwhelmed is so much better. however, i'm finding that 4 to 5 hours after taking my pill i am having severe dizziness to the point where i feel like i""m going to pass out and all my limbs are about to go completely limp. it almost feels like an out-of-body experience and i'm losing control. not good since today it happened while driving my car - lasted for about an hour and then subsided. it's happened many times during the day while i've been at my desk working. so, i see my doctor this thursday and am hoping that i won't have to go off it. the side effects of the stimulants that i've tried have been horrible.""",10.0,"January 18, 2010",64
148844,Mirena,abnormal uterine bleeding,"""awful. i had this inserted after my 3rd child in november 2015 for use of birth control and irregular periods. i had this removed just after 3 months because i bled (not spotted) every single day. post removal, i have been still bleeding for 2 weeks straight. i used this device in conjunction with the pill to try to stop the spotting/bleeding and that did not work at all. i'm on my 4th pack and i still bled with the lowest dose of the pill while on the iud. the strings also poked my partner during sex so my ob shortened them. at time of removal, he tried several times to take the iud out because the strings were so short. mirena should be taken off the market. this non stop bleeding is worse than i've ever experienced. do not get this iud!""",1.0,"February 10, 2016",6
20303,Macrobid,prevention of bladder infection,"""i have had frequently reoccurring urinary tract infections for almost 15 years and tried pretty much every trick out there to prevent them, to no avail. when discussing this with an ob/gyn she decided to prescribe macrobid to be taken on days of intercourse in order to prevent me from getting another infection. i went from getting an infection every couple of months to not having one for a year and a half, until i ran out of the medication. the only side effect was a change in urine color which did not have an effect on my quality of life beyond wearing panty liners as a precautionary measure on days i had taken it to ensure my underwear did not get stained. taking this to prevent infections was a life changer for me.""",10.0,"March 4, 2013",98
106138,Atomoxetine,adhd,"""i'm a 32 year old male and have had symptoms of adhd all my life, but chose not to treat it because the types of medications available seemed to 'take something away' from my personality.  i finally reached a point that my wife begged me to do something, so i started with strattera due to my doctor's recommendation.  i've been on 40mg for 2 months now, and notice a major difference.  i now have a desire to get on the floor and play with the kids, whereas before it seemed tedious and boring.  i find that i'm not as tired at the end of the day/week because my thoughts are not distracted, by all the 'noise' that i seem to have from the adhd.  i'm still new to the drug, and things could change, but for now, i am really happy.""",10.0,"November 27, 2008",299
194944,Levetiracetam,seizures,"""my fiance has been using keppra xr since january of 09. so far he has not had any seizures. but has experienced all the side effects of the medication. but it does work. i would recommend keppra xr.""",10.0,"June 16, 2009",9
192570,Drospirenone / ethinyl estradiol,birth control,"""i used to be on beyaz, which was great for me. then when i moved out of the country, i had to switch to yazmin (same company). it's my first month, and i am so moody! i have gotten into big fights with my boyfriend over the smallest things in just the past couple weeks that i've been using this pill. i don't feel like myself. i am constantly going into depressions (i was already depression-prone before the pill). sure, it's getting the job done, i don't have any physical issues really (though i do have headaches, but it may not be from the pill), but overall the moodiness isn't working for me. i'm going to be switching to yaz next month.""",5.0,"February 27, 2012",5
110002,Nexplanon,birth control,"""i've only had this nexplanon implant for a week now, but so far my fave has started clearing up. i used to have really irregular periods and rarely got them but like once every 2 months.  i actually lost weight in the week i've had it.  i have had some intense mood swings. but so far it's worth it.""",8.0,"May 23, 2016",5
142568,Levonorgestrel,birth control,"""i am giving it a 9 just because the insertion was the most excruciating pain i've ever experienced. i took 1000 mg of tylenol es but i guess it took too long to kick in. i turned blue and almost passed out after the insertion. the day of the insertion i had annoying cramps but a day later and i feel so much better; woke up feeling brand new. i've tried the pill & nexplanon which i hated, since this is low dosage of hormones, i am sure it's going to be 20x better than the two. will give an update after several weeks.""",9.0,"August 25, 2017",2
176632,Lorazepam,anxiety,"""this medicine is wonderful!  i have severe anxiety problems that have been leaving me literally sleepless.  i finally went back to my doctor after getting only 8 hours of sleep in 3 days.  i was on lunesta sleep aid and he kept me on it, but added lorazepam and said to take it with my sleeping pills each night.  now i'm out like a baby without a  care in the world.  i can still feel the effects the next day, as i'm much more relaxed about things.  i would definitely recommend this to someone who has similar problems to mine.""",10.0,"July 25, 2010",17
12243,Loryna,birth control,"""i have been on four different birth control pills in the past 2 years. i got on loryna about 6 months ago, and absolutely love it. it has completely gotten rid of my acne, and my periods are only 2 days now, with very little/ almost no cramps or pain. i used to have terrible breakouts, and nothing would prevent or help them. this birth control cleared my skin up the 2nd week i was on it, and i have had maybe a few zits here and there (3 or 4) but they usually go away right away. other birth control pills gave me mood swings, messed with my periods, or made my acne worse. so glad when i switched to a new doctor, she put me on this. it is the best!""",10.0,"March 7, 2016",5
9217,Lo Loestrin Fe,birth control,"""my obgyn prescribed me this. took it for about a month or a little less.. made me moody, break out when my acne hadn't broken out in over a year. decrease in sex drive. completely 
 stopped taking it.""",1.0,"May 23, 2017",2
207635,Suprep Bowel Prep Kit,bowel preparation,"""had my endo and colonoscopy at 730am. started taking first dose at 730pm night before. it took an hour to work with a bit of cramping nausea. it kept working for the next three hours. took second dose at 2am. almost vomited due to nausea and spent the next couple hours at the restroom. second dose works faster. the hardest part is taking so much water within the hour.  for those like that are worried about the actual procedure or sedation. don't be ...the procedure is the easiest. good luck to everyone.""",8.0,"June 24, 2016",18
42744,Xulane,birth control,"""occasionally got a rash but nothing time or some hydrocortisone couldnt fix. 
loved the convenience. 
didn't love the few times it fell off and had to reapply or tape it back on. 
overall, works great for my very busy lifestyle. grad student, mom of 2.""",8.0,"December 14, 2016",6
224226,Levothyroxine,underactive thyroid,"""my doctor switched me on monday to tirosint from levoxoryn and after 4 days i going back to my old medicine and i thank god i still have some because i can't go another day with this headaches, fatigue and muscle aches.  i've been on levoxyl, thinthroid and levoxoryn and none have made me feel this horrible.  i was planning on dealing with it to see if the symptoms would go away but i work doing payroll and taxes and this medicine is making me work real slow and making errors so i don't have the luxury to wait and see if in time i feel better.  what i don't understand from what i've been reading this is a more pure form of levoxyl so if he's giving the same dosage wouldn't it mean he's over medicating me? i haven't talked to him yet.""",1.0,"January 26, 2017",20
66377,Valacyclovir,cold sores,"""every time i tell someone about this miracle medicine, i am hoping that they are listening to me. if you get cold sores this is essential. i never leave home without it. i use it in combination with l-lysine to reduce symptoms. i am getting one right now and did not feel the tingle so i am hoping it will still work. sometimes there is just no getting rid of a nasty tough one. i am 23 years old and when i have a cold sore i absolutely obsess over it and i try to hide my face as much as possible. i hope they someday find a cure for this virus but in the meantime valtrex is amazing!""",9.0,"October 11, 2013",65
30154,Klonopin,anxiety,"""i have very high anxiety which makes my blood pressure go sky high and my pulse rate stay in the 120's. my dr prescribed klonopin and valium at the same time to try to bring down my blood pressure and pulse rate. my breathing was bad and i hated being in the small waiting room. my biggest fear is driving but since she has put me on 1mg 4 times a day i feel amazing. i sometimes still don't want to leave the house though.""",10.0,"July 15, 2013",53
4964,Orsythia,birth control,"""i've been on and off this pill for about a year if not two years. it's been one of the better birth controls i've taken up until the most recent time i had a two month gap in between packets due to my insurance. my symptoms have been so off it's kinda scary. i've lost weight since taking the pill again but i've been bleeding for about 2 weeks, i've been feeling very anxious and depressed almost. i'm not too sure if it's all to blame on the pill or maybe my new job? but this is the first time i've felt this way. also a loss of appetite, i'll start eating a meal and lose interest about halfway through or get a nauseous feeling. i've also noticed that my energy levels are very low""",7.0,"November 3, 2016",4
129929,Levonorgestrel,birth control,"""i had mirena inserted after i had my daughter and it hurt for the first day then nothing, never felt it. ever since i had it in i never had a period (which was nice) never had a problem with it besides i could never feel the strings but my doctor told me she cut them short on accident.""",10.0,"March 9, 2015",11
70514,Flomax,benign prostatic hyperplasia,"""almost immediately elimination of night time visits to bathroom...and accompanying discomfort  of urination ..could sleep all night and in the morning no painful urination... first night or 2  encountered mild side effects including mild nasal congestion and minor headaches or occasional back pain, but side effects went away after a few days... certainly manageable  but sensed no immediate or significant  flow improvements (strange) ....

now 2 weeks in flow is improving ...no erection issues except reduced semen (who cares) and occassional multiple orgasms...a great trade off... give it a try for a month unless side effects are unbearable.but keep in mind such posts and blogs usually attract folks who have issues rather than those who dont""",9.0,"July 14, 2016",89
52814,Elmiron,interstitial cystitis,"""i have been taking elmiron (400 mg) since august after being diagnosed with interstitial cystitis. if i ""cheat"" on the ic diet, i still have mild to moderate flare-ups, but i am now pain-free most of the time, and able to have a fairly normal sex life. i have not lost any hair, and have found that the digestive side-effects are mild.""",8.0,"March 4, 2015",45
35285,Levofloxacin,bacterial infection,"""took levaquin for 4 days after a week of amoxicillin did not help spider bite. last night broke out in severe hives. now taking steroids to counteract the antibiotic. only reason i rated what i did is because spider bite is much better""",7.0,"November 29, 2013",13
142729,Levonorgestrel,birth control,"""i've had kyleena in for about 5 months now. the insertion felt like a pinch and then mild period cramping, but when i returned home i had the most serious cramping i'd ever had the rest of the night. i took three 200mg ibuprofen beforehand. i bled lightly for about 4-5 weeks after the insertion and since then i've only had one period that lasted 7 days and was pretty light majority of the time. compared to my birth control pills: cons: my cramping is worse, my period is longer, recently have been breaking out consistently pros: no pill to take every night, 5 years of birth control, sex drive has returned""",7.0,"August 6, 2017",3
204983,Toradol,pain,"""i suffer from a specific family of migraines where light, sound, smells don't bother me. i just always have a baseline headache that spikes. we found that topamax helps keeps the baseline normal but i'll get a spike where i'll have to take my treximet a 2 dose series. it's not very often i need the second and it's even rarer that after taking the second i'm still suffering but when it does happen 1 or 2 a year i'll call let my doctors office know i need a toradol shot and they say come on and within 15mins of getting it i'm 95% if not 100% better. i have no side effects. i get the injection in my right bicep because i'm right handed and use it a lot. life saver when all else fails.""",10.0,"October 10, 2013",25
22953,Apremilast,plaque psoriasis,"""otezla worked for me. (please read entire review). a little bit of a stomach ache for about a week for about an hour after each of the twice daily doses.
i was given the drug for several months due to my financial state.  first the free otezla stopped at 3 months, my psoriasis came back, a little worse than before.  talked with dermatologist and they got it reinstated, and my skin again slowly cleared.  but again, like before the gratis product ended at 3 months.  my skin is now worse than ever.  i guess i am looking for an answer.  does taking this product with success and then stopping trigger a worse condition than when it was started. i really appreciate the company giving the product as paying $1233.00 p/mo as it was  is impossible for me to afford it""",7.0,"May 20, 2017",17
149210,Mirena,birth control,"""i had it inserted when i was 20, almost two years ago. i have no kids, pain from insertion was ok. it hurt for about a week. i rarely had cramps before i got it,  but since then i get pretty bad ones every few months. i broke out horribly from july-dec, and it only got better because i took medication for my skin. the acne left dark purple marks on my cheeks, that are just barely disappearing. i gained about 10-15 lbs, but after about a year my body dropped back down to what i weighed before. it has prevented pregnancy, sex drive is about the same. after that year mark things were going great until about four months ago. apparently my uterus lining has been getting worn down by the iud. bleeding for months straight. every day.""",5.0,"June 3, 2015",9
228533,Geodon,bipolar disorde,"""after no sleeping for several days, in my mayor maniac crisis ever, i started in geodon. it's been magical. no side effects at all.  couldn't recommend it better. of course, is my experience.""",9.0,"October 10, 2014",45
66314,Valacyclovir,cold sores,"""i'm 19 years old and i've been getting cold sores ever since i was young...the last few years i would get them a couple times a month sometimes a new one every week. i've been taking valtrex for a few months now and i've gotten only 3 times (which is a major improvement) because i was sick and my immune system was down. but they went away after a day or so. i'm so so happy""",9.0,"June 6, 2017",7
185244,Harvoni,hepatitis c,"""did 12 weeks and now negative for hcv.had tried 5 clinicals none worked. i will retest in 3 months. no side effects. have had 2 transplants. liver and kidney. hcv affects kidney per my dr at ccf""",10.0,"April 26, 2015",45
92685,Ondansetron,nausea/vomiting,"""i received this medicine with stadol for a migraine. within 20 min i vomited. i hadn't vomited with the migraine, just had nausea. i got out of bed once after a few hours and threw up again, then again after trying only water. so...this didn't work at all for me, but i'd never had either of the two drugs before.""",3.0,"January 13, 2010",7
42278,Dexilant,erosive esophagitis,"""was given a sample and within two days symptoms cleared up.  insurance denied giving me full prescription so had to go with protonix.  within 3 days of taking the protonix all symptoms returned.  don't know what the difference is but the dexilant works.""",10.0,"August 22, 2010",70
9840,Lo Loestrin Fe,birth control,"""i have been taking this for 3 weeks now and have had a light period the whole time. everyone else is saying the opposite so i'm wondering why my results are different. maybe i just need to give it more time for my body to get use to it.""",7.0,"February 12, 2015",50
181950,Glucose,dietary supplementation,"""i am diabetic and after my insulin shots, i feel nauseous and dizzy because of hypoglycemia ( a condition where my blood sugar level drops ). i always carry glucorade energy shots in my pocket and chew on a tablet if i feel dizzy. each tab is having a precise quantity of glucose and gives almost instant relief. glucorade is a life saviour.""",10.0,"September 15, 2016",1
203651,Benzocaine,cold sores,"""i have tried all kinds of treatments for my cold sores. none seem to help, until i found retre gel. this product is great! it stops the growth of the lesion from the start. the benzocaine helps to numb the area, which helps to keep your fingers and tongue away from the sore. i love this product and will tell others about it and i'll use it always.""",10.0,"January 18, 2011",23
186310,Desvenlafaxine,bipolar disorde,"""i started taking this medication in conjunction with lamictal.  although it is not recommended, my psychiatrist suggested for the first few days i cut the 50mg tablet in half.  i am glad i did.  after reading everyone's reviews about the stomach upset and headaches, i decided it might be beneficial.  i took 25mg for about 6 days then upped to 50mg.  i had slight stomach upset and a few mild headaches.  i take it as soon as i wake no later than 8am.  i have seen a huge reduction in my appetite.  i was a binge eater of sweets before i started and at 5'3' weighed in at 150lbs.  in three weeks i have lost 4lbs.  this is the most stable i have been since i can remember.""",9.0,"March 23, 2012",21
170242,Quetiapine,schizophrenia,"""i am using quetiapine 200 mg every day  for about  two years, and i experienced headaches after one year of consumption once or twice a week i guess it was  migraine.  and an increase in sweating.  should i keep taking my medicine?""",6.0,"October 19, 2016",0
174213,Versed,light anesthesia,"""i tried to tell the  anesthesiologist that i have sleep spends, use oxygen @ nite, have 3 included. major veins and am very sensitive to drugs. he wouldn't listen.  put me immediately out and my oxygen blood level went down to 51. had i stayed at that level for 5 minutes i would have died.  the hospital changed the grrecords. i was conguiding. gasping for air. eye dr said i jerked side to side violently.  
lucky it was at a time in procedure that it didn't matter.  anes searched the sheets/ blankets for the meter and told eye dr it had come off my finger.""",1.0,"November 1, 2013",10
23029,Methadone,opiate withdrawal,"""i was addicted to opiate's for years and eventually prescribed methadone to relieve chronic pain that was combined with opiate addiction. this medicine saved my life. it allows me to keep a steady job and be a good mother to my girls and a good partner to my boyfriend. i no longer wake up every morning with that nagging thought of ok how am i going to make it through another day. there's a lot of people who will tell you all negative information about this drug. don't listen to them. i recommend talking to a doctor or clinic about this and staying in narcotics anonymous.""",10.0,"June 13, 2017",10
194604,Gilenya,multiple sclerosis,"""i have been on gilenya for a little over a year. this is a wonderful medicine for me. i started the medication after my second exacerbation in less than 7 months. i have not had any more relapses in the past year. i have enjoyed my life with little to no interferences from my multiple sclerosis. i just wanted to share, yes it is expensive but it is worth it. who knows what the future holds for any of us but i know with gilenya currently being my medicine of choice i do not dread the future i am embracing what is to come. thank you to novartis.""",9.0,"November 28, 2013",94
126755,Dilaudid,pain,"""went to the er because of sciatic nerve pressure for severe pain and multiple muscles spasms that would not stop. 2 injections of dilaudid had no effect at all. tried some 4mg oral dilaudid tablets and no effect at all. this is most likely a very effective pain reliever but this indicates that not all pain relievers work on me. doctors don't believe me so i almost always refuse to take any pain medication. i think i need to be studied.""",1.0,"February 20, 2009",23
37913,Reclipsen,birth control,"""this is my second month using reclipsen. i had no problems the first month (no weight gain, no headaches, etc.). now, this month so far i have gained around 2-3 lbs. if i get anywhere close to gaining 10 lbs i am done with this birth control for sure! i just keep trying to weigh my choices. i've been pregnant at least 4 times and i gained about 2-3 lbs. with each pregnancy. so, i think gaining a few pounds on birth control is okay compared to gaining it while being pregnant and having a miscarriage. so, yes, i'm okay with the side effects of reclipsen so far.""",7.0,"August 1, 2013",2
88774,Fluticasone,rhinitis,"""as far as i can tell, i am allergic to every particle in the air. my nose is itchy and sniffly 24/7 regardless of season or location, with stronger attacks seemingly at random. when i get a cold, my nose closes entirely and i spend a week being completely miserable.

i've never felt any noticeable improvement from antihistamines, and those can't generally be taken long-term anyway. i've had doctors suggest regular nasal irrigation to rinse out the particles, but that only ever made me more sniffly. got a prescription for fluticasone a few months ago, and it was like magic. i could breathe more easily almost immediately, and it only got better from there. no side effects at all. i finally felt how i think normal people must feel.""",10.0,"April 4, 2014",21
113841,Amlodipine,high blood pressure,"""worst drug i've ever tried and the reason i'm scared of new drugs.
it made me have tachycardia. my heart was speeding at over 200 bpm sitting still. worse if i got up to walk around or anything like that. i couldn't sleep because it felt like i was running. i would stay in bed propped up (because laying down made it worse) and occasionally drift off when i got so exhausted i couldn't stay awake anymore. this sleep only lasted about an hour at a time before i woke up again. docs increased the dose saying i just needed to get used to it. it made it worse. i made them take me off of it after ""giving it a try"" for three hellish weeks.""",1.0,"December 9, 2017",0
119579,Testosterone,"hypogonadism, male","""i have been using androgel for about 3-1/2 weeks now. 4 pumps a day( 5 grams), and i am finding no difference in mood, sex drive, libido, weight, or anything. i have been applying it as recommended, yet nothing. i do not know my numbers as of yet, as my doctor prescribed this over the phone. i was hoping that this would help me turn the corner.""",3.0,"May 9, 2011",24
83352,Paxil,depression,"""significant weight gain experienced within a few months.  very tough on the libido. extremely difficult to get off this medication without significant side effects - dizziness, nausea. i was taking celexa before and would definitely go back. for the purposes of banishing depression/anxiety, it worked, but not without side effects that make me want to stop taking it each day.""",4.0,"March 10, 2009",26
107655,Implanon,birth control,"""i was very nervous about trying implanon after reading all the negative reviews, but went ahead with it anyway.  the procedure was quick and practically painless.  the spot was tender for a few days and i did have an ugly bruise and now a tiny scar, but nothing that is too terrible.
i started implanon while i was on my period, which lasted for about 21/2 weeks, give or take.  but the bleeding was minimal and it wasn't too bad.  then after that period ended, nothing.  i haven't had a period since i had the device inserted in december of 09.  i haven't noticed any weight gain or unusual moodiness. this has been the best birth control i've ever been on.  my advice, give it a chance.  don't let the negative reviews scare you away!""",10.0,"July 19, 2010",730
34784,Minocycline,acne,"""i have only been on 100mg on monocycline for about a week and a half and have shown such improvements! i have had some acne on and off and for about 8 years, and it is so annoying it never goes away! i finally went to the dermatologist and begged for accutane. they started the procedures and said that i will need another month to get all my tests done. since then my acne has improved a ton!! i don't even think i will need accutane.""",8.0,"August 20, 2014",15
132391,Ativan,anxiety,"""overall great medication, keep it at a small dose use only when you really need it. first try fighting your anxiety and then if that doesn't help, use your medicines. this drug has been proven to become addicting, i hope this has helped some out there like me suffering from panic attacks and anxiety.""",9.0,"November 10, 2009",98
192556,Drospirenone / ethinyl estradiol,acne,"""i reviewed this in january 2013 and i have been taking this for about 9 months now. i still like it. keeps me un-pregnant and my acne has significantly improved. only time i break out is a couple times around my period cycle. some side effects, i do not enjoy are monthly yeast infections and tiredness. but i eat yogurt and take azo pills for the yeast infections and that seems to work. need to figure out what to do about the tiredness, i need a nap everyday now. my sex drive has also dropped. i feel i have mellowed out a little too, don't get as irritated with things and more chill. i like it.""",9.0,"August 1, 2013",8
51728,Aczone,acne,"""i just wanted to share that aczone really works. i have suffered with acne since my teen yrs till now (i'm 39 yrs young). i have tried everything. i went to my dr. 09/05/2013 and he gave me some samples to try and i did. i'm in love with this. it is awesome i really can see results the zits, pimples or what ever you want to call them are starting to go away. good luck to you all as you each search for solutions to your skin. this really works.""",10.0,"September 24, 2013",18
61735,Citalopram,depression,"""celexa was prescribed for my mom (83). she had horrible side effects. shaking hands, tight shoulders/muscles, lack of appetite, nausea, tiredness and trouble sleeping. she has switched to prozac but is having side effects from discontinuing it. extreme agitation and weepiness. she enjoys knitting and reading and could not do either with the shaking in her hands.""",1.0,"February 26, 2016",4
37117,Vyvanse,adhd,"""my son is 6 they started him off on concerta he seemed fine we had minimal complaint the only downside is everyday around 7 he would be in moods over silly things, but it would pass. now the vayvanse had him in ""hulk"" mode as he would describe it. he was very snappy and angry and became aggressive with the kids at school, (which was never an issue before). i hated that stuffed. i'm beginning to realize that finding the right meds is going to be a huge task.""",1.0,"March 19, 2017",14
31346,Miconazole,vaginal yeast infection,"""i got the generic 3 day pack with external cream (can't afford the doc). i came looking to find out how long it has to be in bc i was only going to get 4 or 5 hrs sleep, but never found an answer. i saw these reviews, but again, no choice. 
at 1st it wasn't bad, but after 6 mins, it was severe itching & i wondered if i could safely scratch inside with the applicator. i didn't do it, but i was sorely tempted.  there wasn't too much pain, but maybe it's bc i caught mine early. 
the only reason i fell asleep is bc i'd been awake for so long. otherwise, there is no way i could have. i'm hoping tomorrow is better. i will try to come back and post again since i have no real choice about taking it.""",3.0,"August 10, 2016",1
64071,Sertraline,social anxiety disorde,"""i began taking zoloft in march 2015 after testing lexapro and prozac. my sa/mdd improved, but i still had a lot of trouble with socializing and suicidal thoughts, so i decided to quit taking it and also switched to online schooling. around jan. 2016, i noticed i was getting worse and finally decided to go back on the medication. i started 25mg with no change. slowly began increasing it to my current dose of 100mg combined with 5-15mg buspirone (previously .25mg xanax) and this is the worst i've ever been. i have nearly every side effect, even suicidal thoughts, and i have a panic attack just thinking of leaving my home and being around people. definitely switching to something else soon.""",2.0,"April 4, 2017",11
38819,Esomeprazole,gerd,"""after using nexium for many years, i have abdominal pain and lots of wind and constant diarrhea. loperamide did not control this. now i am on a strict no carbohydrate, no dairy and no caffeine diet. it is working at this time, june 2009.""",5.0,"June 1, 2009",17
83771,Ethinyl estradiol / norgestimate,acne,"""i broke out on this pill for 4 months straight. my acne was way worse that how it was before i started the birth control pill. i got the acne so horribly the first week of starting the birth control. and then, i would get at least two pimples a day; on my cheeks and jaw. the pimples were really big and they would hurt so badly. once the pimples went down, it left my face with horrible acne scars that i've been trying to clear up for the past month. the pimples would only clear up around my placebo pill week. so when i was on my monthly cycle, my face was beautiful and clear. it's been a month with out the tri-sprintec and my skin has cleared up tremendously. i am back confident!!!""",1.0,"December 1, 2017",0
18129,Ethinyl estradiol / etonogestrel,birth control,"""i have been using the nuvaring for almost a year now. i noticed 5 months ago some side effects. itchy, redness, swelling, discharge, severely uncomfortable vaginally. i have changed soaps, gone to the doctor, did creams, everything to have it go away and i really think its from the ring. i have been a bit depressed but i am not sure if it is from the ring. i am going to ask my doctor to change to the mirena because i can no longer take the side effects.""",4.0,"October 15, 2011",1
19971,Macrobid,urinary tract infection,"""avoid this medication at all costs! although it may not cause side effects for some, i was one of the many unlucky ones who experienced terrible problems. i have never had a problem with any antibiotics except sulfa drugs before, but this medication left me nauseated, vomiting, dealing with chills for hours, shaking so hard i couldn't move, and with a terrible headache. i haven't taken a dose in 12 hours (with my doctor's suggestion), and the headache is just now going away. it took about 8 hours for the shaking to stop. at one point it was so bad that i thought i was going to have to go to the er. i was only two doses in, as well. this was worse than the sulfa reaction i had!""",1.0,"May 26, 2017",8
51416,Azithromycin,bronchitis,"""i'm not completely through with my 5 doses, but am doing better so far. this is my second time taking it, but this time on day 2, i had really bad stomach cramps. i thought it was related to my illness, but when i got them the next day after taking the zithromax, i knew it was the medicines. i researched online, and it was recommended to eat yogurt or take acidophilus pills with the z-pack. i ran out and got both, and that helped tremendously!""",7.0,"December 1, 2011",15
232118,Itraconazole,histoplasmosis,"""itraconazole literally saved my life. i had a life threatening case if pulmonary histoplasmosis disseminating to my liver. thankfully my infectious disease doctor caught it in time and started me on a pulsating dose of itraconazole while in the hospital. i stayed on a maintenance dose of 100 mg for 2 years and just now got off. i had zero side effects other than being a bit tired but it was worth it. i highly recommend this drug for histo patients.""",10.0,"October 18, 2016",3
27016,Ultram,pain,"""ultram-50 relieved my neck pain (arthritis) and made me much more alert by removing the fog of pain, instead of the ""drowsy"" side effect mentioned in the literature.  however, when i was switched to generic tramadol, i experienced severe itching all over.  """,10.0,"January 4, 2011",24
115943,Divalproex sodium,migraine prevention,"""have had migraines for over 20 years.  frequency had increased to more than 15-20 migraines a month.  some would go away with imitrex or amerge, some would not.  finally went to see a neurologist (who was a migraine specialist) and we tried several medicines which did not work.  she recently prescribed divalproex sodium 500 mg, and i have only had one migraine in 4 weeks.  gained 5 lbs but a life without almost daily terrible pain is so worth the possible related weight gain.  it is life changing.""",10.0,"October 18, 2012",12
70166,Triumeq,hiv infection,"""i started taking triumeq almost two years after my diagnosis, i gave the drug a 9/10, as ive never taken another. i started on the medicine after months of being sick and immunity loss. my viral load was rising and my cd4 was falling fast due to lifestyle choices. getting on this medicine was a hard decision, but one i would make again, and this time i'd do it sooner. within no time i was undetectable and my immunity doubled. my dr told me it wouldn't work as quick as it did, so we were both pleasantly surprised on my numbers. it has now been a year, still undetectable and now 9 months pregnant with a healthy baby boy. i would recommend this drug to anyone with hiv who is offered it by their doctor. my side effects include upset stomach.""",9.0,"September 1, 2016",17
186589,Desvenlafaxine,anxiety,"""i was given this medication as a test of some sort. i had been in a abusive relationship and i was having issues with it. my blood pressure was sky high. my doctor gave me the blood pressure medication and she gave me the pristiq as a means of calming me down and seeing if it would help me to lower my blood pressure.  i can say that within the first week of taking this medicine i was a new person again. it helped me a lot and people even notice a new and happier me. i call it my ""happy pill"" and people really see that now i am happy. my energy level is much better than it was before. really good product. i just ran out of samples so now i am now asking my doctor to prescribe it to me permanently.""",10.0,"December 22, 2009",34
27758,Lexapro,depression,"""i've been on zoloft (sertraline) in the past and now lexapro. i find them equally effective and no real difference in side effects. insomnia, dry mouth and yawning/jaw clenching for the first couple of weeks which is unpleasant but transient. my anxiety levels started to improve after a couple of weeks but didn't notice any major improvements in mood for 6-8 weeks and took 3 months to reach full effect. definitely has helped me and i intend to stay on it long term. i have also tried valdoxan (agomelatine) in the past which did absolutely nothing for me and i went backwards while on it. ssris seem to work better for me.""",8.0,"June 23, 2017",17
16285,Ethinyl estradiol / norethindrone,menstrual disorders,"""i take birth control for severe menstrual cramps and this did the job! no cramps and very light period. however, i was extremely emotional and drowsy all the time! i didn't feel like myself, i didn't want to be around anyone and the littlest thing pissed me off. as soon as i was on the period i felt so different. that's when i knew i could not take it again. i also got bad acne, but it may have been due to the stress of knowing i was not feeling like myself. i only took it for one month. if you do not feel like yourself when taking it please talk to your physician. when i told mine he mentioned that this drug is known to make some patients depressed.""",10.0,"April 21, 2016",1
228064,Etonogestrel,birth control,"""this is the best birth control i have had. i have done the pills, depo, yaz. now i got the implanon from may 14 of 2008 and have it still. i get periods every month, no craziness, sex drive has increased. i am actually scheduled to get it out next month and have no insurance. """,10.0,"April 2, 2011",0
130937,Levonorgestrel,birth control,"""i had mirena for 6 months. i'm 20 years old. never been pregnant. the insertion was very painful-nothing like i ever felt in my stomach before. i just thought to myself maybe this is how giving birth will feel and seriously considered not having a child for a couple of days.  when i got it inserted, my lower right pelvic area hurt a lot. it was localized pain. very sharp. gave it 6 months so that my body can get used to it. results? the pain in my lower right area never went away, i experienced myself having very depressing thoughts, loss of motivation, and no sex drive. on the upside, i didn't gain weight. at the end? i got the mirena removed 2 days ago.""",3.0,"December 29, 2010",6
152625,Lortab,pain,"""lortab has been a god send for me. i have had 6 major abdominal surgeries in 7 months. last one in july of 08, and i still have a lot of pain. i take 1 x 5/500 every morning and 1 in late afternoon. it takes the edge off, it also winds me up, so i then can do some house cleaning.""",10.0,"May 24, 2009",28
186471,Desvenlafaxine,depression,"""i'm a 30 yr old male.  i was on zoloft for 5 years (gained 40lbs, couldn't ejaculate) then cymbalta (nasty side effects). for a couple months my psych doctor let me try pristiq.  i loved it. i had/have awful anxiety and panic attacks with depression. (my anxiety is because of my depression). this medicine worked quick and i'm now in my 7th month at 50mg once a day.  the last week, it seemed to dwindle down a little (not sure why?), as my depression and anxiety started coming back.  my same doctor just upped my dosage to 100mg a day.  i'm hoping it wont let me down! i have to say that pristiq is the best of 3 anti-depressants/anxiety medicines i have tried. thanks all and good luck.""",9.0,"December 6, 2010",12
227507,Etonogestrel,birth control,"""i had implanon inserted after having my second child. i have had it for almost 3 years now and i absolutely love it. i've had maybe 7 short periods in 3 years. yes it gives me headaches occasionally but another child would do the same. i am actually wanting to get another one. i have been a little moody but you just have to have relax time too (helps a lot.) i have not experienced the decreased sex drive thing so my hubby is fortunate for that. i would recommend this to anyone. it is better than any other birth control out there. that's my opinion and i've tried almost every kind you can think of. i give it a 10.""",10.0,"November 28, 2012",2
94564,Abilify,bipolar disorde,"""taking abilify about 10 years. does cause weight gain and for myself no sexual desire.  the swings from manic to depression continue but are manageable.  do not take yourself off this drug ""cold turkey"".  caused many psychotic episodes for me which disappeared when returning to the drug.  sad movies no longer make me cry. don't have great joyful moments either.  i don't stagger around like when i was on lithium.  i do have hypertension not always controlled by the 3 antihypertensive i'm taking.""",7.0,"September 21, 2016",9
169147,Vilazodone,depression,"""i have had a lot of additional stress added in the last 4 years... death of a parent, a lot of hurtful things from my other parent, my spouse cheating, then everyday things like the stresses of young children, school, sports, etc.
over these years i have tried every antidepressant out there! it either didn't work, or it made me feel like a zombie. and they always made my sex drive go to zero!
i had given up on every prescription and had not taken anything for almost a year. i had no energy, it didn't take much for me to get annoyed and aggravated with people (including my kids) and i just didn't feel a lot of joy.
my doctor tried me on viibryd and i feel great! i have great energy, don't lose my temper with my kids or husband, and still have sex drive!""",10.0,"September 7, 2011",693
132990,Loestrin 24 Fe,birth control,"""i was on loestrin 24 fe for about 2 months. i'm active and have a very busy lifestyle but this pill just made me feel like a lunatic. i felt like i was on the verge of crying all the time, really depressed, really anxious and really tired. serious mood swings, headaches, breast tenderness, acne- it also made me starving- like permanent pms. i didn't want to work out and i didn't want to socialize. i gained maybe 5lbs but that's probably from not working out and eating way more. it did make my heavy crampy periods light and short and my breasts noticeably bigger. birth control is different for everyone, i'm very in tune with my cycle when i'm ovulating and very sensitive to a shift in my hormones. this one was just not right for me.""",1.0,"November 15, 2012",17
63844,Sertraline,depression,"""have been taking sertraline for 3 months and it has changed my life. was prescribed it for anxiety which had led to depression. was hesitant to take it (bad experience with cipralex 7 yrs ago - no emotion/ loss of inhibitions) but my doc said this had less side effects and prescribed 50mg. 1st week was horrible, nausea, spaced out, twitching etc, libido was 0 and had anorgasmia (like you're not depressed enough!) noticed an improvement in energy after a week, things felt lighter and i was able to think more clearly and from then it's just been a steady improvement. 3 months in the depression is gone and my anxiety is at a normal level. i still feel emotion and best part is the big o came back after about 8 weeks!""",9.0,"November 4, 2017",10
92669,Ondansetron,nausea/vomiting,"""for my periods, the first few days are usually absolutely unbearable. i would be hugging the toilet from the moment i woke up until i went to bed for almost 3 days straight. my mom, being a doctor, set me up with zofran and seriously it is the most incredible pill i have ever taken. within 10 minutes, my stomach has settled and i'm ready to take on the day.""",9.0,"March 16, 2011",13
119983,Losartan,high blood pressure,"""i've been taking losartan for less than a month, but i had, and still have, side effects immediately after taking it. i feel dizzy, warmer than usual, thirsty, bloated, tired, have rapid heartbeat with 'thumps', headaches, and have blurry vision. also, i gained 7 pounds and haven't changed my diet in any way..and i'm active. i'm going back to my doctor next week to see if there's something else i can take instead of this.""",7.0,"August 22, 2013",196
155134,Metronidazole,giardiasis,"""i returned from india and started having terrible diarrhea within a few days. it continued for two weeks before i went to the doctor. i lost 14 pounds in two weeks. the doctor also gave me cipro. within 12 hours my diarrhea stopped and i started to feel better. to me this is a miracle drug. i am not sure how must longer i could have gone without being admitted to the hospital.""",9.0,"May 21, 2016",3
167206,Levonorgestrel,birth control,"""i read so many reviews about how painful insertion would be, and i got myself really worked up and was very nervous when i went to see my doctor. i'm happy to say that is wasn't in the littlest bit painful. i am 26 and do not children. granted i have really bad cramps when i get my period, which is part of the reason i needed birth control. but there was no pain, no pinch, nothing. i felt like i was having a mild period cramp, for about 30 seconds, and then i felt completely fine. no cramping or pain at all afterwards. i took 800mg of ibuprofen about 30 minutes before, and i think that helped a lot. i would rate it about 2/10 on a pain scale, and the ""pain"" is pressure and mild cramping""",10.0,"April 23, 2016",5
155621,Metronidazole,bacterial vaginitis,"""this pill works good. i have been taking it for 3 days and symptoms are gone! i have been suffering from bacterial vaginitis for a year and ignored it. i got checked out for everything else except for b.v. and just thought it was something normal until i got pregnant and started having a lot of stomach pain and discharge so i told my doctor about it and she prescribed me this medicine. i can say this medication works wonders.""",10.0,"November 27, 2013",28
97035,Ambien,insomnia,"""ambien has been a huge help to me. i have horrible hot flashes whenever i try to fall asleep and end up awake all night. when i take half an ambien i am able to fall asleep and i do not feel tired or out of it the next day. i am so grateful for this medication. it's helped the quality of my life substantially. i've never experienced the side effects others mention, i simply fall asleep.""",10.0,"February 27, 2014",72
42922,Xulane,birth control,"""i was on this for 2 years. it was really good. i had very consistent, light periods with no major period symptoms. i liked being on this, but the one major drawback is my sex drive essentially disappeared. i had to get off it or risk my 7 year relationship as i had no desire to be intimate at all.""",8.0,"July 9, 2015",3
219665,Taytulla,birth control,"""i had to switch from minastrin 24 fe to taytulla last month. minastrin 24 fe is not covered by my insurance anymore. taytulla is not either however there is a coupon which drops the price tremendously. taytualla is the ""bio equivalent"" of loestrin 24 fe. i used to take loestrin 24 fe before they discontinued it so i felt a bit better about taytulla as loestrin 24 fe worked wonders for me. i have been on taytulla for less than a month. my first week i experienced headaches, not sure if it was stress from work or the pill or both but they eventually subsided. my breasts have been tender but nothing crazy or painful. i'm starting on the pill where i will get my period so i will update at a later time and let you all know how that goes.""",10.0,"March 13, 2017",19
71147,Viberzi,irritable bowel syndrome,"""this medicine has been a life changer for me. i've tried absolutely everything and this is the only thing that controls loose stools & diarrhea without making me constipated.  it has honestly been a miracle especially because i work and travel a lot and that was always so stressful - i wouldn't eat for long periods of time because i was so scared of an accident. i would give it a ten but it's expensive; luckily there are savings programs you can find - and that's well worth it - or it's over 1,000 a month and i am not sure how anyone could afford that!""",8.0,"October 19, 2016",20
119139,Zoloft,depression,"""i started on 50mg of zoloft around 8 or 9 months ago, and it helped me a lot. recently i went and got my dosage upped to a 100mg due to a few traumatic things, i became very, very depressed. that was about three months ago and i feel a lot better, not 100% but better none the less. i never really noticed any side effects, except gritting my teeth at night, and i do think it makes me a little drowsy. as far as sexual side effects i've had none, unlike the previous two medications i tried.""",7.0,"April 20, 2009",47
72965,Ethinyl estradiol / norethindrone,birth control,"""so i've been on lo loesteinfe since nov 2014 now and i've been liking it so far, i was afraid to breakout since i always had very clear skin all of my life . the good thing is my skin is still very clear and i haven't gained a drastic amount of weight even though i don't eat right most of the time so that's good . (but i recommend to exercise and eat right while your on it ). the only downside is that i've been feeling mood swings and depressed while still on this pill and i've only felt this change just this month . because i'm normally very upbeat and stress free . but other then that i recommend it for not worrying about breaking out or gaining much weight .""",5.0,"May 17, 2015",3
142429,Levonorgestrel,birth control,"""i have had this for over a year. over all i would say it’s an awesome contraceptive. my boyfriend and i never use protection and so far so good. the only thing that i have serious problems with is the side effects! i have horrible pains about twice a month that literally feel paralyzing! it’s only on the left side of the iud and i’ve gone to the doctors many times and they say that nothings wrong but the pain is severe! make sure you explore all iud brands before you make your decision. if you get one your not to crazy about insurance won’t change it until the length of the iud is over (mine is 4 or 5 years). over all i give it 10 stars for not getting me pregnant but 0 for the insane pain that i feel monthly.""",7.0,"October 14, 2017",5
115613,Drixoral Cold and Allergy,allergic rhinitis,"""i have also used drixoral since it was available only by prescription.  bring it back please!  i have been lucky enough to find local stores that still have a supply of drixoral.""",10.0,"August 28, 2008",21
97975,Nexplanon,birth control,"""i've had nexplanon for 14 months with no period at all since i had my son. then all of a sudden two weeks ago i started spotting. never really got heavy enough for a pad so i used panty liners. it lasted 10 days. stopped last saturday september 5th. then yesterday i'm it starts again but this time it's heavier, i have no choice but to wear a pad. i went to the er this morning because i thought something was wrong, they said everything is normal and that it is probably breakthrough bleeding. i'm pissed because i went over a year without any periods and my gyno told me that most likely i wouldn't get one at all and now this. i loved it until now. i'm trying to stick it out for a month or so to see if it regulates. if not i'm having it removed""",8.0,"September 12, 2015",3
145883,Qsymia,weight loss,"""i'm at seven weeks on the full dose and i've lost about 15 pounds. started at 202lbs, down to 187lbs.  i say ""about"" because, like others, i've plateaued for the last two weeks with my weight going up and down by a pound or two.  but, i'm going to hold on and see if it moves over time.  i've always eaten well and been very active, working out 5-6 times a week, so this is really the only option i have left.  i'm going to keep doing the right things and hope the scale starts moving again.  at $150 a month, this is expensive but 15 pounds beats a blank.""",8.0,"May 9, 2013",45
59011,Divalproex sodium,migraine prevention,"""depakote was (and still is) a miracle drug for me with my migraines.  i used to get one almost every day, and now it's down to just a few small ones every month!""",9.0,"March 25, 2008",91
75833,Temazepam,insomnia,"""previously, i had been using ambien for a couple of years. what i found with that was that it either got me off to sleep within half an hour, which it did most of the time, or it didn't work at all that night. the big problem was that it didn't keep me asleep for more than 3 or 4 hours at a time.

i've been using temazepam for about three weeks now. at first it was great - i'd be asleep within 15 minutes or so and sleep 7 or 8 hours straight. but now something else is going on: i'm sleeping 10 to 12 hours at a stretch, and waking up feeling woozy. obviously, i need to get with my doctor about this.""",7.0,"December 5, 2013",48
76098,Portia,birth control,"""i've been taking portia now for 8 months and it is doing me very well. i first started taking birth control because i would go months on months without a period (7months the longest). since taking portia, my acne has gotten so much better, in the first 3 months i lost 20 lbs, there has been no negative effect for me.""",10.0,"December 29, 2015",5
202055,Benzoyl peroxide / clindamycin,acne,"""i've never written a review of anything before. my face was flawless after high school. here and there i would break out but nothing major. i am now 25 and started suffering from acne located primarily on my jawline. it was awful! i spent a small fortune on products and nothing worked. i finally went to the doctor and was prescribed benzaclin and it is amazing! i have been on it for three weeks today exactly and my face is so clear. there was a little itching at first if i slathered on too much. now i only use it as spot treatment and that works great too!""",8.0,"September 29, 2017",3
26908,Insulin degludec,"diabetes, type 1","""i have been diabetic for about 50 years. forty of those years i used regular and nph insulin. i never had any problems at all. my a1c readings were in the mid 6's most of the time. a new doctor comes along and wants all her diabetics to conform to textbook examples. she decided my insulins were old fashioned and outdated. she changes me over to tresiba. after a couple weeks my sugar would drop around 100 to 200 points from midnight to about 8 in the morning. i have to make sure my sugar is above 225 at midnight to not wake with a 40 or 50. i was 320 once and 8 hours later it was 84. this stuff is scary.""",1.0,"September 20, 2017",5
38314,Chlorhexidine,gingivitis,"""i have been in so much pain and discomfort.  i have a problem of serious dry mouth and perhaps sjogren's.  my tongue was always sore and burning and my gums hurt.  my dentist gave me this to try and it has been the greatest thing.  it didn't give me an unpleasant taste or anything.  just less pain and fresh mouth.""",10.0,"March 28, 2012",66
54775,Bupropion / naltrexone,obesity,"""i had a bad experience with contrave. first day i took it i started to itch. had to take an allergy pill to help. i started becoming light headed, i had blurry vision & upset stomach on the second pill. didn't work for me. i may be allergic to what's in it. had to pay out of pocket insurance did not cover. waste of money. :(""",1.0,"March 9, 2017",16
31674,Miconazole,vaginal yeast infection,"""like many of you i felt the burning and itching. i'm taking the 3 day cream. i'm currently on my third night of taking it and without a doubt this last night has been the worst however i am feeling much better in regards to the yi. i was so itchy before and today i felt ten times better. yes the cream burns and itches but in the long run it made me feel so much better. just have to suck it up and go for it.""",8.0,"February 17, 2016",3
178422,Duloxetine,ibromyalgia,"""this is a good one for me. i was able to wean off an additional nerve pain medication after starting this. i also take it for depression, but suffer from chronic nerve pain daily. """,8.0,"November 3, 2008",52
106384,Implanon,birth control,"""i used implanon for 6 year with 2 insertions. it was very effective and i loved not having to worry about birth control for such a long period of time. the only reason i had it removed was because i would have a heavy period for months at a time. i was on my period for more than half the time i had the implanon. when i had it removed, i noticed my face clear up and i lost a small amount of weight. i have a friend who had implanon and she had it removed due to complete lack of periods. she couldn't stand being irregular. so implanon seems to have a big effect on periods.""",9.0,"July 30, 2016",5
10790,Mononessa,birth control,"""i was originally on lo loestrin fe which made me bleed like crazy and once i started this pill it stopped it. pros: no weird bleeding, normal period. cons: i feel like i am going crazy. i am an emotional wreck and i am normally a very calm person. i feel like crying every minute and not to mention that but my sex drive is completely gone. birth control just isn't for me i am going to stick to condoms.""",7.0,"October 18, 2016",4
85992,Ethinyl estradiol / norgestimate,birth control,"""i have been taking this birth control for two years now. i never got sick from it and haven't gotten pregnant. i have been very sexually active for the past year or so. it does make me kind of not in the mood to have sex, but it works!""",9.0,"October 12, 2012",5
66348,Valacyclovir,"herpes simplex, suppression","""i get cold sores very bad on my upper lip (doctors are even surprised how bad it gets) so i am prescribed valtrex 1000 mg. i love it! it takes away all of the pain overnight and helps speed up the process very fast. i've also found if i catch my cold sores soon enough, i take my normal dose and it doesn't appear! this medicine is an absolute god send and i would definitely recommend it to anyone who struggles with the same or similar symptoms, as we all know how awful herpes simplex can be.""",10.0,"October 1, 2015",24
170311,Quetiapine,bipolar disorde,"""i am a 42 yr. old woman with adhd along with bipolar depression also coming off 8 yrs. of taking pain medications every day ( norco's as well as percocet's) i was getting between both 300 a month.. i've been off the pain meds for 4 mth now so far so good.. but after the fog cleared from the pain meds all my other diagnoses come out full blast,. so i was taking a 2mg xanax, 350mg soma, along with 300mg trazadone at night and still couldn't sleep. thanks to my new doctor i'm on 1mg xanax along with 100mg seroquel at night and within a hour i'm asleep and i mean good sleep (no dreams getting up thru the night etc.,) so fingers crossed it stays that's way!!!""",9.0,"July 4, 2016",30
38403,Phenazopyridine,interstitial cystitis,"""when the pain of interstitial cystitis hits, it's awful. one or two doses of this fantastic medicine always either eliminates the pain or makes it barely noticeable. i don't need it daily. but when i do need it, i want it on hand. it's the best thing i can find and that i trust for the pain of interstitial cystitis. also, i consider it safe and it has no side effects.""",10.0,"December 13, 2011",47
33227,Microgestin Fe 1 / 20,birth control,"""been on this pill for almost a month, however i started my period two weeks early but i'll chalk that up to always being irregular and my hormones trying to balance. don't really have a complaint except night nausea. literally as soon as the sun goes down i'm sick to my stomach like no other. gunna just tough it out since my insurance doesn't want to cover anything else. anyone have ideas about what to do to help with the nausea?""",8.0,"March 1, 2017",2
25486,Finasteride,androgenetic alopecia,"""i am 23 and started noticing a bit of hairline recession at about 21. my hair was slightly thinning around the temples, but never in the front. 

i am 1 month into 1mg of propecia daily, and i do not think it has affected the temples areas, but the front of my hair has started thinning in the last couple weeks. in bright lighting, i can see pretty far back onto my scalp when looking from the front (it looks like my temples did about a year ago), and it's scary. i don't think i am noticeably shedding anymore than i used to, but i can't run my fingers through my hair without getting at least at couple hairs. overall i have definitely lost more hair at an accelerated rate. hopefully this is just an initial shed.""",5.0,"February 10, 2016",5
14901,Ethinyl estradiol / norethindrone,birth control,"""i've been on this for a little over a month. the first pack was a little rough. spotting, night time nausea, some bloating, breast tenderness, i felt tired, more anxiety than usual and just blah. i never had a breakout tho, and my skin is prone to hormonal zits. however as the month went by i got better and now starting my second pack i have had zero side effects. hopefully it stays that way. i'm satisfied with it so far :)""",9.0,"August 19, 2017",3
135012,Dapsone,acne,"""for me aczone worked better than anything else i have tried. i have cystic hormonal breakouts on my chin and jawline. i feel that it works very quickly and helps to prevent new acne from forming with twice daily use. it has no side effects and is non-drying.""",10.0,"October 30, 2015",13
93636,Morphine,chronic pain,"""this is for ir not sr or er morphine. it's great. i have terrible reactions to extended release. i'm taking 15mg at 2 hour intervals. i've been working with where my pain is, yet it still hurts. i know a higher dose will do better, but morphine sulfate ir is going okay for now.""",9.0,"July 10, 2013",35
192120,Drospirenone / ethinyl estradiol,acne,"""okay, so i started yaz because i had really bad cystic acne that would not go away, no matter what i did, as well as irregular, heavy periods. so i went to my doctor and they put me on it.
did it work?
well, yes and no. my acne was worse than ever for a couple months, though it has pretty much gone away for good now. my periods are much lighter and regular, except for when i missed one. that didn't end well.
i am three months in now, but then i heard that in canada alone, many people have died from thrombosis directly linked to the use of yaz. as such, i am discontinuing it as of the end of this month. as great as it is for my acne to be gone...
a miracle cure for pimples is something i've decided isn't worth my life.""",6.0,"June 18, 2016",8
191215,Pentasa,"crohn's disease, maintenance","""this drug pentasa is the worst drug that i have ever taken, i had sever vomiting at least over 20 times  in the space of 3 to4 hrs and sever diarrheoa which was even worse this occurred every 20 minutes or less sometimes but no bloody that i was aware of.....so people be warned this drug is crap it really is ...""",1.0,"May 4, 2016",14
109953,Nexplanon,birth control,"""i got this birth control in november 2014. i definitely don't recommend it! yeah, it stops you from becoming pregnant, but it made me have bad mood swings, worse depression than i already had, my stomach is always hurting and i've been on my period for a rind 2 months now. i would stop for a day and it will start back up the next. i've gained 20 pounds since i got it! i have no energy ever! and b12 don't help neither. oh and i'm never happy. i can't get myself to be happy unless i'm with my daughter and sometimes the small things she does makes me have another mood swing. i just don't recommend this!""",1.0,"May 13, 2016",2
199071,Depo-Provera,abnormal uterine bleeding,"""i was on depo for about a year and stopped for a couple of reasons. overall it was great. i've been on bc for a few years because of my pcos, and after forgetting to take the pill all the time, i started this. i stopped because i read online that it can cause permanent infertility (not mentioned on the side effects) and that terrified me. 

pros: 
•no acne!! even in 120° weather with no a/c, i didn't have a single pimple. it was amazing.
•not having to remember it
•effectiveness
•increased sex drive. this also happened to me on the progestin only pill (mini pill)
cons:
•i had a few uti's
•very irregular periods. i didn't bleed at all, but id have occasional breakthrough bleeding without any warning.""",8.0,"March 29, 2016",5
199094,Depo-Provera,abnormal uterine bleeding,"""i got the shot for the first time in december 2015. i was 4 weeks post partum at the time. the first week was ok. then i began spotting and eventually it lead to a heavy bleeding. i have been bleeding for going on 3 months.(i am still bleeding.) and was told this morning march 9 2016 that if i don't see a change that i need to go to the emergency room""",1.0,"March 9, 2016",5
215343,Senna,constipation,"""senna works best if taken every day,  i don't like taking pills every day, but i need to incorporate these into my life.  if i don't take them every single day i will get backed up.  i usually take 3 in the am.  however, i didn't take them for 3 days, due to my stupidity.  now i feel bloated and backed up.  took 4 tonight and gurgling like  i don't know what  so nasty.  why can't i get it thru my head to just take every day.   that is the key to senna!!  my 2 cents worth!!""",8.0,"November 19, 2017",0
50464,Gabapentin,migraine,"""i started having having headaches everyday then boom migraine. i was on topamax they kept upping it. i would wake up with a headache go to bed with one. then i had a horrible migraine lasted 6 weeks, so they added gabapentin i currently take 1600 mg and 200 mg topamax but the gabapentin saved me. i do experience side effects like word issues or mood.. but without it i couldn't go to the store even with sun glasses without throwing up. i had to leave my job of ten yrs. i am disabled and i have the side effects but i can go outside now and the pain is manageable. """,9.0,"March 16, 2013",65
37272,Vyvanse,adhd,"""my 14 year old daughter had been taking vyvanse since 2010 - her current dosage is 50mg.  in the first couple years i believe this medication was a good fit for my daughter; however, it is my opinion she needs a change.  also thanks to obmacare effective 1/1/16 we are paying a copayment of $197 (from $40). unbelievable for vyvanse to not release a generic until 2023!""",2.0,"March 22, 2016",11
153982,Vivitrol,opiate dependence,"""i've been an opiate addict 7yrs. when i first became addicted oc where everywhere. a few years later i struggled to find any oxycotin, shortly they changed from oc to op struggled with for a while. i just wanted out i tried suboxone but it didn't work for me because i have a migraine issue, so i joined a methadone clinic and became a functioning addict. i was on methadone for 3 yrs. i kept clean from any other drug throughout  my time on methadone but was still an addict because both subox and methadone are opiods.  i found an institute there many across the country. they do what is called a rapid detox which was pretty pain free at the end of ur detox i got a vivitrol inplant. it's saved my marriage""",8.0,"February 25, 2016",53
171491,Wellbutrin,depression,"""after starting wellbutrin i didn't notice any effects until week 5, i am now on week 9. i feel so much better than before, my self image and self confidence have skyrocketed, my libido increased, i am so much more optimistic and happy too. honestly can't say enough positive things about wellbutrin.""",9.0,"March 20, 2014",223
95755,Sertraline,panic disorde,"""i would have panic attacks and would cut myself to avoid feeling nervous and anxious about things i couldn't control. i pretty much had a great experience while i was on zoloft. i was taking 100mgs a day. very few panic attacks and if i would have feelings of panic, it was much less intense. after about a year, i decided i no longer wanted to be taking anti depressants. i weaned myself off of it. first week i took 75mg, then 50, then 25. this is the end of my first full week off zoloft and for the most part i feel fine. i think the medicine helps. i noticed my smoking habit has started to come back as my desire for a cigarette while on zoloft was minimal.""",9.0,"October 19, 2014",27
1414,Sumatriptan,migraine,"""i have been a sufferer from what was thought to be very bad headache 'attacks' but as i later began to doubt this i was told by my gp that my headaches could actually be migraine attacks. i was given sumatriptan tablets to see if this would help in combating the onset of my headaches and stop them all together and not just preventing a headache from developing into a migraine. i used to suffer from full blown migraines from time to time (once or twice a month) and less severe attacks in between. now as soon as i begin to feel any kind of eye or neck strain or light sensitivity i know am going to be okay. ask your gp about sumatriptan medication. highly recommended""",10.0,"June 6, 2009",3
213610,Tioconazole,vaginal yeast infection,"""last night i had mild symptoms so this morning i went to the store and purchased the 1 day... after i inserted the ovule i was fine but and hour or two later i was on fire!!!! the wipes did not help at all and i didn't dare use the cream! i don't understand what's going on but i do know this did not help me at all! this medication made my (mild symptoms worse)!!! please do not use at all!!!!!! i am in pain even after a shower and a cool bath... in the morning i will be making a visit to my local urgent care!""",1.0,"July 12, 2017",2
183465,Cymbalta,depression,"""cymbalta has given me my life back. i finally feel like me again. the loving, caring, free-spirited person i had forgotten about. i can finally function, which is so important to me. i am getting a 4.0 in college. i feel like a walking miracle! i can't believe where i am today; that a pill could literally save my life. i was so close to suicide, so violent, and so depressed. i wanted to die. i'm finally happy! 

it's sad that cymbalta has low reviews from people withdrawing from it. i'm sure it's difficult. but does that take away from how much it helps!? i might be on it the rest of my life, who knows? """,10.0,"July 5, 2011",40
217267,Clarithromycin,sinusitis,"""i have chronic sinisitis, for 20 years now, typically getting 2-3 sinus infections per year that reduce me to rubble for at least 10 days. i should know better at this point than to try yet another antibiotic, but nothing works anymore except levaquin, and if i build up a resistance to that, i'm in big trouble if i ever get pneumonia. so here i am, up the third night in a row after starting the clarithromycin. i have been nauseous, gassy and utterly uncomfortable--i'm not taking another dose, calling my doctor and sticking to natural remedies. if that doesn't work, then looks like i'll be paying out of pocket for surgery since my sinus scan came back normal.""",1.0,"December 2, 2016",5
51807,Orapred,dermatitis,"""my 4 year old was prescribed this for a rash covering his entire body. it was determined to be contact dermatitis (or an allergic reaction to something he had either eaten or touched). the medicine cleared up the rash in just a few days. """,10.0,"June 13, 2008",28
94492,Abilify,bipolar disorde,"""i didn't notice a big difference on ablify. i feel more level headed but also i feel more indecisive, dizzy and restlessness. i was on 10 mg for 3 months and the restlessness was so bad i couldn't sit still.""",5.0,"June 26, 2017",7
148174,Norethindrone,birth control,"""i switched from a combined pill to nora-be about four months ago because the doctor said i couldn't take estrogen because of chest pain and migraines. the pill is 100% very effective and no mood swings, no migraines.  however, the bad side effects were excessive hair shedding i mean more than the normal, excessive bloating even without carb intake.  i also had cramping, hardly bleeding just spotting.  my period was never on time but can feel the symptoms of pms.  overall, pill is very effective but excessive hair loss!""",5.0,"August 27, 2015",16
223226,Estradiol,postmenopausal symptoms,"""after using another hrt after my total hysterectomy, i went without for 5 years. the hot flashes and night sweats were really bad. so i asked my doctor for a lower dose and the night sweats are gone, but breast tenderness is bothersome, as is the staining of the clothes. i haven't felt anymore energy than i had before.""",6.0,"February 2, 2010",6
58100,Acetaminophen / hydrocodone,pain,"""i have been taking hydrocodone 10/650 for up to 2 years now for neck and lower back pain. i break my tablets in half. i take them only as needed to take the edge off of pain. i have noticed if i take the least bit too many it causes constipation. this medicine can make you feel like you cannot concentrate. """,8.0,"August 21, 2009",3
62175,Citalopram,depression,"""(female, 23) the side effects are awful, but go away. i experienced nausea and insomnia, weight gain, libido death, and difficulty achieving orgasm. the nausea and insomnia went away in 1.5-2 weeks, but the nausea almost made me stop taking the medication. glad i didn't though! all side effects were gone by week 8. be patient! this medication has worked wonders. i feel motivated and excited about my future, and i don't run away from my problems. as a side note, i may have experienced weight gain because i was not eating regularly before i began taking it. the weight gain wasn't drastic though, i just look healthy and i've lost my sallow complexion. overall, the adjustment period can be brutal but it is well worth it. good luck!""",10.0,"December 16, 2013",37
124166,Skyla,birth control,"""i had the skyla put in on 3-16-16. during insertion i experienced the worst cramping i've ever felt & i got hot sweats & almost passed out. i felt miserable cramps for the next few days & bad bloating. the first 2 months my periods lasted 8 days & were very heavy. since i got it almost 3 months ago i have gained 15 pounds while still using my same workout & eating plan. also my boyfriend tells me during sex he can feel the wires poking him and it kind of hurts. not only that i have felt slightly bloated since the placement of skyla. i thought i would just wait till the 6 month marker but i this point i am sick of feeling this way & gaining weight. i am having it removed tomorrow & going back to pills which i've been on for the past 3 years""",2.0,"May 3, 2016",2
97651,Methimazole,hyperthyroidism,"""1) the first 4-5 days were rough - very nausea, but then it cleared up.
2)  i take it in the evening shortly after i get home from work, by itself - no other medication for at least two hours, this was done on the recommendation of the pharmacist.  always with food.
3) getting blood work done on a require basis to make sure nothing else is going on with in the blood stream.
4) exercising and eating small balanced meals, drink plenty of water.
5) swelling or itching have not been an issue so far.
6) my heart rate is down and i am more energetic.""",8.0,"December 28, 2016",6
9334,Lo Loestrin Fe,birth control,"""i've been on this pill for almost two years (23 months). it was originally prescribed to me to clear up my acne and i love it! i have shorter periods and so far it's been good with pregnancy prevention. my only problem is that i've missed two periods (one april 2016 and one november 2016) and i have had some scares but hey, not pregnant! never had any weird side effects.""",8.0,"January 23, 2017",5
64571,Sertraline,social anxiety disorde,"""hi everyone, i've recently been offered a very good job in the insurance industry training bank staff on insurance products and doing presentations to different people every day. i am an insurance specialist but have never had to present to strangers let alone present to a new bank with new people every day. i'm in day 3 of my new role, first day went shaky, but okay. second day went alot better, but this morning my social anxiety got the better of me and i choked in my presentation this morning. my words came out wrong, i started shaking and sweating. i had to get up for a glass of water. i couldn't continue and i felt embarrassed in from of a crowd of people listening to ""the expert"". i blamed it on my asthma. what do i do???""",5.0,"February 3, 2016",10
204832,Toradol,pain,"""i have fibromyalgia and severe pain this works for a while but the pain does come back but for those hard core flare ups it sure took the edge off the pain and made me functional again also had herniated disc in my back a few years ago and it took that pain away almost instantly  i say yes to toradol""",10.0,"June 2, 2016",17
189441,Oxycodone,pain,"""oxycodone is relatively effective at relieving moderate pain. it is somewhat fast acting so relief comes within a reasonable amount of time. 
down side;  pain relief does not last very long and the side effects can be difficult to tolerate. the dizziness and nausea  associated with taking the medication actually last longer than the pain relief.""",4.0,"August 6, 2011",6
107856,Ethinyl estradiol / norelgestromin,birth control,"""i switched from the  pill because i was having trouble taking it at the same time every day.  i loved the patch and how convenient it was. i wore it for two years and i will admit my boobs grew a cup size and i gained about 10 lbs over time but my bf likes a little chubb so it was fine, lol. i never had nausea problems (kinda shocked by some reviews here). i'll admit i would have pms-like mood swings each time i changed the patch but i never had shakes or sweating. i actually really love this birth control and rarely notice side effects. my periods became lighter (i had heavy bleeding pain before the patch), it lasted 3 days and was on a regular schedule. i highly recommend""",9.0,"March 9, 2017",9
130042,Levonorgestrel,emergency contraception,"""me and my partner had a minor slip up, both scared of having a baby (they're pretty expensive). i went to get a plan b about 28 hours after the incident, scared it didn't work because i had no immediate side effects. safe to say about 4 days after taking the pill i had some off and on cramps for about a day. on the 5th day i started bleeding for about 3-4 days. so that $46 i spent was well worth it! it works.""",10.0,"December 29, 2014",36
171158,Lessina,endometriosis,"""i've been taking lessina for less than 2 months now (for my pelvic floor myaliga )and i've had a horrible experience so far. the end of the first pack (around the 2 white pill) i started my period and the first 2 days were fine (other than the fact that i'm constantly in pain) but the 3rd day i was terrible i went through 6 pads with a bunch of clots mind you i've never had clots with a period before. so i had to go to the er.  which they had to give me iv fluids and pain medication because the pain i had was so much worse than just the usually periods i get. they told me it was from the bc. and i should be switched right away. i also suffer from depression as it is and i've just haven't been able to pick myself up. i've been on so many bcs and nothing helps.""",1.0,"November 24, 2017",0
107068,Implanon,birth control,"""i got the implanon inserted in late november of last year, everything was fine for 8 months. i was able to lose weight just fine (with diet and exercise). i did not experience moodiness or any of the side effects i read about online. i did have the occasional spotting but not an actual period, that is until four weeks ago, i started bleeding, a week went by and it slowed down and just when it seemed to be over i started again. it's been like this for over a month and i'm really considering getting it removed. at first i really loved it, but i'm tired of the bleeding.""",6.0,"September 23, 2012",1
50440,Gabapentin,ibromyalgia,"""side effect of cluster headaches. gets worse if i don't stick to every 8 hrs dosage.  i'm frustrated because one neurologist and my pop are treating me for nerve damage, but another neurologist says my pain is muscular.  he can't explain why i have tingling in my arms and legs.  i was considering tapering off the gabapentin 3x 300 mg) based on the 2nd neorolgist, but the pain is unbearable.""",8.0,"October 2, 2012",38
95196,Guanfacine,adhd,"""my 8 year old daughter has been taking the medication for 4 months now and although we have seen a good improvement in her behavior, the weight gain has been substantial.  she has gained over 10 lbs in 4 months which is incredibly unhealthy. her blood pressure has also been on the very low side.  unfortunately for us we can't risk the bad side effects even though we have seen a positive behavior change.""",5.0,"April 13, 2015",46
38023,Adipex-P,weight loss,"""i was on adipex in 2010. i started out at 272 lbs. i was amazed at how much weight i lost every week. i had to buy new pants, jeans..etc every week. i averaged 8-12 lbs lost per week. i lost 126lbs in just under 5 months. i was very active, exercised everyday and didn't have the craving for food. i did find that not eating lead to headaches and mood changes. you have to eat!!""",10.0,"August 15, 2016",100
140953,Escitalopram,generalized anxiety disorde,"""42 year old male.  married with 2 kids.  no drugs or alcohol.  no history of anxiety or depression prior to this incident.  several months ago i was wrongly diagnosed with throat cancer.  as it turns out i am fine and cancer free.  but the fear of leaving my family without a husband/father sent me into a tail spin filled with anxiety and depression.  the worst part is that i stopped sleeping.  my md put me on xanax (.5mg) and ambien (10mg) which only made things worse.  finally went to shrink who put me on 10 mg lexapro that i take in the morning.  the lex has given me the strength to get off the other 2 meds completely.  after 1 month she bumped me up to 20 mg.  after 6 weeks anxiety gone, depression gone, and i'm sleeping again naturally""",10.0,"March 7, 2016",66
194806,Levetiracetam,epilepsy,"""i had my first episode when i was 12 months. the side effects i get are decrease in appetite, forget minor things, & headaches. they couldn't tell what was wrong with me at that time. at the age of 12 years old i had my 2nd episode in my sleep. i found myself crawling to my parents room because i couldn't walk or talk correctly. when i went to the hospital they diagnosed me with epilepsy. what causes my seizures is an enlarge blood vessel on the right side of my brain. i started off with 750mg of levetiracetam. i only had episodes when i missed 1-3 days of my medicine. now i will be 19 years old in april & i am now taking 500mg of levetiracetam. they're lowering the doses as i get older.""",7.0,"December 20, 2016",3
100533,Desogestrel / ethinyl estradiol,birth control,"""i started apri five months ago. i have always suffered with terrible ovarian cysts, and now they're starting to finally decrease. i have lost twenty pounds while i've been taking the pills, without changing my diet or exercise. i'm not pregnant, nor have i ever been. my sex drive is the same, but i can't eat anymore. small meals twice a day that has absolutely no dairy in them are all my stomach can handle now. i have never had a problem with dairy before apri. i also get terrible headaches and am constantly tired. there are positive and negatives to this pill.""",5.0,"January 23, 2013",15
187456,Monistat 3-Day Combination Pack,vaginal yeast infection,"""i was on 2 antibiotics (8 pills a day) for 10 days because of mrsa, taking the pharmacist's advice i got some probiotics, yogurt, and the monistat 3 prefilled treatment. i had no problems. now about 5 weeks later i get another yi so i decided to take the same thing day 1 was fine but day 2 (today) i was feeling like my vagina was on fire!!!! i've got an 8:30 class and i'm up at 1:30 . i won't be finishing the treatment. i'll stick with the probiotics, yogurt, and the medicated wipes i found. they burn too but the burning goes away much faster that the monistat.""",3.0,"January 25, 2016",1
205364,Pristiq,depression,"""i was on this for 5 weeks broke out in hives- now off of it and on prednisone. i also take lamictal so she took me off that too as she didn't know which med was causing the issue. if you start itching get to your dr right away""",3.0,"November 28, 2015",13
20456,Vimpat,seizures,"""my daughter has just been diagnosed with epilepsy.  she started with keppra but had a seizure while on it so her doctor added vimpat. he had given me sample packs at first to see how she did.  she has been taking it for 4 weeks and seems to be doing well.  my main problem is that for a 30 day supply it cost me (with insurance) $774!!!!!!!  i was told that there is no generic available.  it just amazes me that drug companies can do this to people.""",8.0,"February 28, 2017",18
179765,Adapalene / benzoyl peroxide,acne,"""i wanted to find a product that people actually found it working so i head over to a comparison and searched a little bit and came up with epiduo at a time where i had a lot of acne on my skin. it helped me clear my skin slowly and slowly and has made my life a lot easier""",10.0,"January 12, 2016",0
86154,Magnesium sulfate / potassium sulfate / sodium sulfate,bowel preparation,"""i honestly was not terribly offended by the taste. it tasted like salty grape koolaide.  i did use lemon slices after each drink. i highly recommend walking around after each treatment. it will help to move it along, and get rid of that bloating. i never had nausea, like 10 years ago. all in all, not too bad.""",9.0,"April 19, 2015",21
218053,Amoxicillin / clavulanate,strep throat,"""dr thought i had strep just by looking at my throat and felt like i was swallowing glass, so i got 500mg amoxicillin 3x/day. within 24hrs i could swallow again and fever went away. however, i am now on day 5 of this medication and have pretty bad nausea, a raging yeast infection and frequent loose stools, and the abdominal cramps are pretty bad. if you're on this, start taking a probiotic or yogurt immediately! i'm not playing around!""",6.0,"September 20, 2017",4
168350,Rizatriptan,migraine,"""i've had headaches since i was little but once i got to college they progressed into intense migraines.  i tried imitrex and other various painkilling drugs without any relief.  i am so thankful my doctor prescribed this drug.  it's been the only life saving relief from my migraines which include nausea, excruciating pain, sensitivity to light, sound and motion, as well as dizziness.  i take a maxalt along with a 200 mg celebrex and 2 extra strength tylenol as soon as i can get to it when i feel the onset of a migraine.  it works in about 30 minutes sometimes a little longer if i wait too long to take it.  anyone who is suffering i would strongly recommend talking to your doctor, as another wrote, ""well worth the co-pay!""""",10.0,"December 29, 2009",13
152677,Furosemide,edema,"""i took my first dose of furosemide yesterday morning,1 x 20mg tablet at 6.00am (when i take other medicines). i fell asleep and woke at 11.15am and felt tipsey, restless and had twitches and tingling in my hands and fingers. i also had a very dry mouth and was very thirsty and did more housework than i've done in the last 3 months put together. i suffer from chronic back pain and chronic sciatica and even though i was in a great deal of pain i couldn't stop cleaning. today i still don't feel quite right and every muscle screams in protest as i move.""",3.0,"August 16, 2009",21
109833,Nexplanon,birth control,"""love it, no issues. got it after i had my second baby and started getting my period monthly again after i stopped breast feeding.  started to lose weight now with no issues and is working great.""",10.0,"July 7, 2016",4
98751,Nexplanon,birth control,"""i really love nexplanon, i have zero worry. i've had it since june 2012 and have not gotten my period since. also, right after putting it in i really wanted to lose weight and managed to lose 20 pounds so that was no problem for me whatsoever. my only complaint is that it's made my skin so oily it's not even funny. my entire life i've had perfect skin and now i have acne all over my forehead. for nexplanon, it really depends on what's more important to you: not getting pregnant or not getting acne.""",8.0,"October 7, 2013",7
115691,Secukinumab,plaque psoriasis,"""i went on costentyx after a miscommunication with the amount of time i needed to be off embril, i started my 5 week  dose and continued for 6 months, in that time my psoriasis was completely clear but the side effects were horrendous, hives hotspots breakouts of psoriasis on arms and legs exczema on my hands and feet. the two weeks following my injections i would itch and breakout in hives.  the customer support was non existent i managed to find more information from the us support. i fianally went off it in october 2015 and still dealt with the side effects exczema and some itching. i have spoke to the nurse and was not impress with their knowledge of the drug, embril had a much better support line!""",4.0,"February 1, 2017",0
21877,Guaifenesin / pseudoephedrine,cough and nasal congestion,"""after coughing for several weeks i went to my doctor who prescribed an antibiotic and mucinex dm. i took the first tablet and drank a lot of water. immediately my coughing was very productive. i highly recommend mucinex dm!""",10.0,"May 2, 2009",9
142,Medroxyprogesterone,endometriosis,"""do not get this shot!  it tried to ruin my life.  heavy sporadic bleeding,  mood swings,  depression, headaches,  body aches, no sex drive,  terrible cramps, i have little/no emotion for almost everything.  i only had 2 shots.  i just want to get back to my normal :(""",2.0,"December 2, 2015",9
181786,Prozac,depression,"""i just started to take this medicine 2 days ago, and although i feel good and i seem more calm, i experienced vomiting, is that normal? also i am overweight and my husband has been complaining of me snoring. for the last two days he is so happy because he said i am not snoring any longer so lets see what happens.""",8.0,"November 25, 2010",5
143391,Etonogestrel,birth control,"""i don't recommend this at all! i know everyone's body react different. at least mine reacted negatively. i had my period for 6 months, started having breast pain and discharge, i was always tired, and oh my gosh acne!! finally, it was a damn painful process to take it out since it was really hard to find it.""",1.0,"February 15, 2017",1
232160,Lorazepam,panic disorde,"""i will always take ativan for my mild-to-moderate panic. the only problem is, it can become addictive. so i try to use other methods for my anxiety before i reach for the ativan.""",9.0,"January 13, 2017",26
49333,Ethinyl estradiol / levonorgestrel,birth control,"""i took this pill for a year and it worked really well although i sometimes missed 1-3 pills a month. the first half of the year didn't affect my mood that dramatically until later on. my boyfriend noticed that i was really irritated over little things and my depression almost made me hurt myself. i also realized that i felt very very angry at him for picking me up an hour late and i couldn't calm down. in my mind i knew it's okay and i wanted to forgive him, but the anger inside me didn't budge. it's a very effective pill but i have to change my dosage since it's putting me and my relationship in danger.""",10.0,"March 5, 2016",8
52142,Adipex-P,weight loss,"""i have been overweight most of my life, i have tried every diet known to man! someone told me about how they had lost weight on adipex so i thought what do i have to lose! i saw the doctor a week ago 8/9/11. today is 1 week since i started taking it and i am proud to say i have lost 7.4 lbs! in 1 week! its amazing! i wish i would have known about it years ago! this 7.4 lbs. came off without exercizing. so this week i'm going to start working out a little and see what happens. i haven't been this excited about anything in a very long time so just had to share! honestly this is the best diet pill ever. with this pill no one has a reason to be overweight. lets get healthy. it's even affordable. just love it!""",10.0,"August 16, 2011",20
9321,Lo Loestrin Fe,birth control,"""my old gyno recommended this pill so i took it. i was on this pill for four months and took it religiously. i became pregnant. if i could give this pill 0/10 then i would.""",1.0,"December 6, 2016",4
69061,Medroxyprogesterone,birth control,"""i am only limited to a few options because i am on seizure meds, before the meds i responded very well to the pill! this is my 3rd depo provera shot and i feel like a completely different person for the worst.. i have no sex drive, i have panic attacks daily, my hair started falling out, i literally sit in my room depressed when i'm not working, my vision changed, i have upper back pain and neck pain, i am tired all the time.. i miss the girl i used to be before this injection.. my bloodwork is perfect, i've had several test done. this drug is a poison and i can't wait until march for me to decline to never get it again!""",1.0,"February 1, 2016",7
9842,Lo Loestrin Fe,birth control,"""this pill is great! i'm super sensitive to birth control pills and this is the only one i've ever felt normal on. i would definitely recommend it to anyone! i did have breakthrough bleeding the first few months but that seems to have cleared up. no actual periods really which is amazing. also it is indeed experience but the aca under obama care has made it affordable. i was paying high out of pocket prices for it but i called my insurance and they told me i needed to have my doctor call and tell them it's the one i need to be on and then they would cover it for $0/ month! so thank god for that. definitely check with your insurance and pharmacist! they are full of helpful information!""",10.0,"February 9, 2015",18
210045,Linzess,"constipation, chronic","""i have been taking this product for three days. my worst and only side effect now is that it makes me feel so tired. i can't take it in the morning so i have started trying it at night. can't wake up very well in the am but it beats the pain i had before i started it. i was so impacted i could barely bend over.""",7.0,"July 24, 2017",10
67854,Plan B,emergency contraception,"""had a condom mishap with a guy i was dating. i'm on birth control but had missed a pill that week and was worried that i wasn't protected. took the pill 16 hours after the incident. had no side effects for a few days, but was extremely anxious as i waited for my period which was two weeks away. after 3 days i did have some abdominal cramping that felt like bad period cramps. that went away around day 6 at which point my skin broke out with acne. i continued taking my seasonique birth control during this time. finally, 16 days after the incident my period started. i took several pregnancy tests to make sure that i was not. not sure how helpful the pill was in the long run, but it was a good lesson to really be diligent with your bc pills.""",9.0,"September 5, 2016",5
98699,Nexplanon,birth control,"""i have had the nexplanon implant in for a few months now and i seriously love it. it saved me so much money from the nuvaring i used to be on. i didn't bruise when i got it implanted and was only sore for a few days. i have not had a period or any of the random bleeding that i was worried about. i have not had any side effects! i'm so pleased! i've been on birth control for 4 years (2 years of the pill and 2 years of the nuvaring) and nexplanon is so much more convenient.""",10.0,"December 12, 2013",10
227996,Etonogestrel,birth control,"""i've had implanon for almost 2 months now. after the first 2 weeks i got my period and to this day i'm still bleeding. some days it's very very light, some days it's heavy but most days it's just there. it's only enough bleeding for a light tampon, but the point is i'm still bleeding. this is my biggest complaint about implanon and i'm hoping it'll stop eventually. but the only other side effect i've gotten from this is the occasional killer headache, but an 800mg motrin takes that away. in fact i think i feel one coming on right now. i can't complain too much, every other birth control i've been on has failed me hence my 2 kids.""",7.0,"November 4, 2010",0
137111,Isotretinoin,acne,"""i highly encourage anyone struggling with acne to ask their dermatologist about accutane. i've struggled with mild but persistent acne for years. i was placed on an antibiotic for almost two years after trying topical treatments. this antibiotic worked for me for a few months but i still had breakouts. i have just finished my 6 month round of accutane. i am honestly in love with this drug. my skin is flawless and i am happier with it then i have ever been. the only side effect i had to deal with was dry lips which wasn't bad. my skin never felt dry, it actually feels softer.""",10.0,"September 24, 2015",8
76046,Benadryl,allergic rhinitis,"""good antihistamine. can cause drowsiness, but it works quickly and shrinks nasal swelling better than some of the other choices. i take a newer antihistamine during the day, but this helps a ton at night when the other wears off and the pollen is still bad.""",8.0,"May 23, 2016",4
31006,Miconazole,vaginal yeast infection,"""omg i will never buy this ever again. i'm itching and burning so bad it's unbearable i used monistat 7. honestly al rather just deal with the infection then use this stuff. omg .!!!!!""",1.0,"March 25, 2017",7
14891,Ethinyl estradiol / norethindrone,birth control,"""i've been on this birth control for a month and needless to say it's been a nightmare. i had clear skin before starting, and for this entire month i've had cystic pimples all along my jaw line and neck, and pimples around my mouth and chin. my boobs swelled a lot and they always hurt, my mood swings are horrendous and to top it off, i bled for 2-1/2 weeks straight. sorry but i don't have the patience to wait 3 months or longer for that kind of stuff to level out. i'll be discontinuing.""",3.0,"August 23, 2017",1
58789,Azelaic acid,rosacea,"""i have acne and rosecea. i like to call my type of rosecea, emotional rosecea. my cheeks stay a little pink all the time but if i get hot, embarrassed, mad or pretty much any other emotion except happy, my face and neck get bright red. i didn't get acne or rosecea until i was probably 24 but now that i am 30 it is awful, i can't do a presentation at work without panicking because i know my face and throat will get bright red. i have tried orecea, doryx, photo laser beam treatments and mirvaso with no success. (the mirvaso actually made it worse after helping for about  weeks)  i finally went to a new dermatologist and he prescribed me finacea...and i love it!!! my face is much less red and a the acne is almost gone! try it!!""",9.0,"June 7, 2015",32
122950,Ethinyl estradiol / norgestrel,birth control,"""i started taking cryselle because the higher dose pills, like tri-sprintec, made me throw up. at first, cryselle made all the nausea go away and i lost weight. after about a week i started having pretty severe mood swings and started getting the worst acne i've ever had. i got huge pimple all over my face...the long lasting, painful ones. it was not a great experience.""",5.0,"August 12, 2015",0
109162,Nexplanon,birth control,"""the worst birth control option available. i had nexplanon in my arm for six month, and those six months were a nightmare. i suffered terrible anxiety. i also started having problems with lactose temporarily and questioned if i was lactose intolerant. i would randomly cry when i was alone. it sparked adult acne. i had trouble breathing sometimes. honestly, it was just a horrible, confusing experience. sure, it is effective in the sense that it prevents pregnancy, but there are better options than nexplanon.""",1.0,"March 22, 2017",2
106356,Implanon,birth control,"""i gave it the benefit of the doubt and had 2 sessions worth of it..... it did prevent any pregnancies but at the risk of never bleeding. i don't know about yall but it scared the crap out of me! my sex drive vanished once i got on it. 10-20 lbs of weight was gained over the course of 4 1/2 years. finally got it out and still not bleeding.....not sure what all it screwed up...... good luck ladies!""",1.0,"March 17, 2017",3
229919,Flurazepam,insomnia,"""i had a hysterectomy and was suffering from no sleep at all. my doctor gave me ambien and it did work for the first few nights then sleepless nights returned. a few days ago he gave me dalmane and i couldn't be happier. i am sleeping all night now.  however, i do have a slight headache in the morning.""",10.0,"April 14, 2010",61
127394,Disulfiram,alcohol dependence,"""i have been sober for just over a month. i had been sober for a month before (in some cases many months) but this time feels different. in my most recent bout with alcohol, the quantity i consumed and the frequency of my drinking episodes increased tremendously. my cognitive function and physical/mental state had taken a downward spiral. i wasn't able to keep a job or facilitate healthy relationships with those around me. i spoke to my doctor about antabuse and after some reluctance was able to obtain a prescription. i have been faithful about taking the pill every day and cravings have been minimal. knowing that the option to drink isn't physically possible has been the chief contributor to this attempt at sobriety.""",10.0,"March 27, 2016",83
209414,Zomig,migraine,"""i have recently gone to a headache specialist after thinking no one is going to help me with my migraines and constant tension headaches. she gave me zomig and it does really work. the first time i tried it i wasn't 100% sure my headache was a migraine since it felt different then the one i've always experienced. it wasn't throbbing from front to back all on one side but it did really hurt bad all on one side. i was pleasantly surprised. maybe it was a different kind of migraine since i have just weaned off of excedrin and 2 years of tramadol use. a couple of days ago i had a bothersome headache that had been off and on in intensity for 2 days then turned into the normal migraine i have been accustomed to and the zomig took care of it.""",10.0,"February 20, 2014",13
85304,Ethinyl estradiol / norgestimate,acne,"""i got it prescribed when i was 16 for my very hormonal acne (effective birth control was a nice bonus too though.) after about 2.5 months my blotchy mess had become crystal-clear-as-ice skin. i was for 4 years, mostly very clear. then i thought the problem was probably ""fixed"" and i went off it when i was 20. i thought it was giving me headaches too. quitting was was a nightmare. i had a 17 day period, then it evened out to every 2 weeks. i started to break out like a volcanic range. i gained weight. i let this go on for 3 years thinking it would stop. i finally decided i'd get back on it a month ago. my skin is so bad on the sides i wear 60s headscarves to hide it, but it's clearing up in other ways. so far no headaches. just nausea.""",9.0,"July 25, 2015",3
118280,Naltrexone,opiate dependence,"""i've been using opiates for 8 yrs now the past 3 i have been a heavy iv heroin user. i have been to at least 10 different programs relapsing every time so i'm considered to be a chronic relapser. this time i chose the vivitrol shot i just got this about 5 days ago on the day i was released from rehab and i can guarantee you if it wasn't for this i would be high. this is early in but i have no cravings my mind is clear definitely going to get the whole year my insurance is goin to pay out.. as for side effects maybe small common ones that you can look up but nothing to complain about. this is the shit y'all, ain't not one bad thing....go get you some""",10.0,"March 18, 2015",76
94814,Abilify,depression,"""i take 4mg of abilify with 60 mg of cymbalta and my life couldn't be better.  i enjoy things again!  i also take focalin for adhd and this helps tremendously also. i'm like a new person.""",10.0,"April 28, 2012",46
13317,Amphetamine / dextroamphetamine,adhd,"""i have had adhd for as long as i can remember. my first real memory is when i was an altar boy. i would go to the church but could never concentrate on what i was supposed to be doing. i would forget pretty much everything and was just sort of walking through things as a zombie. every time i had to serve a mass i had to rework everything in my brain. this went on for years through school where i couldn't pay attention and i would actually ask the same question two or three times. i did not find adderall until later in life because when i was young it was not available. after taking 15 milligrams of the instant release twice a day my life changed for the better. i was able to concentrate for the first time. not covrd by ins as am +20""",10.0,"October 28, 2016",29
154493,Clopidogrel,heart attack,"""i have been taking plavix from the day it came on the market because of my unique clotting problem. my heart doctor has me on both plavix and 325 mg of aspirin once daily. when i developed atrial fibrillation, they put me on warfarin also. then i started having bleeding problems. they took me off the warfarin and i was fine on the plavix and aspirin, no clot problems encountered.""",10.0,"September 13, 2011",140
84870,Ethinyl estradiol / norgestimate,birth control,"""i've been on trinessa for a few months now. i've had a positive experience, period is on time, acne is going away, no spotting, no weight gain. slight nausea at the start of taking this pill but went away quickly. also prevents pregnancy! i would recommend this for a no to little cost generic of ortho tri cyclen.""",10.0,"March 21, 2016",3
83566,Levocetirizine,allergies,"""i have been taking xyzal now for 10 days. the first couple of days i thought i had finally found the answer to my chronic cough and allergy symptoms. it helped me to sleep through the night without coughing and most of the day. by about the fifth or sixth day i started having severe muscle aches and joint pain over my entire body. my mother is 88 years old and i feel like how she describes her body pain. the last few days i have been trying to decide if its worth the pain and fatigue until this morning on the 10th day. on top of the joint pain, muscle aches, tiredness, oh and crazy vivid dreams, i felt myself wanting to cry several times today. thats just not me. i'm done!!!""",1.0,"April 10, 2017",25
114247,Nicotine,smoking cessation,"""i'm 7months pregnant and was smoking 1 pack a day. i have smoked for 26 years and was  not happy with what i was doing to our baby,so i went to my doctor and pleaded to her to help me quit. my doctor helped me by putting me on the nicorette inhalator. wow i'm not even craving fag and feel a lot better. on cloud nine at the moment and it's been only 2 days without fags. love it. x no side effects.""",5.0,"June 18, 2016",14
20299,Cambia,migraine,"""given a sample by doctor. have suffered from a headache for 24/7 for last 18 months. one dose and i got the first relief i've ever had since my injury causing headache. miracle!""",10.0,"May 4, 2013",27
17869,Ethinyl estradiol / etonogestrel,birth control,"""i've been on and off birth control for over twenty years.  i went back on two years ago to help with very heavy periods and tendonitis caused by low estrogen.  i was still having break through bleeding and periods every 19 days on strong pills so i asked to be switched to the ring.  i've been on the nuvaring for two months now.  i have not had any break through bleeding.  my period started two days after removing the ring and was very light.  unfortunately the side effects are not great.  bad back ache, abdominal tenderness, diarrhea, break outs along my jaw, upper back and hairline, vaginal irritation, headaches, occasional low grade fever, abdominal pain after sex, lack of energy, lack of concentration and i'm extremely cranky.""",7.0,"November 3, 2013",11
140175,Asenapine,bipolar disorde,"""took this drug because my antidepressant was causing horrible mood swings. it works well and quickly, and side effects are not awful. only problem was i would have really intense episodes of heavy breathing/heartbeat, with twitching and then i would barely be able to move for a while. hopefully as i get used to it, this should go away. but great medication, really helped my mood and mental clarity!""",7.0,"December 11, 2014",14
94016,Trintellix,major depressive disorde,"""i started this med in september of 2015.  i have been on 30 psychotropic medications over the past twenty years to manage my mdd and anxiety.  had 30-ish ect treatments as well.  also have regular cbt therapy.  nothing was working for more than a couple of months.

however i started trintellix and saw improvement within a month.  after a decade of a depressive episode that i never got into remission from, i was in partial remission.  no, it isn't complete remission but i've dealt with the fact that that may not be in the cards for me.  

i haven't had active suicidal thoughts in a year.  until that point, i hadn't gone without suicidal thoughts for more than a month.  

this drug has been a life saver for me.  no side effects.""",10.0,"November 12, 2016",70
208018,Suprep Bowel Prep Kit,bowel preparation,"""this is my second colonoscopy but first time using surprep, i was given pills last time. i didn't like this product because of the extremely nauseating effects. after i took my first dose at 5:00pm yesterday, it only took about 10 minutes to kick in. the medicine itself didn't taste bad with orange gatorade, however i experienced terrible heart burn, acid reflux and nausea. just as i began to feel back to normal, 3:00am was here for my second dose. i cannot even begin to explain the nausea this time. it was debilitating. all and all, i am ready to get this over with and eat!""",1.0,"December 30, 2013",9
133028,Loestrin 24 Fe,1</span> users found this comment helpful.,"""i took this for about four months and i loved it! i did not gain any weight at all. i missed maybe twice and did not get sick when i took 2 the next day. i did break out with acne at first and it wasn't the best while i took it but it wasn't bad. i only felt sick the first week i started and never to my knowledge had any abnormal mood swings. the first couple of months i did spot some throughout the month but i figured my body it just getting used to it. i had to stop taking it because it was $75 with insurance a month.""",10.0,"July 9, 2012",1
40208,Amiodarone,arrhythmia,"""was on amiodrone two months prescribe to me by doctor in baja mexico.  loss of weight, anxiety. back in us to discover it had sent my thyroid skyrocket, loss of weight and general poor quality of life. now thyroid has to be retested in four weeks and recommended to see neurologist due to possible parkinson's.  they should ban the drug.""",1.0,"June 7, 2015",36
125470,Dulcolax,constipation,"""i took 2 dulcolax for mild constipation and 5 hours later was hit with severe abdominal pain and sweating for about 45 minutes. it was the first time that i had used this. i was about to leave for the emergency room and it subsided.  my daughter read some reviews on dulcolax and found that several people were affected in this way. i would definitely stay away from this product. it did relieve the constipation this morning.""",1.0,"May 9, 2013",49
74897,Keppra,new daily persistent headache,"""i've been using 1500 mg of keppra for about three years now for a very achy head.  through an mri, my dr. found that i have cerebellar atrophy.  as long as i take my 750mg dose at the same time each a.m., i  have absolutely no problems anymore with my achy head that i've lived with all of my life, (til the age of 48). if i wake up late, it's not worth it at all.  i'll wake up with an awful headache, that doesn't go away until about 1/2 an hour after i take the keppra.  i also take 750mg just before bed.  my achy head is in the past now, thanks to keppra.""",10.0,"February 5, 2010",24
70599,Flomax,benign prostatic hyperplasia,"""just started taking this over almost a week. 1st thing i noticed was weak orgasm, little to no semen. penis is largely flaccid. flow has improved hope the dribble improves within the next week. semen and orgasm my be an issue for me though.""",4.0,"December 4, 2009",95
103146,Estarylla,abnormal uterine bleeding,"""i started taking this pill for severe menstrual cramps  (i've had to take a lot of  ibuprofen daily to manage the pain) and to hopefully decrease the amount of clots i was passing (sorry...tmi...i know!) throughout my period which were very large, numerous, and painful. i am very pleased with the results.! after only one month the clotting and pms symptoms have significantly decreased, the cramps are manageable, and i was able to function like a ""normal"" person at work on my cycle. i was apprehensive about estarylla birth control of all of the bad reviews, but it has been a lifesaver for me! sticking with this pill forever and ever! amen!""",10.0,"June 7, 2017",2
211710,Lamotrigine,bipolar disorde,"""lamictal has been a life saver. started when i was 18, after 4 years of unsuccessful treatment plus 2-3 years of emotional instability not treated. started lamictal and i finally felt like ""the person i was always supposed to grow up to be"". i do get the ""morning woozies"" when i increase the dose for worsening symptoms, but i have been more or less in remission. very minimal side effects, and generally effective as stand alone maintenance drug.""",9.0,"May 25, 2017",30
10927,Terbinafine,"onychomycosis, toenail","""embarrassed to go barefoot and what not, all ten toes infected with this brown tint. fed up i decided to do something about it. i heard of lamisil and did some research on the medicine, was concern about side effect and live damage so i went for the laser treatment on all ten toes.
after 5 months no change, toenails look the same,  disappointed went back to my dr and he said lamisil works best for this infection, so after much thought and tired of my condition i decided to go with the lamisil, still concerned about side effects and what not. 
dr. ordered 1st liver test and came back good so here i go!. almost 3 months on medicine and i couldn't be happier! brown tint is almost gone and new nail is growing out & no side effects.""",9.0,"May 21, 2014",157
195240,Hydrocodone / ibuprofen,pain,"""i have back problems.  this is the first pill that has relieved my pain and has also restored my ability to have a physical relationship.  i could see where it could be addictive, so take only when really needed.""",10.0,"July 29, 2009",19
209537,Levsin SL,irritable bowel syndrome,"""if you have irritable bowel syndrome then you know how it can seem to pop up at any time. this is a sub-lingual medication. as such, it works very quickly to stop spasms in the colon.  as my physician explains it: it slows down the action of the colon. antidiarrheals will completely stop the action of the colon. you  don't want to stop the action of the colon. """,9.0,"November 18, 2012",45
1596,Eluxadoline,irritable bowel syndrome,"""i have suffered from severe ibs-d for the past 5 years. i was continuing to get worse, it seemed like i tried everything and i still had more bad days than good. i had cut out gluten, all dairy, coffee, pretty much every possible trigger i cut out of my diet. i was on levsin three times daily and i also still had to take immodium in between. i could take three immodium and it still would not stop my diarrhea. it would last for an entire day even after taking medication. i was at my wits end. my doctor had me try viberzi at the end of december. she put me on 75 mg twice daily. so far it has been fantastic! i am much improved. i went two weeks straight without an episode of diarrhea and it has been years since i've gone that long!""",9.0,"February 1, 2017",17
206970,Felbamate,epilepsy,"""started taking felbatol in october 1995. until then had been on several medications, nothing would stop my seizures, not even a combinations of medicines. by april 1996 i was almost seizure free. for over 17 yrs i have been seizure free. no one, unless they have experienced this, can imagine the change in all of our lives.""",10.0,"October 12, 2013",13
56741,Elavil,migraine prevention,"""i've had migraines since i was 21 (i am now 69).  absolutely horrible and debilitating migraines sometimes lasting several days.  my neurologist started me on elavil recently.  i still have head pain but it's not as severe as it has been.  it is bearable now.  my life is beginning to be something to look forward to; i am even going to visit one of my sons in arizona, something that i haven't done for a number of years.""",5.0,"October 18, 2011",20
186354,Desvenlafaxine,ibromyalgia,"""bad side effects for 2 weeks when starting this medicine. tolerated it fairly well for a couple months. i was on 50mg, then 100 mg. it did raise my blood pressure. no libido issues like i had when on efexxor.  it did nothing for my fibromyalgia and it took me a few weeks to stop it. coming off the pristiq was was worse than starting it. very nasty headaches everyday. it also made my hair fall out at an alarming rate. handfuls. my hair stopped falling out about a month after i stopped the pristiq.""",4.0,"January 9, 2012",13
221147,Drysol,hyperhidrosis,"""this stuff really does work. my right underarm would sweat almost instantly and would leave the biggest stain. since using drysol, that has stopped. the only downside is how badly it burns. it burns and itches so badly when you first apply it, but the results are so good that the temporary burn is almost worth it.""",9.0,"February 8, 2016",9
173723,Brexpiprazole,major depressive disorde,"""i have been on this medicine for two weeks now an have already notice a difference. i have been able to sleep all night, not cry as much. my outlook on life is starting to look better. i take this along with wellbutrin. *****please make this affordable for everyone*****""",8.0,"December 4, 2015",75
110939,Acetaminophen / butalbital / caffeine / codeine,headache,"""this medication does help but have to take 2-3 pills for complete resolution of migraine. with the codeine as am ingredient that helps the most to put me to sleep so i can sleep off the migraine.""",8.0,"March 29, 2015",6
51737,Aczone,acne,"""i'm in my early 20's and have been dealing with acne since secondary school. nothing has worked for me, both oral and creams or gels. about a week and a half ago i went to a new dermatologist. he prescribed aczone. deciding why not i gave it a go. it's now a full week in and i'm noticing an improvement. i realized that i still have larger bumps but my smaller bumps are basically diminished. i look toward to continuing the use of this product.""",9.0,"May 1, 2013",16
91863,Lyrica,neuropathic pain,"""taking lyrica for spinal cord injury. started with 75 mg daily. seem to stop the severe burning in my feet but i have memory problems with blurred vision. dr. has upped the meds to 150 mg 2x daily not sure how i'm going to react to that.   i'll report back in a week or two if i have a brain left""",4.0,"May 8, 2017",20
47291,Certolizumab,ankylosing spondylitis,"""i cannot say my experience with these medications- enbrel, humira, simponi & cimzia have been positive. for some odd reason my body is continually rejecting them. i end up with the uncommon/ rare side effects and have to stop using. seems once i reach a 3 month mark is when the side effects start showing. my last trial has been with cimzia, which i began symptoms for the past month or more and my research doctor had told me my symptoms were not from the cimzia.this last injection i took 3 days ago, now has given me terrible swelling in my feet and lower legs. i am at a loss now.seems there is nothing else on the canadian market for a.s.""",2.0,"December 11, 2016",3
73546,Ethinyl estradiol / norethindrone,birth control,"""i was on this medication for 3 months and didn't have a great experience with this one. for the first two weeks i was extremely nauseous, once that died down my breasts were sore and grew from a small b to a full c, at that time my sex drive dramatically decreased and i became very moody which never really stopped. starting a different birth control at the end of this cycle and i am very relieved. i am giving it a two because it did prevent pregnancy and made my periods regular.""",2.0,"July 29, 2013",9
6778,Beyaz,birth control,"""i've been taking beyaz for about a week now, and it has been great. the only side effect i've really had a problem with are intense cravings. none of the other side effects (clearer skin, increased libido) have been a problem to me in the slightest. i would say that starting to take beyaz was a wonderful choice.""",7.0,"February 5, 2012",5
36117,Coreg,heart failure,"""works well for congestive heart failure chf,. however, i started using it years ago and we have discovered that coreg may cause painful peripheral neuropathy. i am not diabetic but have developed the neuropathy and the only guess from doctors is that it was caused by the coreg.""",8.0,"December 24, 2014",43
222140,Rozerem,insomnia,"""i only took it for three nights before i gave up. it seemed to keep me up longer than usual. the worst part was that i was dizzy the next day almost like vertigo, usually when i go from a laying down to standing position. the room just spins. it's been three nights since i've taken the medication and these side effects have not gotten any better.""",1.0,"December 18, 2015",31
22514,Nuedexta,pseudobulbar affect,"""after finally dad was diagnosed with dementia/alzeihmer's he went through aggressive behavior, tried to hurt himself. risperidone helped with aggression but the constant yelling and crying started. after lots of trials the doctor prescribed nuedexta, which took away most of the yelling and crying. he is more alert and thinking clearer. we are truly happy to be able to visit and enjoy the time together.""",10.0,"May 8, 2013",46
203599,Zyban,smoking cessation,"""i started smoking at age 9. smoking alot by age 13. started driving 18 wheeler at age 23. four to five packs a day depending  on whether i had to work 23 or 24 hours in a day. in dec. of 1999 i took zyban for i think a month. from what i can remember , it made me a little nuts at times as well as violent. i understand it changes the addictive center in your brain but it changed my personality as well. the the second week i relapsed for one day and then none after that. seventeen years and not one cigarette. still wanted one once in awhile but never enough to light one up. i only wish i had done it sooner before my lungs went copd. make no mistake, i would be long dead if i had not quit. (a coffee can full of phlegm a day)""",10.0,"January 25, 2017",34
144997,Etonogestrel,birth control,"""i had the implanon inserted in 2010 when i was 17 years old. insertion procedure fine. i experienced a little spotting for the first 6 weeks which was normal. after this i had no periods and virtually no side effects for 3years. i loved this contraception so much that i immediately put a second one in when my 3 years were up. i kept the second implanon in for 2 years and decided to take it out as i was beginning to get unpredictable bleeding (which could last for a couple of weeks) and my mood became low. i felt this was my body telling me it had had enough. however, overall i am delighted with my experience on the implanon. for 5 years i didn't need to worry about pregnancy or periods! i have also recommended it to many of my friends.""",9.0,"December 1, 2015",6
129216,Levonorgestrel,birth control,"""i had the skyla inserted friday and removed it the following monday. i had no cramps or pain afterwards but i had chills, diarrhea, dizziness, i was unbearably nauseous and my anxiety was off the charts.  it was one of the worst weekends of my life. 

i really wanted it to work for me but it didn't.""",1.0,"October 5, 2015",1
208426,Oseltamivir,influenza,"""flu came out of nowhere on a saturday. chills and headache were the worst but also had cough, earache, body aches. temp was 102. spent the weekend in bed, not sure i would survive. went to dr. on monday and tested positive for flu. started tamiflu and a z-pak. by tuesday i was feeling much better. expensive but i do not regret the cost because it worked and i only had to pay copay.  many years since i had the flu and was much worse than i could imagine. would pay whole $80 if needed.""",9.0,"September 24, 2013",11
132921,Loestrin 24 Fe,birth control,"""i loved being on this pill. the only reason why i stopped is because i am way too busy to take it at the same time every day, so i now have a birth control implant. 

i did not gain weight. acne... well, i've always had bad acne, even before birth control. i was secretly hoping it would clear it up, which it did not, but it definitely did not get worse. no weight gain, etc. lightened my cycles for the fist year, then afterwards i would regularly get my period every other month, and then i would never get it (and take tests when i was worried.) towards the end (i was on it for years), i was horrible with taking it on time-- there were days i would even forget to take it. with back up protection, i still was never pregnant. loved this pill.""",10.0,"September 11, 2015",7
210228,Linzess,"constipation, chronic","""i have experienced chronic constipation since i was diagnosed with systemic lupus 15 years ago.  i have tried nearly every over the counter remedy with only short-term relief.  i have been on 185 mg linzess for a month and am happy when it actually works.  maybe it is too soon to decide if it is a great drug to relieve my constipation, but so far, it only stimulates a bowel movement 2-3 days/week; most often within 2 hours of taking the drug on an empty stomach.  the other days, i am bloated, constipated and full of gas.""",6.0,"January 13, 2016",20
224408,Levothyroxine,"hypothyroidism, after thyroid removal","""my surgeon took charge of my synthroid medicines - big mistake - it was not until i saw an endocrinologist that i found the correct dosage and felt better.  it took 18 months to find the correct dosage.  i now take 0.2mg mon-fri and add 0.05mg on the weekends.  this works for me.  i had many problems before i got the right dose, and my surgeon said they were not from the synthroid - he was wrong.  i had extreme fatigue, sleeping 10 hours per night and 1 hour in the afternoons.  i had trouble remembering things, as well as the inability to concentrate.  i was off balance and frequently missed steps and curbs while walking.  as well as often feeling like i was going to black out or faint - never did.  with the correct dose everything is much better.""",9.0,"March 29, 2011",128
220379,Loestrin 24 Fe,birth control,"""i started taking loestrin for pregnancy prevention two years ago with virtually no side effects. this birth control has the lowest dose of hormones which controls nausea (a huge problem with previous birth controls), my skin looks great, no weight gain, cramping or bloating, pms and hormones are regulated and my period disappeared after about 6 months. my breasts did get bigger - not a full cup size, but maybe a half - and i have found that sentimental things make me cry easier than before i was on the pill. most importantly though, this birth control prevents pregnancy. i take it everyday at the same time +/- 30 minutes and have never had a scare in two years!""",9.0,"March 20, 2012",1
67533,Plan B,emergency contraception,"""i am a 18 year old girl that made a stupid mistake. my boyfriend and i never have unprotected sex but on november 3rd  we did. i got my period october 28 and i was just finishing up my period the day we had unprotected sex. we ran to get plan b about an hour after that accident. i googled everything about plan b and i saw that apparently there is a 165 pound weight limit and i am really scared cause i'm over that. """,4.0,"November 5, 2017",0
161573,Remeron,depression,"""this medication was the magic bullet for me anxiety wise and depression wise. i slept extremely well and my anxiety plummeted. i would have definitely stayed on it if it weren't for the atrocious weight gain! i am normally 110 lbs or so, and within 1.5 months was up to 130lbs! during this time i wasn't eating much more than normal and i was skateboarding, canoeing, and running yet still putting on weight. i was the happiest, yet the fattest i had ever been on this drug, so it was love/hate relationship. i decided to go off of it because i couldn't tolerate the weight. was a shame, since it was extremely effective for me otherwise. oh well.""",9.0,"March 24, 2017",46
158535,Methylphenidate,adhd,"""i've been on over half of the adhd medications on the list, and all of them either made it worse, or added on to the tic the first medication gave me. i started taking concerta about two years ago, and i remember improving in school greatly. it works fast, and helps a lot""",10.0,"May 2, 2014",61
121922,Venlafaxine,hot flashes,"""after having my ovaries removed, the hot flashes were so bad - one every hour or so - that i could not get a decent nights sleep.the doctor had said if the flashes got bad that i could try this antidepressant. i did not need that or so i thought. after a month i said okay i'll try it. i have been on the lowest dose for about 8 years now. am i done with the hot flashes - i don't know and don't want to find out. and the side benefit for me is that is also took the edge off of stress and worrying. i recommend every woman who can't take hormones and has hot flashes to try this. i have had no side effects but i did have loss of appetite. just make sure your doctor checks your liver functions yearly.""",10.0,"March 27, 2012",163
207944,Suprep Bowel Prep Kit,bowel preparation,"""no big deal people.  it doesn't taste great (salted cherry comes to mind) but it certainly is not unbearable. started at 5pm and drank it slowly. had first movement within 30 minutes before i even finished.  bloating and watery movements for the next few hours about every half an hour. definitely some bloating but nothing awful and no headaches. used baby wipes and a&d ointment but didn't even need it. no soreness at all""",9.0,"October 12, 2014",38
56400,Humira,psoriatic arthritis,"""when i started taking humira in 2008, i was covered over 80% of my body. took humira, and it was at least 8  weeks (if not more) for any improvement on the plaque psoriasis, although i noticed big improvement in arthritis pain and stiffness.

once it cleared, within 2 years it was again widespread. finally i have been on it regularly for two years in addition to methotrexate (without it i feel it in my knees and hands).  i now only have no more than 5 spots here and there. 

very happy with it, and only side effect was 1 time liver function affected, but easily fixed with lesser dose of methotrexate.""",9.0,"March 11, 2014",23
17581,Ethinyl estradiol / etonogestrel,birth control,"""i've been on nuvaring for about 5 months and it was pretty good until i got a different partner. initially i experienced some bleeding in the very beginning during hard sex, but now with a ""bigger guy"" i've blead quite a bit, and he says that he can totally feel it (and it doesn't feel the best). we tried having sex with out it and i didn't bleed, but still having to take something out before every time you have sex and being on a 3 hour time constraint per 24 hours is not that fun. it does have its pluses though, like you don't have to take the pill everyday. however also, explaining to a guy that he might feel something up there during foreplay is also not the funnest...""",5.0,"September 15, 2016",2
222166,Rozerem,insomnia,"""i have taken it at least 10 times.  it is very expensive.  and it worked only 1 out of the 10 doses.  i am now trying to avoid caffeine and aspirin which is very difficult to do and will see if it works better. """,2.0,"January 24, 2011",24
223778,Depakote ER,bipolar disorde,"""honestly this medicine has saved my life! i went from having multiple long lasting episodes of mania to none. ya i still get the thoughts but im relaxed and able to make conscious choices now that im on it. the only negative side affect is the hair loss but its temporary, but so worth it. nothing is better than feeling like you are in control of yourself,  and this medicine does this for you dont be scared to ask your doctor about it!""",10.0,"April 27, 2016",20
10693,Spironolactone,high blood pressure,"""i'm a 46 year old female and have been on spironolactone for 2 years for high blood pressure.  after a year and a half my doctor took me off for a couple of months as i had great blood pressure and he thought with my avid exercising and diet changes i'd be able to regulate it myself.  my blood pressure immediately shot up to dangerous levels and i had to be back on spironolactone immediately which also immediately took my blood pressure back down to safe levels.  unless something else comes along, i guess i'm on it for life.  i count my blessings, it does it's job and with only two noticeable side-effects for me both negative and positive:  slight drowsiness and keeps any water retention at bay (which i had a problem with previously).""",8.0,"January 23, 2013",87
96284,Sertraline,depression,"""i've been taking zoloft for 6 months now...began at 25mg. and worked up to 75 mg.  i'm a person who hates being on medicines, so i tapered off to 50 mg and then tried to go back down to 25 mg.  unfortunately the symptoms came back, racing pulse and anxiety.  i'm now back at 50 mg and feel even keel.  it has been humbling for me to admit that i need this medication and i dislike how it makes you feel dependent on it, but i also realize it is doing its job.  i have lost 5-10 pounds since starting it.  the first few weeks i was in a fog and suffered horrible headaches and nausea, but per my doctor's words those symptoms did subside.  i've not had a single panic attack since starting zoloft.  """,9.0,"February 14, 2011",66
157396,Guaifenesin,ibromyalgia,"""i have been on guaifenesin for almost 20 years using the protocol that dr. st. amand founded.  it has been a life saver for me as i was able to get my health and stamina back in shape by closely following his instructions and recommendations. 

i was able to maintain my executive working position and later was able to be a caregiver for two family members.

  i highly recommend this drug and protocol.""",10.0,"August 14, 2016",39
219754,Amitriptyline,anxiety and stress,"""for many years i was very resistant to taking medications for my anxiety because i watched my mother who is bipolar try many types of medications without success. my anxiety was constant: racing thoughts, hypochondria, worry about my kids, etc. the stress was actually causing me physical pain. i was even tense in my sleep and woke up every morning feeling like i had been in a fight. elavil was life changing. i started out at 10mg and was bumped up to 25mg after a couple of weeks. the only side effects that i experience are drowsiness (you take it at night, so no big deal) and sometimes weird dreams. i am so at ease these days. i no longer have any stress-related pain. my quality of life has been vastly improved.""",10.0,"February 24, 2017",88
211015,Carisoprodol,muscle spasm,"""this medicine is helping my neck spasms and bulging discs. i have rhuematoid arthritis and gouty arthritis and chronic pain and this really helps me also. like they say give it a shot it will work.""",8.0,"July 30, 2011",37
43439,Hydromorphone,pain,"""i was given this post breast- cyst biopsy. it has not in the least helped my severe pain. my doctor now wants me to take dilaudid and motrin 800 hopefully i will get some relief.""",3.0,"May 7, 2015",6
84739,Ethinyl estradiol / norgestimate,birth control,"""worst birth control ever! i had been on ortho tri cyclen lo for over a year or 2 and my insurance had just chose the tri lo sprintec for the generic brand. the pharmacist told me it was the exact same thing. no it wasnt. i felt fine my first pack and the right into my second pack i started to get anxiety attacks out of nowhere. i would just be sitting on my couch and my heart would start racing and it felt like i couldnt breath. i was diagnosed with interstitial cystitis 3 years ago and it completely made that flare up. on top of all that i was upset all of the time for no reason. i would not recommend this birth control to anyone.""",1.0,"June 15, 2016",7
70622,Flomax,urinary tract stones,"""this seems like a miracle for pain from kidney stones in the ureter.  the first stone that i tried it on had given me several quite significant bouts of pain and the 4-5 mm stone passed a couple days after starting with no additional pain.  i have since used it on two other stones that turned out to be about 3 or 3-4 mm and have passed them with essentially no pain after starting flomax.  so, that is 3 stones passed with essentially no pain after taking the flomax and a total of 6 pills of flomax used.  """,10.0,"March 17, 2012",98
81029,Hypercare,hyperhidrosis,"""this product changed my life! i used to hide the sweat from my underarms in black now i refuse to buy anything black. i love my new look and my new confidence.""",10.0,"July 1, 2012",3
86714,Glycerin,constipation,"""it did not work at all. one hour and a half later i was able to pass it but with nothing else. very confusing as i have used before about a year ago and it worked great.""",1.0,"June 8, 2016",3
139313,Armodafinil,shift work sleep disorde,"""always a total skeptic about meds but.....oh my god!! first time user of this medication. took 500mg dose around 6 hours ago. have been on a 10/10 rush since then. unbelievable!!! feeling basically top gun alert, at ninja readiness, shaking slightly in anticipation. very similar experience to having a damn good md-cap....from what i've been told :)  . do very long work shifts 16-17 hours and this seems unbelievable. too feel this good at the conclusion of such a shift is total madness. i think the potential for abuse of this medication must be astronomical. i note it does apparently have some moderate dopaminergic effects and i can certainly feel this to some extent.""",10.0,"October 4, 2016",2
210565,Maxzide,edema,"""i used to take just hydrochlorothiazide alone, and maxzide is night and day difference... i take it for first time, and 2 hours later, i lost possibly 5 - 6 pounds of water... i can see my abs again. wow!

i suffer from fluid retension from uncontrolled hashimoto's.""",10.0,"December 17, 2014",40
30133,Klonopin,anxiety,"""have done the full arsenal of anti-depressants with minimal to no resolution of my sad/gad. i am a generally healthy 48 year old male that mysteriously  2 years ago developed intense gad/sad: terrified flop sweats in meetings, avoidance of all social gatherings/interaction, non-stop anxiousness, and a handful of panic attacks. under recommendation from my therapist my gp reluctantly prescribed clonazepan (klonopin). 1 mg 2 x day. the full 1 mg made me a bit glassy eyed and dull. reducing to 0.5 mg in the morning - to handle work-related anxiety and 1mg at night before bed. success! i am close to the goofy outgoing person i was before the anxiety kicked in full-force. bravo! i have found the right mix - finally.""",10.0,"August 20, 2014",155
33948,Junel Fe 1 / 20,birth control,"""i had a myometomy over 7 years ago. i had a relief of not experiencing abdominal pain, heavy bleeding, blood clots and cramping when having my menstrual cycle. fast forward 7 years later- i have those same symptoms---abdominal pain, heavy bleeding, blood clots and cramping. i knew my fibroids grew back! after extensive testing (ultrasound) it was confirmed by my doctor. she said the fibroid was on the outside of my uterine wall and not on the inside. she gave me options- surgery or birth control. i chose birth control and she put me on junel 1/20. so far, very little cramping and no blood clots and abdominal pain. mind you, i still take ibuprofen but, i'm more physically outgoing and not bed ridden or curled up into a ball.""",10.0,"December 3, 2014",10
147464,Alprazolam,anxiety,"""i've tried everything. nothing else ever worked for my anxiety, depression, sweaty palms, lack of energy, etc. i consider xanax a miracle drug because of misuse. many people who really need these are having a hard time obtaining them and that is just wrong. i believe if someone has a medical history of anxiety and depression they should not be denied the help they need. nothing else works for me. i've been switched from valium to klonipin to buspar zoloft, paxil, lexapro, etc. only to suffer worse than before. this truly is a beneficial medicine to those who need it.""",10.0,"May 28, 2010",12
174498,Abreva,herpes simplex,"""i tried this for the first time on wednesday afternoon as a sore was rapidly starting.  it's now friday night and it's a tiny dry speck.  it has also worked on some weird unknown irritation on my face.  this is the quickest i can remember having one resolve.  i applied a tiny bit probably every hour or whenever i became aware of it again, and it worked very well.""",10.0,"July 29, 2017",4
11465,Pramipexole,restless legs syndrome,"""made my rls more tolerable for about a year then gradually made it worse. i saw some studies that called this augmentation. i was on a very low dose so i just quit taking it. its only been a couple weeks but i'm doing better off the drug than on it.""",1.0,"June 1, 2016",11
30422,Klonopin,anxiety,"""klonopin has totally reduced my general anxiety, especially in social situations, and when communicating to others. it can be somewhat sedating, and also makes a decent sleep aid, although i've had better ones. so overall it's great though. better then ativan in my opinion. i take 1 to 3 mg daily.""",10.0,"October 11, 2009",28
198184,Metoprolol,high blood pressure,"""i started taking toprol xl 100mg one week ago.  my blood pressure and pulse are much better.  125/75 and 75 pulse compared to 160/100 and 100 pulse.  the only problem i am noticing is my sleep.  i am not sleeping sound.  i toss and turn all night.  something i guess i will get use to.  other than that it is keeping me calmer, my heart is not racing nor is my head pounding. i have had hbp for 12 years and tried many kinds of medications.  i am hoping the new cardiologist is on the right track!""",9.0,"March 11, 2008",167
33438,Microgestin Fe 1 / 20,birth control,"""i have been taking this pill for almost a year and a half, having sex with my boyfriend 3-4 times a week, and have not had any pregnancy scares ever. i switched to the pill from the depo-shot (i don't recommend depo) to see if the depo's continuous period and bleeding would stop and within 2 days, the pill had me completely normal. sometimes i skip 2-3 months of the period on the pill pack, so when i do decide to go on my period, it's pretty heavy with cramps. only side effect i had was my boobs getting bigger and a little sore.""",10.0,"November 8, 2015",5
82262,Liraglutide,obesity,"""i am 22 years old, i have been struggling with weight for years. i am 5""8, i do not appear obese but my weight says otherwise. my doctor finally tried me on saxenda, after i had been crying in his office every month i got weighed ( always gaining another pound or 3). i started saxenda 1 week ago today. and i am down 11lbs. i have no appetite what so ever. i started doing slim fast shakes, seeing how i wasn't hungry. i have little to none side effects except a little fatigue and dry mouth. i cannot wait to see what the next few weeks bring me. i recommended this 100%!!""",10.0,"September 28, 2015",21
219690,Taytulla,birth control,"""i have been on bc for about 4 years now, generally the same pill just different generic names ( i move a lot ) so
when i last moved and got a new doctor she recommended taytulla, it was new and she told me i was on an “older version” of birth control and this one was great only a few days of light periods etc. well, first month, no side effects but my period was about 2/3 days. second month my period was like 1 maybe 2 days, super light. 3rd month i didn’t even get my period, i have never skipped a period before i didn’t miss a pill and i was freaking out. i took 2 pregnancy tests both negative, i called my doctor she said it was normal and this pill “does that”, so i’m switching back b/c i don’t feel like buying a test every month.""",4.0,"October 5, 2017",3
55075,Bupropion / naltrexone,obesity,"""i'm a 36 year-old female, 5'8"" 224 lbs. only on week 2 of contrave. no weight loss yet but i'm hopeful...a little nausea and dizziness last week. seems to be subsiding a bit this week.""",5.0,"May 18, 2016",14
141634,Escitalopram,anxiety,"""been on and off anti depressants for 10 years (still can't believe it). tried paxil and currently take 10 mg of lexapro.  still do not feel well.  i find running helps me more than anything but i fear the day the running is too much. i'm 40 and in otherwise good health, but i feel pretty lousy almost every single day.  i am happy to read about people doing well on medication, but all i get from it is dizziness/lightheaded.  still optimistic about one day looking back at this nightmare in disbelief.  until then.""",4.0,"April 5, 2012",13
124581,Skyla,birth control,"""been on it for a little over 2 months. the first month was non stop spotting and a lot of it along with really bad cramps. finally it stopped and i got my first official period since getting the skyla along with serious period sypmtoms and a feeling of extreme exhaustion. then about a week and half after the period i began spotting again for the next 2 weeks. now i have insane mood swings, gas, minor cramps..period symptoms. this birth control is obviously working because of the changes going on. it just comes at a cost.""",9.0,"November 14, 2014",7
191221,Pentasa,ulcerative colitis,"""newly diagnosed, but this has really helped me feel normal again. so far so good. i do struggle with the amount of pills needed though - right now i'm taking 4 in the morning and 4 at night.""",9.0,"October 17, 2015",1
5567,Bonine,motion sickness,"""bonine is a game changer!!!! my husband & i have a 28 ft boat which my husband loves offshore fishing!! but i get terrible sea sickness! even if it's less than a foot! tried dramamine and it never worked i would be green in less than an hour!! but then i discovered bonine ""god sent"" took 1 pill! the chewable & lasted all day fishing! not too mention it was rough seas about 2 1/2 to 3 feet!! it was amazing!! so i'm sold definitely a bonine fan.  it was a game changer for me! this stuff truly work.""",10.0,"September 24, 2017",3
196592,Letrozole,breast cance,"""i've been taking femara for a little over 5 months and have yet to experience any side effects whatsoever. i'd been warned about hot flashes, night sweats, joint pain, muscle pain, and so far nothing. i have two smallish tumors in one breast that we caught very early on, and at my 4 month ultrasound they've decreased by about 50%. i'll have a nipple-sparing mastectomy in about 2 weeks with diem flap reconstruction...the grossest part of this whole episode in my opinion...followed by radiation. no chemo here, just a very healthy mostly vegetarian diet and tons of walking. i'm 69, 5'6"", 135, and so far consider myself about the luckiest cancer patient anywhere. maybe i'll start feeling sick at some point but not yet. hang in there ladies!!""",10.0,"May 15, 2017",33
52061,Adipex-P,weight loss,"""i've been on adipex for 6 days now and have lost 12 pounds.  i'm really happy about that but i've had constant diarrhea every day since then and have become very dehydrated.  be cautious of the side effects.""",6.0,"April 16, 2014",124
231619,Trazodone,anxiety,"""my dose is 150mg at night. 
first week: weird dreams but i persisted with it.
second week: weird dreams stopped. felt same as before.
third week: anxiety gone! that was three years ago. i now manage return of mild anxiety by walking one to two hours a day.""",9.0,"July 4, 2015",98
81096,Hypercare,hyperhidrosis,"""first off, i would like to say that this medical condition is not known to many people, and i think it's awful. i have suffered from hyperhidrosis since i was in high school. i was unable to wear whatever i wanted, stuck to baggy sweatshirts and black tees. i figured i'd just grow into it, because my job was very physical, and i was not the only one sweating. i am going on interviews now, and i have had enough of it. i applied it last night, and i didn't start sweating until about 2pm today. i did not put deodorant on because of the directions, and had to by 4pm. i am going to try it again tonight, i am happier to use it than not, and will upload my future comments on it, because i did not see many after thoughts, and i think that it's needed.""",9.0,"October 26, 2010",1
24988,Lipitor,high cholesterol,"""took lipitor for about 5 years.  it kept my lipids under control well, but developed severe leg aching and muscle cramps, especially at night.  went off it and within a week, all these reactions disappeared.""",7.0,"August 27, 2013",247
135742,Percocet,pain,"""was given after tonsillectomy a few months ago! not sure if any pain medicine could cut the intensity of that but i felt like it was mediocre. better than nothing, though!""",6.0,"April 1, 2017",4
214509,Tioconazole,vaginal yeast infection,"""i love this product!!! i put it in around 12pm today and now it's 11pm the same day and i feel so so sooo much better!! the itch was bearable. the burning was only there when i sat down. i am having a lot of discharge but it's totally unnoticeable! i would use this product again for sure. i recommend this 100%""",10.0,"July 10, 2015",7
140634,Escitalopram,generalized anxiety disorde,"""i had been on and off this drug for years and it significantly improved my depression and anxiety. it also helped me sleep (i took it at night because it made me nauseous). unfortunately, it also contributed to weight gain, so i switched to prozac and it made a big difference. on zoloft now because prozac gave me fog and i think it's my happy medium for now.""",9.0,"December 7, 2016",15
228026,Etonogestrel,birth control,"""i have been on the implanon for a year now. i loved it at first. i had no side effects other than bam like 6 months into it i noticed a bald spot in my head it started to get bigger an more started to appear. i used to have a full head of hair now i'm going completely bald. i went to a dermatologist and they told me i had alopecia areata. i then started to look more into its cause. i had never had this problem before and found out that the implanon causes hair-loss. a lot of people who used it had the same problem and once they got off it grew back. i'm waiting to get this removed.""",4.0,"April 23, 2011",0
98826,Nexplanon,birth control,"""i have been on nexplanon for almost 3 months. i have had one normal period (3 to 7 days). i got on my period again almost 2 months ago and i am still on! i am not used to this at all. before this medicine, my periods only last a maximum of 4 days! it has been on almost 2 months now! i am buying tampons after tampons and it definitely horrible if you are in a relationship! to be honest that and a little bit of weight gain are my only side effects (and the weight issue i'm ok with because i am a slender woman) but this period issue is just too much and if it wasn't for that issue, i would love this birth control but i can't do this to my body! all this heavy bleeding! i just can't do it anymore. so unfortunately i am going to get it taken out.""",5.0,"April 15, 2013",13
195328,Glatiramer,multiple sclerosis,"""please, anyone with ms, look into dr. terry wahls and her protocol for ms.  most ms symptoms can be controlled through diet.  please take a few minutes to look into this, it could save you a lot of suffering and money.""",7.0,"May 16, 2016",50
161436,Diphenhydramine,insomnia,"""i work night shift and i use otc diphenhydramine to get sleep during the day. it works so much better than the ambien i was on. i don't wake up and sleep eat like i did while on ambien.""",10.0,"September 20, 2016",4
160930,Risperidone,tic disorde,"""i have ocd and trichotillomania (compulsive hair pulling). i started taking risperdal in jan of 2016 (age 18), and was up to 1mg in march. i still had not noticed changes in my behavior as far as the pulling went or the obsessive thoughts. in a last ditch effort to see if the risperdal would be effective, we went up to 2mg. after three weeks, i noticed a huge change in behavior. i had little urge to pull anymore. it was such a relief. but then came the long term side effects. i stopped getting periods and my eyes started twitching. i'm now being weened off the drug because of the side effects. the drug seems to work great for ocd and trich, but the side effects ended up being too much for me to manage.""",9.0,"January 6, 2017",7
42733,Xulane,birth control,"""i could even last two days with the xulane.

i had the evra patch years ago and liked it so i thought i'd give this patch a try. 

literally after have it on for a couple of hours i got a migraine and then woke up to medium-severe cramps that lasted all day along with the headaches and then nausea. i literally felt sick to my stomach. after taking it off i was able to feel a little better, no more major cramps but still feel sick. hoping this goes away soon. 

i'm absolutely done with bc. rather be celibate.

oh and i forgot to mention i literally gained 3/4lbs within 2 damn days""",1.0,"February 7, 2017",8
81884,Liraglutide,weight loss,"""the first week was awful, i had at least 50% of the side effects that were listed as possible nausea dizziness,, strange dreams.and general digestive issues. these gradually reduced every day and eventually went away entirely until i increased the dose. knowing that the side effects were coming with each dose increase made coping much easier. i battled through the side effects and was quickly impressed with how well it works. absolutely no appetite at all, and when i do feel hungry is seems to be for fruit and salads. i  also found my desire to drink alcohol has also dramatically reduced. infact it makes beer taste odd. 8 weeks now with no side effects and have gone from 94.4kg to 77.9 kg. absolutely worth the money""",10.0,"January 28, 2017",6
19790,Pregabalin,ibromyalgia,"""made me so dizzy that i could not walk down stairs or across rooms where i had nothing to hold on to.  made me sick to my stomach too, and offered no relief from fibromyalgia symptoms.""",1.0,"November 7, 2009",29
144537,Etonogestrel,birth control,"""over all i was very sad i had to get it removed since it wasn't for me. the first year felt awsome!! not having to remember that pill & the peace of mind of no babies... no periods every month and when they were very light. after the year was when all the problems started which it seems odd since i see here people are mostly having problems before the year... this is why i decided to post to make sure if you are planning of getting the implant be aware that after the year was when nexplanon and i broke up i started constantly bleeding, horrible hormonal acne  that took days to cure and at that time more would keep coming out, lower sex drive (, and most of all the mood swings, i was so angry and unhappy (sadly not for me)""",4.0,"March 22, 2016",1
66096,Propranolol,migraine prevention,"""i'm 15 and have been getting bad migraines for about a year. i have been taking inderal for a few weeks. i have felt car sick for almost the entire time i've been on this medication, i have been really emotional, and have not had an appetite, and been very dizzy and am still getting headaches. """,1.0,"June 5, 2012",16
94356,Trintellix,depression,"""in the last 6 years i've been on effexor and pristiq (synthetic effexor and i had horrible withdrawal from them), zoloft, wellbutrin, lexapro, and mirtazapine. none seemed to work for long and most didn't seem to help at all and i've wondered if i am resistant to the meds. in addition, my anxiety has been awful. finding an anti-anxiety drug has been tricky because i'm in recovery (used to self-medicate my depression and anxiety) and i need to be extra careful about taking certain medications since i have the tendency to abuse them. it's too early to tell if brintellix will work for me but the genetic testing shows it's a good match. the nausea is bad, but i'm used to taking meds on an empty stomach so will start taking it with food.""",8.0,"June 19, 2015",47
50776,Gabapentin,migraine,"""i started taking neurontin 4 days ago for my migraine headaches, and i can already tell it is starting to help me in so many ways. i was having up to 3 headaches a day, and felt i was slowly falling down a hole i didn't have the strength to pull myself out of. i feel like i'm getting my life back. thank you.""",8.0,"August 18, 2008",119
178915,Victoza,"diabetes, type 2","""i was diagnosed with pre-diabetes and obesity. i've been on victoza for 5 weeks. went to full dose of 1.8 after 1 week. the first two days after starting the initial dose i felt bloated and sick to my stomach but that went away quickly. i feel full all the time and have to remind myself to take in some nutrition. i can drink fluids easily. i have lost 13 pounds. the weather has been horrible and i have had little exercise at all other than minor snow shoveling. i can't wait to start walking outside and get this weight loss thing moving even more!""",9.0,"January 11, 2014",29
27496,Requip,restless legs syndrome,"""i have to agree with the other comments about requip and restless legs - it works great and i have no side effects either. i take 0.5-1 mg before bed and i usually sleep straight through for 8 hours.""",10.0,"February 19, 2009",37
112355,Gabapentin,anxiety,"""i've been taking this med for 3 months for severe anxiety. every night i have a complete mental breakdown for at least the past 2 months while trying to go to sleep. i've slightly lost feeling in parts of my face, my speech is slurred , and i can't think. before taking this medication i lived a very active lifestyle and now i have no motivation to do anything. i don't even leave my house unless i have to. to top that all off i'm severely depressed . don't take this medication for anxiety.""",1.0,"November 28, 2016",44
6675,Beyaz,acne,"""i love beyaz. i was on beyaz for 4 years and decided to try a new pill (dumb). i switched to another birth control for a year and broke out terribly, battled depression and had inexplicable mood swings. i switched back to beyaz two months ago and my acne has cleared completely after a month and a half, my breasts grew a cup size, and i am not gaining weight. i am also a runner and was worried about the 'blood clot' scandals with this medicine, however, i have never had a problem. it is an incredible birth control pill for me and i absolutely love it. i am also a nurse- from my understanding, i want to note that many of the issues with blood clots are in high risk patients- those who smoke, who are over 40 etc. take care of your body!""",10.0,"July 10, 2014",30
46532,Sulfasalazine,rheumatoid arthritis,"""i started this medication because my liver levels was high. took for a month notice no change in my ra. finally had to stop this sulfasalazine.....totally constipated me really bad. took a week just to go, had stomach pain, sweating, and thought i was going to explode!! back to taking ibuprophen. """,1.0,"September 6, 2017",6
30645,Miconazole,vaginal yeast infection,"""whoever designed the applicator tube doesn't have their head screwed on correctly! it was difficult applying it since it's designed with sharp rounded edges. it hurts to even insert it, worse after applying it literally started burning very, very badly! i have never felt anything pain burning sensation inside my vagina after trying to treat a yeast infection. i usually buy the knock off brands (walgreens,cvs) but seriously never had any horrible experiences like i did with monistat. ladies look elsewhere or go see your dr. i personally don't recommended this product at all.""",3.0,"October 8, 2017",7
158443,Methylphenidate,adhd,"""i was on metadate 60 mg from 9-14 and it created a very intense anxiety and paranoia threw out my teenage years. worst cns medicine i've ever taken. i was on cns medication from 6-16 and it did nothing but worsen long term. and leave me like a zombie while i was on it.""",1.0,"February 23, 2016",10
64869,Sertraline,depression,"""started taking 50mg sertealine for depression and anxiety, i started getting nausea after the first day, after a week it settled and after 2 weeks i felt a slight change in my mood but it seemed to be more effective for my anxiety. after 3 weeks i started getting some terrible side effects such as a bad stomach and diareha also long painful headaches. anyway a month down the line i feel a lot better i can honestly say the medication is working although it has it's ups and downs try to stick with it, i would recommend seeing your doctor to get the medication changed or the dosage changed if it has no effect because it's what i did. my quality of life has become so much better. i try to ignore the occasional side effects! stick with it""",8.0,"April 19, 2015",30
182317,Mirena,birth control,"""i got mirena about 9 months ago, and am so pleased with it. i am 23 years old and have never had children. the doctor told me this might make insertion more painful, but he decided to try something. he gave me a pill normally used for people with stomach ulcers (sorry, i can't remember the  name of the drug), which had the side effect of softening the cervix. the insertion was not bad at all. it hurt, yes, but not as badly as i've heard from other women who got an iud before having children. now, my period is much lighter, my sex life is even better than before because i don't feel worried about pregnancy. also, it was cost effective. i have health insurance and so it cost about the same amount as 3 months ortho tri-cyclen and it's good for 5 years.""",9.0,"December 7, 2010",7
176896,Promethazine,sedation,"""i've always suffered with bad sleeping patterns and anxiety around stressful times such as exams or when i have a lot of deadlines, taking two of these (25mg each) knocks me out and means i don't have the bad anxiety dreams (that used to stop me from thinking  straight) and now i get everything sorted the next day.""",10.0,"January 20, 2016",45
15045,Ethinyl estradiol / norethindrone,birth control,"""i've been using ortho-novum 7/7/7 for decades. my periods are very light only requiring a panty liner and experience no cramps. i stopped taking birth control for a year after my husband had a vasectomy. i was doubled over at my desk with cramps and my period was very heavy. i started using ortho-novum 7/7/7 again and i was back to light periods and no cramps. once and awhile my obgyn would give me a sample of another brand that was new on the market only for me to have heavier periods and cramps. two issues i can't aleviate are bloating 3-5 lbs for a week and period mood swings. with aha it's free. without it is about $25-$30/ month.""",10.0,"July 10, 2017",0
90828,Roxicodone,chronic pain,"""itchy, itchy! i've found opioids analgesics are the best for my chronic pain.  roxicodone caused pruritis for me. that might not seem like a big deal. however, when dealing with pain that's been constant for years, a side effect like non stop itching is one more thing that magnifies the pain. then there's pain, itching, and more loss of sleep.

there were a couple of remedies. the doctor rxing a different medicine. or taking an antihistamine to overcome the itching. 

in today's current anti-opioid environment, doctors seem more likely to throw up their hands, and say, ""well i guess you're just not a good candidate for opioids!"" which just isn't true. switching worked like a charm for me.""",4.0,"October 3, 2016",17
184487,Hydroxyzine,anxiety,"""i was given atarax for acute stress reaction and anxiety. the dr put me on 1-2 tablets at night at 25mg each, it zonks me and gives me a horrible headache and if taken with my pain medicines i can't even lift my head. it's an alright medication but after doing research and finding it's only a short term medicine i think i need to find something else that works just as good and is safer for a longer term use.""",7.0,"January 9, 2012",20
147010,Alprazolam,anxiety,"""xanax is amazing! in 20 minutes it will completely take away all of your anxiety and/ or problems and everything will be ok. life goes on! the only problem is that xanax has such a short half life, that in 6 hours it goes away, and your brain wants more. if you take it daily watch out!  that little pill can ruin your life.  in prison they will only give med's to people detoxing from alcohol or benzo's.  bc it can kill you! short term, stressful event like flying or giving a speech or a panic attack- will do you good.  try not taking your xanax for a few days and see how you feel?  or run out of your prescription a few days early. let me say..its not fun.  please be responsible and try meditation or working out.  stay away from alcohol/stims""",5.0,"September 18, 2015",30
128379,Phentermine,weight loss,"""i am doing adipex as well as medifast. medifast is hard to stay in fat burn state because i cheat now and then, but now with adipex added i have no cravings or urge to eat until the end of the day and since it's been working so well i choose healthy meals. i started at 161 on oct. 26, 2015 and today nov. 2, 2015 i'm already down to 157. my doctor said i am not obese but i am overweight due to pcos. pcos is awful trying to loose weight and so far the adipex is the only steady thing that fits my lifestyle. i don't always have time to meal prep which is also why medifast is great. 100 calories 5 times a day and 1 lean and green meal that adds up to around 300-400 calories so 800-900 calories a day. i split the pill half in the am and half @ 12""",10.0,"November 2, 2015",27
43322,Hydromorphone,pain,"""i went to the er because i had severe pain in my right flank area and was told i had a kidney stone. i get them quite frequently now and i was given dilaudid iv. i got the warm wonderful rush and felt very floaty and quite pleasant and i felt no pain. """,10.0,"September 15, 2013",41
178643,Victoza,weight loss,"""i started victoza 0.6mg on 03/04/17.  i have experienced severe nausea, and have vomited twice in the first week.  i just increased the dose to 1.2, and the nausea has only gotten worse.  i am down 5lbs in the first week.  i would like to continue for a month to see if the side effects lessen, other wise will not be able to continue.""",5.0,"March 12, 2017",26
184097,Hydroxyzine,anxiety,"""i have been on visitril for a little over a week now and i have to say that it has been an overall therapeutic and positive experience. i was on lexapro (escitolopram) for almost 3 months and found that the medicine would make me pretty anxious though did level me out during a very rocky time in my life . i chose to start taking visitril since the lexapro wasn't effective in ways i wanted and now on 50mg to 100 mg a day, i can say that it is easier to be focused on things that i really care about and i can usually notice the subtle change in my body when it stops working (in my stomach primarily) and i'll pop another one and will stay pretty level as long as it is in my system.""",9.0,"February 1, 2017",55
153209,Doxycycline,acne,"""my doctor prescribed me doxy yesterday. i was prescribed it because no topical a were working on my moderate acne. no matter what i did the acne kept coming back! these past two months have been the worst of my acne, and i finally decided to get an oral antibiotic. it was this or accutane, and i wasn't about to go down that crazy accutane path. so i got this and heard some great stuff about it! lots of people saying there skin cleared up in about a month and that they saw results in the first week. some people say that they got an initial breakout from it... that's not true. this is an antibiotic to treat pneumonia, maleria, acne etc. if it caused a ib than everyone would breakout on it. i'm hoping i'm right! wish me luck :)""",6.0,"September 29, 2015",3
205916,Pristiq,depression,"""i tried taking pristiq for 6 days.  the side effects were so bad i could not function.  i could not work, eat, or sleep and felt nauseous. my vision was blurry. my mouth was so dry and my appetite was non existent.  i only weigh 111 lbs and i do not need to miss a meal.  i have stopped taking this medication.  i was taking 50mg and this is the first medicine i have ever taken for depression. """,1.0,"August 7, 2009",23
166816,Levonorgestrel,birth control,"""i just had skyla inserted 3 hours ago. worst cramps of my life. child birth was easier. cramps have subsided probably due to 4 midol and 2 aleve. hoping they subside more before i go to work tonight. also hoping i don't gain weight or get acne. we shall see. should also mention i am 25 with a 3 year old son.""",5.0,"July 29, 2016",1
8285,Zolpidem,insomnia,"""you can do things and not remember them. you will tell awful stories about squirrels jumping out of glass boxes, and say things to your spouse/significant other you don't mean if you try to talk while on this drug. so by all means do not take until the very last thing before sleep, i.e. you are in bed, ready for sleep. it kicks in super fast and you won't know what hit you. you only get 5 to 6 hours of sleep on ambien but you feel rested with no druggie zombie after feeling. note to single parents taking this drug: you will be worthless in an emergency situation and helpless to assist your children in a fire, a break-in, a trip to the er at 1 a.m. (never drive on this drug!!!)""",7.0,"December 27, 2015",37
33636,Microgestin Fe 1 / 20,birth control,"""i have been taking this pill for over a year. i only got on the pill because i get serious cramps. the pill gives me a lighter period on time every month and no cramps at all. but i have no sex drive at all. i'm completely dry and my boyfriend is sick of it.""",4.0,"December 29, 2011",2
115280,Diazepam,meniere's disease,"""this medication is a life saver for me. i have suffered with meniere's disease for 22 years which causes episodes of loss of equilibrium which can totally knock you flat or just make your life hell for days at a time. the episodes are usually not predictable but seem to come to life every year or so. short time use of valium is the only thing that helps so i can continue my normal activities until my ear settles down again.""",10.0,"February 5, 2009",96
61671,Citalopram,panic disorde,"""i was originally prescribed citalopram 7 years ago, diagnosed with major depressive disorder, and it had very little effect. it was later discovered i had bipolar disorder; i was prescribed citalopram a few times and it never did much.

a month ago i was again put on 20mg citalopram, but this time for panic disorder.

we noticed a change almost instantly; i haven't had a day of panic since i started this medication, and my overall anxiety is much lower too. i had a few side effects (some nausea, loss of appetite, sleep disruption) which i'd never experienced with this drug before, but most of these faded in week two. we have noticed my dissociation is much worse than usual - normally happens 2-4 times a week, is now happening daily.""",10.0,"July 18, 2016",11
100067,Desogestrel / ethinyl estradiol,birth control,"""i've been on apri for about six months now and it's been a rollercoaster. this is the first birth control that i have experience with, so i decided to give it 5 stars because it's done some good for me and some not so good. i have had bad acne for the past 10+ years, so when i first started taking apri and the acne subsided i was thrilled. i like having regular, track-able periods, but i suppose you'd have that with any birth control. the downside is the absolutely awful mood swings, and i mean awful. i'm typically a very happy, joke-y person, but while on this medication i've noticed that i can get into funks of terrible irritability and sadness for no reason. i will be discussing different options with my doctor next time i see her.""",5.0,"March 17, 2017",0
197226,Paroxetine,anxiety,"""i have taken paxil on and off my entire adult life. i have always stuck to a low dose at 10mg  a day. i do not have depression, i am just a very sensitive especially in times of high stress, and panic attacks start to take over my life. i had to put my degree on hold, i missed out on vacations with my family, and my professional life suffered as well. paxil calms my nerves. it keeps me in check so i don't freak out in times of stress. the side effects do exist, but keeping a low dose helps. my libido is affected a bit, i do get dizzy from time to time, and i also have dry mouth. at 10mg a day, once i feel like i am in control again (usually 8 months to a year of being on the medicine) i can stop without any of the bad withdrawals.""",9.0,"March 18, 2014",137
114629,Codeine / promethazine,cough,"""i have use this 4 different times over a period of 7 years when i had such a bad cough that i couldn't sleep for days. as a tip start out slow just enough to get some rest. my prescription says 5 to 10ml i take under 5 ml twice a night once it wears off normally at 1am and it works great. i normally only need to take this two nights in a row and my cough is pretty much gone. so i avoid any dependency issues.  i don't advice taking it during the day unless your home all day and you don't need to leave. it'll make you very sleepy.""",10.0,"October 5, 2016",10
166501,Levonorgestrel,emergency contraception,"""so i just took the pill so i can't say if side effects are going to happen or if it's going to work, but looking at the reviews makes me feel better. but if you are a college student, if possible try to buy the pill at your student health services pharmacy. i got plan b for $25 dollars where it would normally be $50. the lady who helped me was very nonjudgmental, and helped me set up an appointment to get birth control, which can be provided for free if you qualify. the best part is that you can stay anonymous, so if you have strict parents like me you can keep it on the dl. stay safe ladies""",9.0,"October 3, 2016",7
159813,Bactrim,urinary tract infection,"""so i am on day 2 out of 5. first day was awful, 20 mins after my first dose i started getting extremely itchy on my throat, neck, and face; my bottom lip flared up and i got really nauseous. i turned the fan on, drank a bunch of water and lied down.i was going to discontinue it but after  a good hour all my symptoms went down. i decided to try it again this morning and i'm feeling fine! still a little burning when i urinate but it is so much better now. hoping this will work.""",8.0,"June 1, 2016",18
215769,Copper,birth control,"""i had my copper iud placed while i was on my period.  your uterus is dilated during your period making insertion easier. the insertion felt like the onset of birthing contractions and it lasted about 30 seconds to 1 minute. i have read a lot of reviews where girls bleed for weeks after insertion. my doctor said that usually only happens if you are coming off of certain types of birth control, but the iud should not be the cause of it. he was right. prior to insertion i was not on birth control for a very long time. i had a heavier period after insertion and i cramped a bit that day.  my period lasted for my usual amount of time.  i had relations about a week after with no complication with above if not average size and he did not feel it.""",10.0,"December 6, 2016",5
116009,Divalproex sodium,migraine prevention,"""my 12 year old son has been having migraines for 2 years now.    at first it was only once every few months. however, it progressed to once or twice a week - with vision aura and speech disturbance.  i took him to a pediatric neurologist and he said it was likely from puberty.   he prescribed 500 mg of depakote er.   it seemed to start working right away.  it has been almost 2 months now and he has only had one migraine now in almost 2 months. far better than before.  
he hasn't had any of the noticeable side effects - hair loss, weight gain. he takes it before bedtime. it is hard to get him up in the morning but don't know if that is from the medicine or from going to bed too late!""",9.0,"February 6, 2012",32
49690,Ethinyl estradiol / levonorgestrel,birth control,"""i'm about 50/50 on this bc. i started it about 4 months ago, of course from a recommendation by my doctor. unlike most people, i haven't had breakouts (in fact, my skins been quite clear) amd i havent gained weight. it's helped with all mood swings i had prior to taking the pill and it hasn't altered my sex drive. the only problem i have with it is that my periods are about two to three times longer as they were. i used to have 5 day long periods; they were heavy and irregular with patterns. sometimes i'd have them every two months, sometimes every two weeks. now they're once every month, but last 10 to 15 days... its very, very light, but its still annoying. but then again it's different for everyone.""",5.0,"July 30, 2015",3
146464,Tamsulosin,urinary tract stones,"""flo max is a complete game changer in terms of handling a kidney stone at home and opting out of the emergency room visit !
once the flo max starts working, you likely have ended your medical emergency just that fast ( 5 minutes or less ) !
flo max allows the urine to get past the stone which means your crisis has been defused so why does the hospital run additional tests when technically you don't even belong in the emergency room once flo max is doing its job ?""",10.0,"August 16, 2017",0
224787,Bupropion,depression,"""this generic was not helpful at all couldn't tell i was even taking it i 
kept getting canker sores in my mouth  and over eating like i couldn't get full so i stoped taking this med
took it for two months long enough to know if it was not helping ,150 hcl 
xl by global phm 
took a generic about 5 yrs ago  for a couple of years no problems""",2.0,"February 24, 2017",2
129950,Levonorgestrel,abnormal uterine bleeding,"""i had the mirena inserted 3 weeks ago to treat horrible periods which caused anemia. insertion was no big deal (i've had 5 c-sections). i spotted a few days after insertion then pretty heavy bleeding for about a week. i've had zero bleeding now for about 5 days and had the best orgasm in my life yesterday. oh, and i am 52 and still able to get pregnant (no menopause yet). so glad i didn't let the scary stories stop me from getting it. i feel like i got my life back. i hope it stays like this.""",10.0,"March 20, 2015",29
178986,Victoza,"diabetes, type 2","""have been on victoza (6.0 for 3 months) and 1.2 for last month.  have lost 12 lbs.  take 750mg x2 of metformin.  unable to exercise though from weakness and slight headache.  i can go swimming twice a week but that's about all the energy left.  wonder what the long term effects would be since this hasn't been on the us market for too long. hope for the best for all of us type 2's.""",9.0,"January 18, 2011",7
157733,Accutane,acne,"""i had mild to server acne at different times throughout years but then i finally decided to try accutane. initially, i did have an initial breakout which worsened the skin condition (more acne), which lasted for approximately 1.5months. but once the skin started getting better, everything started disappearing slowly and now i'm 4.5 months in and only have the red/brown marks left but all my acne is gone! the first few months will be harsh, and your self-esteem will probably get hit. but just go through the whole cycle - you won't regret it in the end.""",10.0,"September 13, 2015",16
4467,Belviq,weight loss,"""at age 50, 5'11 and 238 lbs, dr. prescribed belviq friday 08/12/16, but the pharmacy had to order for monday @ $275. talk about sticker shock!
with time, i did a little research and located a huge saving card from the belviq website (reduces price to $75).
day one: woke up a little headachy and anxious (might be nerves cause i do not normally take any meds). reading the other reviews i am hoping the headaches will go away after a day or so. and man, do i want to drink/liquid/water - that's new. noticed today i wasn't super thrilled or hungry for my ""normal"" lunch. but i ate thinking it would clear the headache - it did not. but i slept like a champ last night (new), woke up a little groggy (that's new too).
slow & steady. here we go.""",7.0,"August 16, 2016",34
226566,Etonogestrel,birth control,"""i had my implant inserted in december 2014 and am now seriously considering having it removed after less than a year. the first 3 months were okay, only 2 regular periods with occasional light spotting in between.  well, that ended in a big ole hurry.  i now have constant, heavy spotting (including during my wedding in april, yes it was so much fun to make my maid of honor hold my dress while i repeatedly changed my tampon, at. my. wedding.) and my cystic bacne is out of control. i've now been on my period for almost 2 straight months, and needless to say i'm sick of it.  i've also gained 15ish pounds.  we don't want kids yet so it's great that it works for pregnancy prevention, but i'm not sure it's worth all the extra side effects.""",3.0,"July 7, 2015",6
175864,Levaquin,pneumonia,"""i am in the medical field and this is by far the best antibiotic you can get outside of the hospital. if you have a bacterial infection in your lungs and you want it to clear up right away then this is the medicine for you. on the downside it is a very expensive but at some point you get tired of being sick and realize it is worth every single penny. you will be well in no time!""",10.0,"January 25, 2011",132
83970,Ethinyl estradiol / norgestimate,birth control,"""i've been on sprintec for about 7 or 8 months. i noticed i began getting very depressed after about 2 or 3 months and now it has only gotten worse i'm on antidepressants which aren't helping. i have horrible migraines almost every day which seem to get worse. my period happens about every 2-3 weeks. i'm tired all the time and i have ridiculous mood swings.. i'm so touchy and sensitive. after reading this i'm going to stop taking this birth control.""",2.0,"July 6, 2017",6
135608,Intuniv,adhd,"""my son is 8 and was diagnosed with adhd recently, this is the first medication he has taken.  we started at 1mg working or way up to 3mg, and it's taken in the evening around 5pm. once at 3mg, my son was extremely sleepy. even falling asleep in class and in the bus ride home. he was emotional about everything. even looking for toys, he would cry. he also experienced terrible tummy aches. he became very irritable, i'm guessing because he was sleepy. i had his dr lower the dosage to 2mg and he is becoming that little guy i know again! he's still kind of sleepy but not as bad and his teacher is noticing a big improvement in his focus at school. we are still working out the kinks but i am hopeful! best of luck to you all!""",9.0,"February 10, 2014",174
13917,Bydureon,"diabetes, type 2","""started three weeks ago and great results pre blood levels 24 up to 29mmol now after only three weeks range from 7 to 15. only side effect is slight naeusea 12 hours after injecting but nothing you can not put up with.""",10.0,"April 28, 2015",21
221566,Ziana,acne,"""i went to a dermatologist back in november, he prescribed me zaina , i start out by using it daily and it cause me a lil redness but it went away , it also made break out a lil when i first start using it , i think that was one of the side effects , but anyways its now january, and my face is looking so muchhhhh better i only have a bit of scars but besides that zaina help me out a lot , and i would recommend this to other people struggling with acne . i also took before and after pictures and i love how my skin is looking .""",8.0,"February 9, 2017",6
73925,Ethinyl estradiol / norethindrone,birth control,"""i am in my 6th month of microgestin fe 1/20 and i have mixed feelings about it. my doctor switched me from ortho tri-cyclen lo because of my horrible mood swings with that. this pill, while it does help with the mood swings, seems to make me more apathetic towards everything. i hate the feeling of indifference, but it sure does beat the outbursts. however, being a dancer and in awesome physical shape, i now find myself with 'muffin top'... the excess fat around the waist that overlaps the pants. i have a constant feeling of dry mouth, and find myself drinking almost 80 oz. of water a day; most of which is likely retained. also, extremely sensitive breasts. showers hurt!  so, i have mixed feelings about microgestin, but i will most likely continue to use.""",5.0,"March 9, 2012",1
88017,Clindamycin,bacterial infection,"""the antibiotic basically did its job well. i was diagnosed with acute tonsilitis. but the terrible side effects were really hard to endure! the agony of having to wait until i'm done with the whole set is just too much for me. the heartburn it gives me is one that will haunt me for a long time! it felt like i've swallowed razors that got stuck somewhere down my esophagus. the burn made me cry literally because it was so painful!! i also couldn't function well at work with the sudden bouts of headaches this drug gives me. i'll remember this drug's name for sure so that the next time my doctor prescribed this to me, i'll be sure to tell him i'm allergic to it! lol!!!""",7.0,"November 19, 2015",6
172434,Clonazepam,bipolar disorde,"""my experience is very similar to manuel123 reviewed here. with bipolar disorder, once you learn how to recognisance when you are feeling a little high this drug is excellent to reset back to normal. for me it's just 0.25mg before bed when needed. i tend to wait for friday night as will make it harder to work on a workday. that way you can relax in bed on saturdays due to good half-life of product. much to say i have been on various bpd drugs thorought the years since 20's, now mid-30's, and find this is the best and works for me for self medicated management. take care guys.""",10.0,"July 30, 2016",12
179494,Olanzapine,bipolar disorde,"""i was diagnosed in 1989. i was an 18 year boy at the time. after several years of miss diagnosis i was diagnosed in the mid 90's with bipolar disorder. i've been on a lot of different medications, most i don't remember very well but in 2003 i was hospitalized for one month and put on zyprexa. i got my life back i am now married, own my own home and have my own business. i am now were i want to be. the down side is i went from 180lbs to 240 lbs in 5 years. i am now border line diabetic, and my cholesterol level very high. i am now not on zyprexa. the medicine did the job it is supposed to but my doctor and i are looking for a medication similar to zyprexa with out the weight gain.""",8.0,"September 10, 2008",107
209495,Zubsolv,opiate dependence,"""i've been on subs off an on for years my insurance recently made me switch to zubsolve and it sucks!!  i feel like i'm in withdrawal most of the day it has some good effects it dissolves quicker and not as constipated but as far as being better than subs no way i feel like i'm constantly craving one all day almost and if u don't take it the same time everyday your sick as hell till u do....""",2.0,"March 14, 2017",7
83048,Paxil,anxiety,"""waking up with negative thoughts and anxiety mostly in the morning, most of my life. due to major problems at work, dr gave me zoloft and the like--- all were horrid. finally heard about paxil, got on it, and the days all became sunny, with birds singing outside, even in winter. was on it (20mg i think) for more than 8 years. the only downside was major loss of sexual interest. perhaps the dose was too high. easily weaned off of it 2 years ago, over 1 month, without problems, except that the anxieties are back. at age 70, i may go back on it.""",9.0,"December 24, 2014",92
194893,Levetiracetam,epilepsy,"""i had my first seizure when i was 17 (now 23). i always wanted to be on a medications that was safe so one day when i had a family. and now have my family with a healthy boy. i do have to say i was having the depression, i was having dizzy spills and really bad headaches. but i talked to my doctor he lowered my dose and gave me topamax to take with it. and now my headaches are gone. it is very hard to actually to find the right medication for yourself. i wish you all the best!""",8.0,"January 17, 2013",31
134610,Ketorolac,pain,"""i was given an injection of toradol at an emergency walk-in clinic this afternoon after spilling a large pot of boiling water all over my thighs.  i was in agony when i went in; bordering on screaming in the waiting room. in so much pain they triaged me right away before even registering me.  the injection was miraculous.  this evening i have cooked dinner and cleaned up from it, with gauze bandages wrapped around my thighs and ace bandages holding them up.  i am terrified of when the effects of the shot will wear off.  i have percocet at home but it's not as good as this injected toradol was.  this seems like the miracle painkiller: all the benefits of narcotics but none of the unpleasant side effects.""",10.0,"April 19, 2014",51
18867,Solifenacin,overactive bladde,"""i am only 26 and was going to the bathroom every hour, and sometimes every half an hour during the day. i took vesicare for 7 months and saw a decent decrease in the amount of trips to the bathroom. however, i was often constipated, bloated, had a headache, and experienced a change in eye prescription. i stopped taking the medication and switched to another. it took 6 months before my eye prescription stabilized to where it had originally been before vesicare.""",3.0,"March 11, 2014",88
105887,Atomoxetine,adhd,"""i was prescribed strattera 50mg once a day to go along with the 20mg of ritalin i take 2x a day because the ritalin doesn't cover me for later at night, because i go out almost every night with friends. the doctor said after a week or 2 it should start to work. i took it for 2 weeks and continued to get cold sweats, shivers, and just felt like crap so i stopped taking it. it didn't help one bit. it made me feel like i was on a anti depressant or something.  all around terrible experience and i will never take it again. i'm at my doctors today to rectify the situation""",1.0,"December 24, 2015",10
206490,Mesalamine,"ulcerative colitis, maintenance","""at the onset of my ulcerative colitis (uc), i was hospitalized for an extended time. i lost a lot of blood and had a transfusion. i was put on a very high dose of prednisone and was then introduced to asacol.  while on asacol, i've had just a few minor uc attacks that went away quickly when ""upping"" the asacol during the flair-up.  i think it's a great drug.  i currently take 6 pills a day for maintenance.""",10.0,"July 20, 2008",30
202990,Gildess Fe 1 / 20,acne,"""i'm 34 yrs old i've been on this pill for a little over 4 mo. i've never had really bad acne my entire life just the occasional zits here and there. i guess you could say i was lucky. when i started this pill i completely broke out on my forehead and still have tiny little pimples that will not go away. i also didn't realize it until now but, i've also had mood swings. i literally cry at the drop of a dime. lastly, i also never really gained weight while i was on birth control again i guess i was lucky but, i've definitely put on some lb's. 

the only thing that i like is my breasts are big and perky....""",2.0,"February 5, 2016",1
212169,Lamotrigine,bipolar disorde,"""found lamictal to be wonderful, with *no* side effects (can't say that about many medicines). really worked for mood disorders. no withdrawal symptoms when i stopped it either. while i do not currently take this, if i am having a rough time with depression/mania this is what i request.""",10.0,"February 27, 2013",51
44391,Ethinyl estradiol / norgestimate,birth control,"""i have been taking tri-nessa for more than a year, and i can easily say it is a good fit for me. i have regular, lighter periods, clear skin, and it hasn't made me gain any extra weight. i take them at the same time every day and have never missed a pill.  """,9.0,"August 14, 2010",22
99576,Magnesium sulfate / potassium sulfate / sodium sulfate,bowel preparation,"""i took my first dose at 6pm last night and 6:02 i was in the bathroom, first few times i poo'd it was still a little hard, but after about half a hour it just comes right through you, the medicine doesn't taste that bad, and by 10pm i was only going in occasionally, now it's 7:21am, i took my 2nd dose at 6am, and i'm wondering how anything can still be left in there tbh.... my procedure is at 9:30, but the diarrhea is tapering off, actually it's not even that, it's like your peeing out your butt....seems to be slowing down though, that way everything is flushed and clean for the doctor and i won't have to go back in for 5 more years hopefully, but at this time i'm still not venturing far from the bathroom""",10.0,"May 15, 2017",12
144252,Etonogestrel,birth control,"""absolute nightmare. i've have nexplanon in my arm for 9 months and i've never experienced a more uncomfortable birth control in my life. i've never had acne in my life, now i break out all the time. mood swings left and right that have led to full on breakdowns. i'm always tired, can't get out of bed some days. get used to getting your period twice a month. currently i'm on a period that has lasted over 3 weeks straight and i'm not talking spotting- it's a full on blood bath with visible clotting. i'm losing a lot of blood and it's completely ruined my sex life. i wouldn't recommend this to my worst enemy.""",1.0,"June 2, 2016",10
186257,Desvenlafaxine,depression,"""this medication is amazing! after 3 days of being extremely sick, i started to feel amazing, i am now 1 month into it and am so happy all the time and have no depressive thoughts at all. it kind of blocks out any sad thoughts. works perfectly for me.""",10.0,"March 10, 2013",101
103480,Loestrin 21 1 / 20,birth control,"""i was on loestrin 1/20 for about a year and a half, and on loestrin 24 fe before that. i loved both of the pills and would highly recommend them, for most people. however, i had to stop taking loestrin 1/20 because my doctor and i believe that it is the reason behind me not having a period at all for 3 months. up until that happened, the pill was fine. a little acne around the time of the period, but that happened before i was on birth control. no weight gain, no bloating, very few cramps, and no moodiness at all.""",9.0,"April 6, 2015",4
151556,Chantix,smoking cessation,"""hello, i had smoked for 40 years and tried everything to stop to no avail. i had health issues and knew i had to stop. my doctor then suggested i try chantix, i have now been smoke free for 3 1/2 years. i feel so much better, and do not miss smoking , i only wish i had taken chantix sooner.""",10.0,"November 8, 2015",19
139767,Nora-Be,abnormal uterine bleeding,"""i've only been on this medication 1 wk and i've gained 10lb..i haven't gained weight in over 5yrs. i'm extremely bloated, water retention, headaches and severe cramping..i want to give it a chance but i'm 42 and these symptoms aren't tolerable. i feel bipolar and on edge..i'm scatter brained and very emotional....no bueno!!!""",2.0,"January 15, 2016",26
141156,Escitalopram,anxiety,"""ok so on day 3 i went out for dinner last night for my child's birthday i had the worse attack in my life pain chest pain left side arm was tingling back was hurting i was dizzy thought i was going to pass out awful experience it took about 4 hours for the chest pain to go. i thought i was having a heart attack at one point but stuck it out i haven't eaten since yesterday morning no appitie someone please tell me this gets better???? anyone else in the same boat as me? i'm a 26 year old woman had this for anxiety and panic attacks""",2.0,"September 4, 2015",0
104042,Ethinyl estradiol / levonorgestrel,birth control,"""love this pill! i tried ortho cylclen, ortho tri-cyclen, loestrin 24.  they all made me emotional, have angry outbursts, and hazy feeling. i didn't want to go back on the pill because of that but i wanted to give it one last shot. it hasn't affected my mood or weight at all. everyone's body is different. if you have issues with a pill look up the hormone combination. i noticed that the 3 failures had one in common and tried to find a new pill that didn't contain that hormone. orsythia was one and i really am happy i gave it a shot. what works for one person might not work for you. keep an open mind and keep trying until you find what works for you.""",9.0,"December 26, 2013",17
126877,Dilaudid,pain,"""i had an abscessed streptococcus infection, which is a really painful occurrence. they treated me with 2-10cc dilaudid iv injections, and it was really great. i got really drowsy, but felt nothing, even when they stuck a huge needle into my insanely infected tonsil (it was only one tonsil). i went from a 9 on the pain scale to a 1 in ten minutes (or what i perceived as 10 minutes at least). i also hear about people getting very sick from hydromorphone. the staff at the medical center were great though. the technician who administered the drug in the er knew just how to administer it to minimize nausea. i am definitely glad that they knew how much pain i was in an pulled no punches to treat it.""",10.0,"October 24, 2009",17
148748,Mirena,birth control,"""i've had 3 x mirena's now. love them. first 2 were great, no pain to get done, bled on/off for a couple of months then no bleeding for 5 years, no mood swings, perfect. i had one put in last october and was in excruciating pain that night. doubled up in bed almost vomiting from pain. i have a high pain tolerance. it has settled down but have only had only a couple of days break here and there from bleeding. i never went back to my gyno for my post check up which i should have done. i went to see my sisters gyno last week and told him how i'd been having trouble so he checked and can't find iud. going in for surgery friday to get it removed and a new one done. wouldn't be without one now. advice - if not working how it should get it checked.""",9.0,"August 1, 2016",8
159163,TriNessa,birth control,"""i've had been on trinessa for a year and a few months, ran out and because of insurance issues couldn't get back on it until this month, all together taken it for almost two years. the whole time when i first started and this second time i started taking it again have both been good (and the same) experiences.
i have experienced bloating and increased discharge (which both suck a lot), but on the plus side no weight gain, no headaches, no change in my period (it's always been really short except when i used the depo shot), no change in sex-drive. i have recommended this to a friend.""",8.0,"September 21, 2014",19
137463,Isotretinoin,acne,"""i used claravis for 5 months and the results were amazing at first. however, i have been off claravis for 2 months now and i'm getting stubborn cyst pimples and whiteheads again. i don't know what to do because i thought this was a ""last resort"" medication. i am going back to my dermatologist.""",6.0,"May 2, 2010",5
174192,Versed,light anesthesia,"""i had versed for a colonoscopy ~14 years ago.  i was not told in advance i would be ""put out"" and my memory be erased.  after been hooked up to the iv, for pain management, the nurse said ""you don't want to remember this anyway.""  i went out as the procedure started and woke up in recovery.  i went home and shook for 4 hours.  for the next 10 years or so my short-term memory was impaired. i attended a service school thereafter and had a lot of trouble remembering items for tests.  i normally do very well . i have reoccurring nightmares of the procedure (ptsd?).  this is terrible drug, it is immoral to erase one's memory without their full understanding in advance. i bear a lot of animosity towards the clinic.  i will never allow its use again""",1.0,"December 1, 2017",0
133064,Tri-Sprintec,birth control,"""this pill worked great for clearing up my acne on my face and back. it took a few months but once it worked it really did help for that. it also worked really well at preventing pregnancy which it should. however, this pill made me gain like 10 pounds... i didn't really notice when i was on it, but once i went off of it i lost a substantial  amount of weight...it also made me act crazy. i was constantly yelling at people and losing my temper. it didn't have my friend gain weight when she took it so i guess side effects vary from person to person... i don't think i'd recommend it though.""",3.0,"January 9, 2016",4
37544,Vyvanse,adhd,"""i'm 16 and i've taken vyvanse for months now and it helps a lot with minimal side effects. my mouth does get dry and i become less social but other than that its preferable to ritalin, as ritalin is much less smooth in terms of kicking in and wearing off and lasts a lot shorter.""",10.0,"February 1, 2011",1
53504,Onexton,acne,"""i am 22 years old and in the last couple of years my skin has gone through some changes. i have oily/combo skin and acne prone. i went to the dermatologist hoping for a simple fix product as i was only trying to control small breakouts. i did not go in with terrible acne, maybe like 3 active pimples. he prescribed onexton and epiduo. told me to use epiduo at night and onexton during the day. i had to stop using epiduo after one week because it was so terribly drying it was changing my skin color. i continued onexton and my skin got so much worse. i continued using for 3 weeks and decided to stop because my breakouts were out of control. i've never had skin this bad before. switching to an all-natural routine. fingers crossed.""",1.0,"November 12, 2015",9
31605,Miconazole,vaginal yeast infection,"""i was midly irritated with a yeast infection. figures it happens over the weekend so no doctor could be seen. so i go to the drugstore and decided i'll play it safe lefts do monistat 7. day one it felt like liquid acid especially outside. i took my other medications and went to sleep, next day still burned but i'm like one more shot at the time i i thought ok the burning will go away and i will be fine. let me tell you my crotch was swollen on fire and left a huge rash across my mid section. i didn't sleep i can't even wear anything because i feel like i was set on fire. doctors didn't know how to cure this basically telling me it's a 50 50 chance prednisone will make this go away or make it worse i am beyond miserable i just want sleep :(""",1.0,"February 24, 2016",3
40757,Leuprolide,uterine fibroids,"""i just received my 2nd shot of 3.75 lupron and so far so good! i have heard horror stories not only on line, but from my friends who have been on it for various reasons and i was more than worried to start it. i have one large fibroid and i was put on lupron injections to shrink it to make it easier for my husband and i to have a baby after i have a robotic myomectomy in june. i was so afraid of mood swings, but surprisingly, after 5 weeks i am still very happy. my bloating has gone away for the most part and i am really looking forward to not bleeding the way i did due to this fibroid! all in all, i am posting on here so that woman like myself, a 35 year old wanting a baby will know that not all lupron horror stories will happen to you!""",7.0,"January 3, 2012",164
6397,Ocella,acne,"""after only a month on ocella i have noticed my skin clearer than ever! i have a higher sex drive than ever, and i have actually lost a couple pounds. more than happy with this birth control.""",10.0,"August 27, 2015",2
97656,Methimazole,hyperthyroidism,"""this has been a horrible experience. i could never take the full dose because the stomach issues were horrible. my hair got so dry, that i had to put conditioner on it just to wash it and get my fingers through my hair. then my hair came out in clumps. so hungry all the time that i would eat things i hated.""",3.0,"February 2, 2016",16
226534,Etonogestrel,birth control,"""i got the implant in january of 2014 after my daughter was born. it was easily inserted, painless and only left a tiny dot of a scar. i did get a period the first month which last 18 days. i was very worried that it would continue like that and considered getting it removed, but after the period ended i went over a year before i had another one, which lasted only 2 days. now a year and a half later i am starting to get short periods (2 days) every two months. i think the implant is wonderful. i like not having to worry about taking a pill or having condoms on hand every time my husband and i wanted to get intimate. the only real negative thing about it has been the weight gain; about 15 pounds that just won't come off! :-)""",8.0,"June 25, 2015",4
99236,Doxylamine,insomnia,"""do not take unisom never! its dangerous. increase heartbeat. i could not move in the morning. it was so fast! i thought i'll be dead. this pills should be forbidden to sell ut for some reason they are free to buy. i took them twice. after that they went to garbage. now i using melatonin. no problem with it and i can use it every day. unisom is dangerous for your health""",1.0,"March 10, 2016",29
6117,Minastrin 24 Fe,birth control,"""i switched onto this pill from orthotrycyclen lo. the reason i switched was because ortho was making my acne increase and started making my periods very very painful. 
minastrin started off okay for me, if you despise having a period this is for you, this pill was fine until about 6 months in. it started to make me nauseas and moody and so anxious. at first i was worried i was pregnant and ended up going crazy and taking about 10 tests. i'm switching to another pill, but basically my biggest issue with this pill is the side effects i got at the 5/6 month point. i never had a period after the first pack which also added to my constant anxiety & paranoia. it was brown the first period and then nothing.""",5.0,"June 29, 2016",7
156385,Ropinirole,restless legs syndrome,"""i am now in my 70's and have suffered restless legs all my adult life. my doctor referred me to a neurologist 4 years ago who tried me on ropinirole starting on a low dose of 1mg each night gradually building up to 5mg daily. it took me over a year to get over nausea and adjusting my dosage to get the desired result. i now take a 1mg tablet with each meal and 2 before bed making a total of 5mg daily and i no longer suffer from restless legs, totally gone! i have no side effects at all. """,10.0,"December 31, 2013",80
35547,Prilosec,gerd,"""prilosec completely eradicates the severe reflux i suffer from due to a rare stomach condition known as gastroparesis.  sadly, it completely eliminates my appetite as well.  it also slows my metabolism down to a crawl, which is already inherently slow due to my stomach condition.  """,5.0,"July 11, 2011",33
151289,OxyContin,pain,"""oxycontin is by far the best pain reliever that i have ever used without making me drowsy. it is most effective if prescribed at the proper strength for your condition. take only as prescribed.""",10.0,"October 26, 2008",56
229129,Tadalafil,erectile dysfunction,"""i am 47 and a smoker. i have never experienced erectile dysfunction in the past, but the last 2 years, after many stressful events and psychological downturns, my erections are fluctuating, which is beyond my personal control. feeling anxious whether i would perform properly or not, worsened my condition and i started using a 20mg pill in four pieces (5mg). by now, i have used it only twice and the results were beyond my expectations. no side effects at all and my erection brought memories of my early 20s back. impressing is as well is its duration, about 3 to 4 days.""",9.0,"October 20, 2011",35
77615,Cephalexin,skin or soft tissue infection,"""got 500mg of keflex prescribed to me for alleged infected spider bites. day one i felt ok, had to go to the bathroom a lot but otherwise my stomach wasn't too bad. by night two i was on the verge of going to the er. my stomach felt like it was eating itself, my bp/pulse through the roof, every muscle in my body was spasming and i was in full freak out mode. stopped taking it after that. it's been four days since i took it and i'm still sick. dizzy, can't eat, feel crappy and weak. doc said the antibiotics made me sick and that i had to be on the brat  diet (bananas, rice, applesauce, and toast) for a week. fun!""",1.0,"October 31, 2017",0
116979,Lamictal,bipolar disorde,"""thought i was going okay. feeling the best i had in awhile. but, what it has done now is destroy my self confidence. i have no word retrieval, memory black spots. i value my intelligence, it sometimes feels like all i have left.""",5.0,"August 10, 2011",34
77426,Prolia,osteoporosis,"""58 years old. had the prolia injection for newly diagnosed osteoporosis 3 months ago.  experienced flu-like symptoms for 2 weeks; muscle aches, constant burping, loose stools, extreme fatigue in thigh muscles.  the manufacturer side effects list included depression.  i wouldn't classify it as that, but, i definitely felt very exasperated for a couple of weeks, and, just not my usual cheery self.  then it all went away.  i have no symptoms now & i don't know if it's helped my disease or not.""",5.0,"September 21, 2016",92
46892,Xenical,obesity,"""i've been taking this for about four days now but haven't changed my diet much. i really don't advise doing this, as i literally just shat myself. but i'm not absorbing as much fat as i would through my diet (which is about to change!) so successful so far :)""",9.0,"August 31, 2015",42
148144,Norethindrone,birth control,"""all the other reviews make this pill sound horrid. i have been on this pill for two years. let me tell you, the first few months of taking this pill is hell. complete hell. i had a period every other week, i broke out, i gained weight, i had mood swings. i talked to my doctor too switch but he insisted i stay on it. and i did. months went by and the side effects went away. my period just kinda comes and go's when it wants. but other than that its fantastic. i take it everyday at the the same time. stick with it and all will be fine :)""",10.0,"July 8, 2015",17
17633,Ethinyl estradiol / etonogestrel,birth control,"""this is my second month on it and i love it so far. i read the side effects and was scared to be moody or have a low sex drive.  i experienced none of that so far. i already get migraines and have acne but i do notice i don't get migraines as often now. i did have some bleeding at the end of the third week that lasted about 5 days. i read the information pamphlet and i guess that was normal. but there's no bleeding now that i'm on my second ring. it's not noticeable for my lover and i during sex but you can take it out if it is and put it back after 3 hours. read the pamphlet front to back before first use until you're confident. also, refer to it when you have any questions.""",9.0,"February 19, 2016",10
177665,Duloxetine,generalized anxiety disorde,"""my personal journey with cymbalta so far is a positive one. severe anxiety/depression has been present in my life for approximately four years and i've found that cymbalta has immensely suppressed my anxious symptoms. through my experience, cymbalta took on its full effect about 3 weeks in. i am beginning to enjoy life again! i highly recommend this medication to others, especially if immense anxiety is a part of your life. i am most impressed with this medications ability to deplete anxiety! good luck! i hope the best for anyone struggling with these miserable conditions.""",10.0,"April 14, 2015",108
190081,Desipramine,depression,"""i have spent years going through one anti-depressant after another.  i even did ect treatments and nothing worked.  my psychiatrist then put me on desipramine and i have never looked back.  i have energy, i can concentrate, get out of bed, and function for the first time in years.  i've been taking it for 6 months now and have not had to increase the dosage, either.  it was truly a godsend.""",10.0,"January 21, 2014",99
91699,MetroGel-Vaginal,bacterial vaginitis,"""i've had bv off and on for almost 2 years now. i would use cleocin gel when it would come back but i think my body just got immune to it so about two weeks ago i tried metro gel. it went away but did give me a yeast infection. i used monistat one day and boom the bv came back. so i'm trying the metro gel again but just for a longer period of time in hopes it does the job this time. doesn't give me any side effects which is something i stressed before taking it.""",5.0,"August 16, 2015",15
108752,Nexplanon,birth control,"""i absolutely love nexplanon. after just two months on it, i stopped having my period and haven't noticed any changes with my body. i haven't gained any weight, no cramping, and no worries about taking a pill at the same time everyday! i think it worked so well because i was on the pill for 3 years prior so my body is used to hormones and regular cycles. not that the pill was terrible but i am never going back!""",10.0,"August 21, 2017",15
133233,Tri-Sprintec,birth control,"""i've been reading some of these reviews, and felt the need to say that everyone will react differently. i have just completed my first week of this pill and haven't noticed anything too extreme. i just had some mild vaginal discomfort, but nothing bad at all. i was on my old birth control for just over a year, but switched pills because of breakthrough bleeding and cramps. from what i can tell, my mood or sex drive hasn't changed at all.""",7.0,"December 18, 2011",2
186695,Lisdexamfetamine,adhd,"""my grandson was diagnosed with adhd two years ago when he was 7. we started him in councelling and they recommended we try medication. i resisted not knowing much about adhd.  they tried him on a couple of different medicines (without success) before we tried vyvanse the first dose 30mg did show a vast improvement but it didn't last long. we increased the doses several times before reaching his current dose of 60mg.  like the others have stated he has loss of appetite and trouble going to sleep. they continually monitor his weight and take blood samples to make sure there is no harm to liver and kidneys. he still has occasional meltdowns which we have learned to recognize. in school he has gone from impulsive to compulsive but again it runs in spurts.""",9.0,"April 7, 2009",23
67466,Provera,abnormal uterine bleeding,"""i started taking provera january 7th because i had 3 different periods in the month of december, regular (change every 2-3 hrs), to light (barely noticed it (changed every 4-5 hrs), to extremely heavy with huge clots (literally changed everytime i stood up because there would be a gush of blood). i was told to take it for about 2 weeks and that i would have a period afterwards. i stopped bleeding but i got my period a couple of days before the 2 weeks were up. the side effects i've had are nausea (seriously sick to my stomach, the mere thought of food almost made me regurgitate), and my body was extremely sore and it made me tired. i still have pills and honestly not sure if i should still be taking it but i guess the pills work.""",5.0,"January 23, 2011",60
72499,Tramadol,back pain,"""i had scoliosis surgery about 30 yrs ago. was in an auto accident herniated cervical and lumbar discs. now fused t1-s1. lumbar fusion resulted in nerve damage with pain radiating through right leg to my toes. lyrica and neurontin didn't help. tramadol worked wonders. i take 2-50mg tabs and they get me moving. but they keep me up at  night the pain keeps me up all night too so i take temazepam for sleep. now i'm trying the extended release version at night hoping the lag time until they start working will allow me some sleep and i'll feel better when i wake up.""",8.0,"April 1, 2011",36
43325,Hydromorphone,chronic pain,"""i started taking exalgo in june 2011 for chronic kidney/flank pain. i started with 8mg once/day. increased to 12mg in march 2012. then increased to 16mg in july 2013. i call exalgo my miracle. i like taking the er pill rather than popping pills all day long. i've tried so many different opiates, but i much prefer dilaudid to all the others. i also take 4mg dilaudid (hydromorphone) as needed for breakthrough pain.  best of luck to anyone suffering from chronic pain, it's a terrible way to live, but exalgo definitely increased my quality of life, i hope it can do the same for you!""",10.0,"August 25, 2013",75
163175,Carac,keratosis,"""just finished my 4 week course of carac cream.  here is my advice.  moisturize, moisturize, moisturize! i went to rite-aide and purchased a large bottle of vitamin e and aloe gel moisturizer (nothing with alcohol, which will burn or oil, which is difficult to remove) as well as a bottle of baby wash (you know, ""no more tears""). only wash your affected area (mine was face and scalp) with the baby wash (doesn't dry out skin) and once the carac has been applied, wait about 1/2 hour and begin applying the moisturizer.  i used the moisturizer heavily 5 or 6 times per day.  it soaked right up and worked great.  felt like a light sun-burn with moderate peeling and when i was done and i healed up in a snap.""",10.0,"August 9, 2010",200
110534,Serax,anxiety,"""after 43 years of anxiety/panic disorder, serax has helped me have a life. dr's tried many other treatments until i ended up in icu with my heart enzymes elevated. theme 25 years ago dr started me on serax, which finally let me have a normal life.""",10.0,"June 23, 2017",19
230324,Meloxicam,osteoarthritis,"""i am 46 years old and have been battling arthritis for years. both knees, left foot and right elbow. after i started taking meloxicam (1 year now), i noticed a difference. in the past year i went back to playing flag football, ping pong and softball. i recently stopped taking meloxicam just to see what would happen. i noticed that right knee started to swell the day after i played flag football. my time frame was one week off the medication to back on it. i have played  over 30 games of flag football and countless games of pong without any pain as well as no elbow pain playing softball on meloxicam. i strongly suggest that you drink liquids and have a bite of food while taking this medicine. i do and have no side effects. thanks""",10.0,"February 11, 2014",68
16585,Ethinyl estradiol / norethindrone,birth control,"""i have tried every birth control pill out there...i was reluctant to try lolo
glad i did however! it's the only pill that didn't give me side effects and i could take in the morning. slight breakthrough bleeding every now and then for the first two months but other than that it's the best one yet!""",9.0,"November 23, 2015",5
20252,Macrobid,urinary tract infection,"""i have been on macrobid for 3 days now. i feel so nauseated. i'm so tired and i can't eat or drink anything, except for a little water, without getting sick. it gives me a horrible headache and i feel so weak. i am also allergic to sulfa medications (bactrim) so the doctor gave me this. """,3.0,"January 18, 2012",39
129792,Levonorgestrel,abnormal uterine bleeding,"""i had my mirena inserted 7 weeks ago. my doc first tried inserting it in her office. after several painful tries including using dilitation tools, she gave up. i have 3 children and one was a home birth with no meds. i would rather give birth then do that again!!! it was nasty. i cramped and bled for many days after.
i had it inserted several months later via surgery. i had less cramping and needed no pain meds after. a week later i started having painful cramping and 3 weeks of bleeding. the pain was so bad if i was in bed no one could touch it as it would start another cramp. 
last week, i got up at 3 am to go to the bathroom. on the way back i was hit with the worst pain ever. i went to the er, and it left after 20 min.""",2.0,"May 12, 2015",7
97548,Voltaren Gel,pain,"""i have suffered from rotator cuff pain along with mid back spasms radiating into the lower back. i've used lidocaine patches, pain management trigger point injections, and acupuncture. when my pa handed me 2 tubes of this gel, i didn't have much hope for it. within minutes of applying as directed, not only was my pain gone, but so was the muscle stiffness! i urge you to try it!""",10.0,"April 18, 2010",24
7306,Aluminum chloride hexahydrate,hyperhidrosis,"""hypercare is truly amazing. worked after the very first application for my 12 yr old daughter. we tried every deodorant including certain dry & all the clinical strength products which did not work at all - she would still come home from school soaking wet in her armpit area. i really did not want to have her injected with botox but was seriously going to check into it because of the damage the sweating was doing to her self esteem. hypercare did cause some irritation but my daughter says it is absolutely worth it - she is sooo happy and excited to be able to wear any color shirt now. i had no idea that it was that big of a problem for her because she didn't tell me because she was embarrassed about it. absolutely recommend this product !""",10.0,"October 28, 2009",65
101992,Silenor,insomnia,"""i had been on several medicines like ambien and lunesta. all of a sudden i needed a pill to sleep! not only that but i was a walking zombie the next day. mood swings were bad. my family became concerened. i switched to silenor, not as potent but it did the trick.""",9.0,"February 28, 2012",60
169576,Coricidin HBP Cold & Flu,cold symptoms,"""i recently had a bad cold. i was not aware that some over the counter cold medications can make my high blood pressure worse. this medicine worked great and i did not have to worry about my high blood pressure.""",9.0,"November 19, 2014",14
219911,Amitriptyline,anxiety and stress,"""nothing has worked for me for anxiety, depression, or insomnia. add this to the list. i wish i could find something that works. my doc put me on 50mg of this in the morning and before bed, along with 1 & 1/2 1.5mg klonipin 3x a day and 2mg xanax as needed. i was also given lexapro for depression. it didn't help at all. caused sleeplessness, restlessness, worsened insomnia, weight gain and bloating, ed, and gynocemastia. not sure which meds caused which, but i was also on nexium, water pills, and lisinipril. got off all meds as fast as i could and am still suffering from stage 2 hypertension, depression, anxiety, sad, insomnia, and gerd without meds. life is rough, but at least i'm not dealing with side effects.""",1.0,"November 11, 2016",12
166689,Levonorgestrel,emergency contraception,"""so, like a lot of people, i made a mistake and then ended up reading through these reviews hoping for some sort of reassurance.  after deciding to take the pill i promised myself if it worked i would write a review (which i never do).  after taking the pill i had no side effects at all.  maybe my face broke out a little bit?  but anyways, i'm not pregant and that's what matters.  the pill works.  everything's going to be okay.""",10.0,"September 11, 2016",35
125956,Viibryd,depression,"""i have bpd, anxiety disorder, and agoraphobia.  this medicine didn't do much for me.  i got all of the side effects but none of the relief.  i am only giving it a mid-line rating because i can't seem to tell if the medicine didn't help or if i am just more depressed/stressed lately.""",5.0,"February 20, 2015",27
102364,Clindamycin / tretinoin,acne,"""i have nodule like hormonal acne only on my chin that started when i was around 21. i've tried a lot of medications and it seemed a short course of antibiotics or birth control were the only things that seemed to help. in october 2014 it got very inflamed and painful so i saw a dermatologist.  she put me on solodyn (antibiotic) for 3 months only and then ziana gel. i will be honest, ziana definitely makes your skin worse before it starts to make it better. the drying i experienced was minimal but it truly made my skin 'purge' like i had read it would. it got so bad and red that i wanted to cry and curse ziana, however, after about 2.5 months it started to get better with no more breakouts. just be patient!!""",7.0,"February 2, 2015",15
11001,Welchol,"diarrhea, chronic","""this works for diarrhea after gall bladder removal.  i am so thankful for those of you who wrote comments, it spurred me to ask my doctor for a prescription.  all i take is two pills with breakfast a day, sometimes only one pill.  there are no side effects, and it has relieved my sometimes 5 times a day bathroom runs and given me my normal life back!""",10.0,"October 28, 2009",92
98008,Leuprolide,endometriosis,"""i am on my 2nd shot of lupron and i am not liking the new me. everyone says after the first 6 weeks it gets better. i don't know if i can take anymore or if anyone else can take my mood swings. i am very hormonal, frustrated all the time and mad about everything. my job and family are suffering. the hot flashes are constant i am miserable. i don't think i will continue with the other shots.""",2.0,"March 26, 2009",43
98832,Nexplanon,birth control,"""i had nexplanon inserted 3 months ago. i've since had it removed and went back to the pill. to start, i had spotting for 3 wks and then it stopped. however, sex caused the spotting to return for wks. spotting was the least of my worries as far as side effects. this implant caused great turmoil in my life - mental and physical. in 1 month, i felt irritable and anxious.  the highs/lows of my mood swings left me feeling like i was losing my mind. insomnia kicked in and signs of depression emerged. i had no motivation or energy. i'm a runner and 2 months after insertion, i began experiencing headaches after a workout. i relied on advil and sleep aides to deal. i had my doc take it out after 3 months. my life is back to normal now!""",3.0,"March 9, 2013",11
133061,Loestrin 24 Fe,0</span> users found this comment helpful.,"""this is a great pill if you want to significantly shorten your period, but not so great if you want clear skin or minimal pms symptoms. the acne is ridiculous, and in my experience, it made me break out all throughout the month, not just around the time of my period. the mood swings were extremely noticeable. my boyfriend and i have never fought as much as when i was on this pill. 
 """,4.0,"March 30, 2012",0
148557,Mirena,abnormal uterine bleeding,"""i have had the mirena inserted now for a little over 2 years. it was suggested to me by my doctor for excessive bleeding and needing iron injections every 3 months. i was 40 when my periods became excessively heavy to the point of being unable to leave the house due to having to change every 30 minutes! i also started to regularly get migraines where i would be bed ridden for 3 days with a bucket in a dark room, not the best situation when you have 2 children under 2! the mirena has not only lightened my periods beyond belief but i have not had a migraine for 2 years!! i have my life back and it can only be the mirena. i was 49 when i had it inserted, wish i'd done it sooner!""",10.0,"January 14, 2017",23
129702,Levonorgestrel,birth control,"""ladies do not do what i did and read all these reviews and freak yourself out! when i got my iud placed they gave me a pill to help open up my cervix so it would be less painful. i was so terrified to get it done due to the horrifying reviews. i finally got up the courage to finally have the doctor do it. ladies it was nothing! they put the clamp on my cervix which didn't feel great but it wasn't ungodly painful. the actual insertion took like 30 seconds and then it was done. i felt a cramp but not worse than the ones i get before i'm about to start. after it was done i had mild cramping for an hour then nothing. i also had no spotting at all. please remember pain is subjective and don't let a terrible review stop you from getting it.""",10.0,"June 14, 2015",24
47597,Tapentadol,pain,"""1st 4 days were great, no pain and no lethargy.  day 5 began with stomach upset and hot flashes.  day 6 brought anxiety ending in severe depression and psychotic break.  all resolved after cessation in 24 hours.  """,1.0,"March 8, 2013",61
218509,Tri-Sprintec,birth control,"""i was previously using ortho-tricyclen (which i thought was great) before being switched to tri-sprintec in january. i have no idea if my symptoms are because of tri-sprintec. and what i have to share is much longer for me to type, so i'm probably better off having conversations to confirm my theory or doing more research.

all i can say is that for weeks, i've been waking up to excruciating pain every night in my back, chest, and stomach. it goes on for hours until i pass out from exhaustion as soon as it's over. what i've been feeling since early february has taken a toll on my body and my emotions.

some reviews say there's a feeling of dread, which is definitely relatable. i've had enough and i'm scared to fall asleep now because i know""",2.0,"March 21, 2017",3
148430,Mirena,birth control,"""all these awful reviews. i thought i'd share my positive experience. after lots of reading i decided to go with the mirena iud. i was two months post baby when i hard it inserted, for me i felt the speculum was more uncomfortable (10 weeks post baby) then the actual insertion. i didn't have any dizziness, i bleed for a couple days (but it was no more then a period), i also didn't need to take any pain meds, i have no weight gain or change in my skin. since my period hadn't come back at that point i only had the couple days of bleeding. i'm 2 years into having my iud and i haven't had a period to date. i still feel like i get pms from time to time and i've have had some lite bleeding on occasion. but it's been a great form of birth control.""",9.0,"August 10, 2017",9
221532,Makena,premature lab,"""i'm i gave birth to my daughter at 34 weeks for completely unknown reasons. the drs where so set on me agreeing to take makena that when i asked about possible side effects i was told their really aren't side effects. i was scheduled for a shot today but am completely refusing to allow my drs to continue with this treatment. the side effects are  terrible! the shots are painful and you'll be tender for days. i also had a ton of fatigue while taking them, but the worst is the moodiness and depression. after just a few short weeks of taking makena my emotional state has become so poor that it is safer and healthier for both myself and my baby to not continue makena.

i would recommend for expecting mothers to steer clear of makena.""",1.0,"August 1, 2017",11
74449,Ethinyl estradiol / norethindrone,birth control,"""i have been on loestrin for about a week. the only side effects i've had have been irritability/mood swings and anxiety after taking the pill. i also noticed an increase in sexual desire, but less of an ability to obtain orgasms.  in addition, just mild headaches. however, i'm ecstatic that i have not experienced any bloating or weight gain the first few days of taking the pill. when on yaz and yasmin i experienced that immediately almost with an addition of 8 lbs weight gain. i've been able to actually lose weight in the last week and my desire to exercise still exists. on yaz/yasmin i was so relaxed - which was great. however, i felt more lazy and was not as motivated to exercise. so far, i would choose loestrin over all!""",9.0,"May 10, 2010",3
217066,Oxcarbazepine,trigeminal neuralgia,"""i have been on this drug for 7 years. it is the only medication that works for the intense pain. i am on a very strong dose. 1200 mg 3 x daily and even taking this dose i still have some break through pain (spring and fall). the only side effect i dont like is getting tired. however, i would rather that than the pain.""",10.0,"July 31, 2013",60
52684,Doryx,urinary tract infection,"""took a ten day dosage for urethritis (similar to uti) and it did not cure it - though some symptoms went away. my friend also had it, though, and it worked fine for him.  i recently changed to ciprofloxacin, so hopefully that will have better results.""",4.0,"October 15, 2009",43
141358,Escitalopram,generalized anxiety disorde,"""over the summer, i experienced my first panic attack leading to a string of additional panic attacks that followed. subsequently, i was so overly focused on all the tics and aspects of my body, i was unable to focus or leave the house. i was getting panic attacks nearly on the daily, and had a terrible experience with the medication viibryd, which gave me serotonin syndrome and left me awake for five straight days. 

lexapro gave me my life back. it took about 4 weeks to start to really help, and 2 months to work in full strength. it allowed me for the first time in years to truly be happy, and deal with the problems of life. 

for those of you who just started this medicine, give it a chance because the side effects at first are very tough.""",9.0,"October 26, 2014",88
99564,Magnesium sulfate / potassium sulfate / sodium sulfate,bowel preparation,"""i read all sorts of horror stories and i was terrified of this medicine and what to expect. 1) the taste didn't bother me whatsoever. i've had cough syrup that tasted so much worse. it tastes like salty cherries, and i had no problems drinking it. it was almost pleasant. i chilled it prior to drinking and drank it like a beverage (mixed with water). 2) i experienced no nausea, no headaches, no cramping, none of the horrible side effects i read about. just a faucet butt about 15 minutes after i drank the dose that lasted intermittently for an hour. really not that bad. the anxiety was so much worse and really, there was nothing to stress about.""",10.0,"July 10, 2017",21
151711,Chantix,smoking cessation,"""i loved smoking and tried several times to go cold turkey and failed miserably. and i tried chantix twice before it actually worked. the first two times i was given just the starter packet because i was having surgery and i smoked right through those. the third time i was given the full regiment and by the beginning of the third packet i no longer had a craving to smoke. and get this my friends my pardner is a heavy smoker and still i don't feel the cravings. of course we never have smoked in the house which is a blessing ( i don't have smokey walls and windows to clean). and i was a two to three pack a day smoker. it's been a year and i can honestly say i'm a non-smoker. thank you chantix!""",10.0,"March 12, 2015",6
207665,Suprep Bowel Prep Kit,bowel preparation,"""suprep bowel prep kit (sodium sulfate, potassium sulfate and magnesium sulfate)

taken prior to first colonoscopy in two doses: 1st. at 4:00pm, the second at midnight, for colonoscopy scheduled for the following morning at 9:00am.  poured the first bottle into the provided mixing cup, smelled like cherry flavoring.  after mixing with water to the 16oz mark, i began drinking with a straw.  it tasted like a cherry-flavored sport drink with extra salt.  not bad, so at that point i just chugged the entire cup.  had the first bm about 40 min later, with watery stool on and off for the next two hours.  second dose worked twice as fast. i experienced no side effects other than the intended result. site advises complications are <2%.""",10.0,"May 4, 2016",22
7719,Xanax,panic disorde,"""this medicine (xanax) works effectively and quickly to resolve anxiety and panic attacks.  however, i found that after i went on the antidepressant pristiq, the xanax made me fall asleep.  i had to switch off of the xanax as it was too sedating.  at this point, i have another benzodiazepine that i can use if i have to but pristiq has been keeping most of my panic attacks away.  """,9.0,"July 13, 2013",21
177230,Duloxetine,depression,"""this drug has changed my life. before taking cymbalta i was depressed, anxious and borderline suicidal. within a few weeks of my first dose (60mg) i noticed that i was more outgoing, friendly and that my mood has significantly improved. although i experience some sexual side effects, the drug has been incredible on the whole. i'd highly recommend it.""",9.0,"June 21, 2017",42
160924,Risperidone,bipolar disorde,"""this is the best medicine for sleep and having no manic problems. but i was 98 pounds (super tiny) now 203lb from risperdal. what is the point of being on something if it works for biploar but makes you obese?""",5.0,"July 12, 2017",9
10646,Spironolactone,high blood pressure,"""this medicine did lower my blood pressure but after being on it for about 2 months, i began to have trouble urinating. at first i thought i was getting a bladder infection but the symptoms would come and go. mainly occurring right after i took the pill. i decided to stop taking it for a while to see if the symptoms went away and they did. i also had swelling of my hands and i gained 5 pounds. """,1.0,"April 7, 2011",89
51836,Ustekinumab,psoriasis,"""28 year old male.. been on stelara for 2.5 months went from 70% covered to almost 0% it had worked amazingly... just a question does any pay know how long it takes to start seeing some of the red go away that was in the really bad spots? thanks all and good luck""",9.0,"October 20, 2015",30
116895,Lamictal,bipolar disorde,"""this is the first medicine that has helped my 14 year old daughter. she has tried prozac, zoloft, vyvanse, pristiq and some help from wellbutrin. she has not been accurately diagnosed. many different professionals have suggested dysthymia, anxiety, adhd, borderline personality disorder, mdd and bipolar ii. she has been hospitalized 3 times. the last time she got out of the hospital, i asked if we could try a mood stabilizer. lamictal was the doctors first choice. we slowly titrated up to 200 (it took 3 months), but it was well worth the wait. no side affects. no more roller coaster rides. most importantly, my daughter has an understanding of what can trigger her moods and has the clarity to learn more about herself.""",10.0,"February 17, 2014",152
178255,Duloxetine,anxiety,"""being 32 and having cancer four times, i realized that i had a serious anxiety disorder. i did not believe in a ""pill"" but eventually, i realized that something had to change. i tried welbutrin for a while, which made me feel bipolar and then i switched to lexapro for several years. the problem with lexapro was that i didn't feel anything good or bad. i know that you might think that's a blessing, but it's truly not. after gaining over 20 pounds, my doctor suggested that i switch to cymbalta, which i was very nervous about, but i knew something had to change. i have been on cymbalta for 3 months now and it is working. i think the worst part is the constipation! i also have broken out in several rashes on my face while ""drinking.""""",9.0,"July 21, 2010",16
58854,Zutripro,cough and nasal congestion,"""i echo what everyone else here has said. this is probably the most effect cough med i have ever used. not to mention congestion relief. i just wish i could find an over the counter med that worked as well as this one does.""",10.0,"November 26, 2015",1
113407,Bisacodyl,constipation,"""this is a quick and effective laxative to relieve constipation however alternatives should be considered first. magnesium syrup is always a good try, senna, speak to your pharmacist about the best things to take they are always helpful. i only take 1 tablet and it takes effect within a few hours, server cramping, nausea, sweating, diarrhoea,have felt like i may pass out, but these effects only last about an hour for myself. therefore i think this should be kept for a last result!""",10.0,"January 3, 2015",18
114200,Fiorinal,headache,"""i have had headaches since i was 13. i wake up with a headache and go to bed with a headache. i have been taking fiorinal for approximately 25 years.  it not only works on my migraines but also tension headaches.  my doctor is very hesitant about prescribing this medication for fear of addiction but  i know how to control how often and how much i take. i've tried many other prescription and over the counter medicines and fiorinal is the only medicine that will get rid of my headaches with no side effects so i can function. it's very effective and should never be taken off the market or classified as a controlled substance.""",10.0,"September 22, 2014",31
110343,Nexplanon,birth control,"""i had implanon for three years prior to this nexplanon. i had no issues with implanon at all. i was period free for three years with no side effects. now the problem with nexplanon: i have horrible cramping and pain that lasts up to a week sometimes. it seems to be every other week now. it interferes with work and my home life as we all know pain can make us miserable and cranky. i went to the doctor she said it was this and just my normal period (minus bleeding) i've had periods for over 15 years and never had periods this painful! the pain is so bad that regular over the counter pain killers don't touch it and i refuse to take anything stronger. the health risks from over the counter pain killers are bad enough. my only option? removal""",1.0,"February 11, 2016",0
229419,Lurasidone,bipolar disorde,"""i started latuda 20mg 5 months ago with no results until a few weeks later, increasing dosage to 40mg. felt pretty good, the depression & anxiety improved, but still not ""balanced"". 6 weeks ago, i increased my dosage of wellbutrin from 150mg to 300mg and finally felt really good for a change! 
but now the past 3-4 wks, i feel i am in hypermania, as all the signs are there... i'm talking fast and a lot, making purchases online, which i don't normally do, and sleep is sketchy! 
since i, like most, prefer mania over all other moods, i haven't contacted my therapist yet, because i know more changes to medications is imminent, before i crash and go into deep depression. 
one last try with latuda, increasing the dosage to 80mg next week.""",9.0,"October 29, 2016",20
72426,Ethinyl estradiol / norethindrone,birth control,"""i've been in this bc since late aug. i sadly had to have with a medical abortion 4 1/2 months in due to health problems. i started another bc 7 days after my procedure, but i wanted to switch back to my old bc (lo lo) when i finished the 1st pack of the other bc. i've had periods and the only bc related side affect has been tender breasts, which has only started recently. i was nervous i may be pregnant again (i am still recovering from the damage and severe weight loss caused by the pregnancy), but she reassured me it is normal to not have periods. she said during the procedure, they scraped my uterus lining clean, so i started with no lining & the bc didn't have to break anything down. i have been emotional, but i'm happy w/ the progress""",9.0,"October 20, 2015",3
47908,Adapalene,acne,"""when i moved to a place with a really hot climate,i started having horrible acne.i never had any issues with my skin before and i was devastated, i was 28 and having skin problems .i tried every facial wash,creams and scrubs. nothing worked. finally decided to see a derma after 2 yrs of fighting acne. he prescribed clindamycin and differin. first weeks of using,my skin dried so badly. it was sore and sensitive esp around the eye area. gradually though, my face cleared. it also helped slowly lighten the dark spots from healed acne.i didn't have any of those initial breakouts but the change was really very gradual. it does work. just be patient. i'm now happy with my skin. tip:after washing,moisturize! then apply differin. goodluck :-)""",9.0,"April 10, 2015",63
66363,Valacyclovir,"herpes simplex, suppression","""so you find out you have herpes, now what? i've read so many stories on blogs and different websites about how people disclose the topic to potential partners and their fears. here's the deal guys, if you use valtrex and a condom, the chance of you giving the infection to the other person is less than 2% (assuming you aren't having an active outbreak). if a girl/guy has an issue with the fact and can't see you anymore because of it than good! it's better you find out they weren't that into you this way than 6 months and countless dates later. a cure is right around the corner if you follow the updates in the medical community so hang tough and forget the stigma!""",10.0,"May 8, 2015",219
176967,Adalimumab,crohn's disease,"""i've had crohn's for about 6 years (age 25) and only 1 surgery so far. i started humira about 7 months ago and was so happy with how well it worked & how affordable! i went from probably my worst flare up ever to feeling 100% every day. however, i have been experiencing the most random side effects from it. i'm seeing multiple different doctors right now for many different things and still don't know if anything is actually wrong, but it sure feels like something isn't right. 

some of the side effects i've experienced: severe skin rash on chest and back, sudden urge to urinate all the time, fatigue, headaches, muscle soreness, arms and legs easily going numb, and sweating a lot..there's more but i'll spare you.""",5.0,"April 27, 2017",5
67870,Plan B,emergency contraception,"""was terrified after reading all the negative reviews. have had to take plan b twice in the last 4 months as was unsure if boyfriend pulled out in time. have not experienced any major side effect, only mild nausea for first 2 days of taking the pill and very slight bloating (which was more in psychological than real i think). both times i've had a normal period and within 2 days of the due date. getting onto birth control pills now to avoid such emergency pills in future.

posting this only so that there is some positive assurance too. for people like me who were absolutely paranoid of all that i'd read earlier.""",10.0,"August 18, 2016",2
175816,Levaquin,sinusitis,"""well it did the job, and then some.  it cleared up my sinus infection, plus i had the lovely experience of having severe acne on my back from the drug.  i never break-out.  then, a week after i stopped the 10 -day medication, i have a uti, and vaginal bleeding (in between periods). i think it is insane that medication for a simple sinus infection can leave to several other complications.""",1.0,"April 30, 2015",26
126097,Viibryd,depression,"""day 18 and i am still using the 20mg pills. no nausea and i have had 4 lucid dreams but not nightmares. still do not think 20mg is enough. will be talking to my doctor about going to 40mg. other than that no issues.""",6.0,"February 4, 2013",28
133200,Tri-Sprintec,birth control,"""as far as birth control, it is an extremely effective contraceptive pill! never got any severe side effects; some nausea the first week, but that's about it. also, my periods are about the same flow wise, but very little cramping, about 4 days long instead of 5. i used to have awful skin, and now it is clear! the only thing that happened when i went on this medication that may be displeasing to others is that i gained about 30 pounds. my varying weight before was 106-110, and now i am between 130-136lbs.""",10.0,"March 7, 2013",18
109079,Nexplanon,birth control,"""i decided to get the nexplanon inserted because condoms weren't convenient. the insertion was amazingly so simple and quick! the numbing agent was just a small pinch, very easy and then my provider inserted the implant with a thing i saw only briefly as i looked away. be aware before getting this that if you have a lot of migraines or headaches all the time, the nexplanon may make them worse! i very very rarely get headaches but a few days in i was getting some headaches but it was fine after an hour. i have not had my period yet, hoping it will stay the same at least, as for the mood swings...every little thing has been getting on my nerves and i have started crying for no reason 3 times already. i will update in a few months""",8.0,"April 12, 2017",8
48833,Ethinyl estradiol / levonorgestrel,birth control,"""this birth control was great for me. i went from an a cup to a d cup on it though. no weight gain etc. it was pretty easy on my emotions and i wish i could find it again now.""",10.0,"January 20, 2017",2
51655,Azithromycin,chlamydia infection,"""first time ever having chlamydia my doc sent script for two pill treatment took last night on full stomach has had diarrhea every since a good 2 hours after i took the pills..on the toilet currently really can't tell if there's a change or not i had no symptoms at all and i am like 11 weeks pregnant so maybe this has something too do with me having poop problems""",1.0,"March 20, 2016",3
12339,Atripla,hiv infection,"""i have been hiv+ since 1988. refused treatment till 1996 because i felt fine - but i abstained from penetrative sex. in 1996 i started treatment as my cd4 and viral load were bad!!! fortunately i responded well to all meds over the years. have been on atripla for over 7 years now. works well for me - cd4 always above 800 and vl undetectable. i take it at night because of the dizziness it causes for first few hours. my only problem now is lipodystrophy - excessive fat in abdomen area despite healthy eating and dieting. struggling to keep weight between 180 - 190. would love to get down to 170. i exercise daily too! docs don't want to change my meds as i am responding well to it. no other side effects for me.""",9.0,"September 3, 2015",12
194965,Levetiracetam,epilepsy,"""i have been a epileptic for 16 years, and this is the best medication i have ever taken. i have no side effects and i was able to have my son on this medication.""",10.0,"October 11, 2011",26
31405,Miconazole,vaginal yeast infection,"""i am so thankful i googled ""monistat itching"" because i thought i was going crazy. i've used monistat years ago and got a little itching and burning then, but nothing compared to this. i put on the monistat 7 externally and within minutes the torture began. if there is a hell, i'm pretty sure the seventh circle involves having your genitals itch and burn like this. it's definitely worse than the yi itself. god help us all.""",1.0,"June 27, 2016",12
